6th of october city	EG	29.817	31.05
a coruna	ES	43.371	-8.396
aachen	DE	50.777	6.083
aalborg	DK	57.048	9.919
aalen	DE	48.838	10.093
aalst	BE	50.936	4.035
aarsal	LB	34.179	36.421
aba	NG	5.107	7.367
abadan	IR	30.339	48.304
abadeh	IR	28.832	53.173
abaetetuba	BR	-1.718	-48.883
abakaliki	NG	6.325	8.114
abakan	RU	53.715	91.426
abancay	PE	-13.634	-72.884
abbotsford	CA	49.058	-122.253
abbottabad	PK	34.146	73.212
abdu rahiman nagar	IN	11.07	75.939
abeche	TD	13.829	20.832
abengourou	CI	6.73	-3.496
abeokuta	NG	7.156	3.345
abepura	ID	-2.596	140.632
aberdeen	GB	57.144	-2.098
aberdeen	HK	22.248	114.153
abha	SA	18.216	42.505
abhar	IR	36.147	49.218
abidjan	CI	5.354	-4.002
abiko	JP	35.867	140.017
abilene	US	32.449	-99.733
abington	US	40.121	-75.118
abnub	EG	27.269	31.152
abobo	CI	5.416	-4.016
abohar	IN	30.145	74.196
aboisso	CI	5.468	-3.207
abomey	BJ	7.183	1.991
abomey calavi	BJ	6.449	2.356
abovyan	AM	40.272	44.633
abreu e lima	BR	-7.912	-34.903
abu  arish	SA	16.969	42.833
abu al kahsib	IQ	30.443	47.878
abu al matamir	EG	30.91	30.174
abu an numrus	EG	29.95	31.2
abu dhabi	AE	24.451	54.397
abu gharaq	IQ	32.527	44.344
abu ghurayb	IQ	33.306	44.185
abu hammad	EG	30.538	31.679
abu hummus	EG	31.093	30.314
abu jibeha	SD	11.456	31.229
abu kabir	EG	30.725	31.671
abu qurqas	EG	27.93	30.838
abu road	IN	24.48	72.782
abu tij	EG	27.045	31.318
abuja	NG	9.058	7.495
abyek	IR	36.04	50.531
acacias	CO	3.987	-73.758
acailandia	BR	-4.947	-47.505
acambaro	MX	20.032	-100.724
acapulco de juarez	MX	16.849	-99.909
acara	BR	-1.961	-48.197
acarau	BR	-2.886	-40.12
acarigua	VE	9.555	-69.196
acayucan	MX	17.95	-94.914
accra	GH	5.556	-0.197
acerra	IT	40.945	14.371
achaguas	VE	7.779	-68.224
achalpur	IN	21.257	77.51
acharnes	GR	38.083	23.733
acheng	CN	45.546	126.952
achinsk	RU	56.268	90.501
acilia castel fusano ostia antica	IT	41.763	12.331
acireale	IT	37.609	15.166
acopiara	BR	-6.095	-39.453
acre	IL	32.928	35.076
acton	GB	51.509	-0.276
acu	BR	-5.577	-36.909
ad damazin	SD	11.789	34.359
ad damir	SD	17.599	33.972
ad darwa	MA	33.375	-7.536
ad dawadimi	SA	24.508	44.392
ad dawahy	EG	31.244	32.277
ad dilinjat	EG	30.828	30.536
ad dir iyah	SA	24.752	46.539
ad douiem	SD	14.001	32.312
adachi	JP	35.763	139.808
adana	TR	36.986	35.325
adapazari	TR	40.781	30.403
adapazarı	TR	40.781	30.403
addis ababa	ET	9.025	38.747
adeje	ES	28.123	-16.726
adelaide	AU	-34.929	138.599
adelaide hills	AU	-34.911	138.707
aden	YE	12.78	45.039
adenta	GH	5.714	-0.154
adet	ET	11.267	37.483
adigrat	ET	14.277	39.462
adilabad	IN	19.672	78.536
adilcevaz	TR	38.799	42.732
adiwerna	ID	-6.938	109.132
adiyaman	TR	37.764	38.276
adler	RU	43.429	39.924
admiralteisky	RU	59.923	30.3
ado ekiti	NG	7.623	5.221
adoni	IN	15.628	77.275
adrar	DZ	27.874	-0.294
adwa	ET	14.163	38.899
adzope	CI	6.107	-3.862
adıyaman	TR	37.764	38.276
affery	CI	6.32	-3.952
afgooye	SO	2.138	45.121
afif	SA	23.907	42.917
afikpo	NG	5.893	7.935
aflao	GH	6.12	1.19
aflou	DZ	34.113	2.102
afogados da ingazeira	BR	-7.751	-37.639
afragola	IT	40.923	14.309
afrin	SY	36.512	36.87
afula	IL	32.609	35.289
afyonkarahisar	TR	38.757	30.543
aga	EG	30.942	31.29
agadez	NE	16.973	7.991
agadir	MA	30.42	-9.598
agano	JP	37.836	139.223
agaro	ET	7.85	36.65
agartala	IN	23.836	91.279
agbor	NG	6.254	6.194
agboville	CI	5.928	-4.213
agege	NG	6.616	3.333
ageo	JP	35.971	139.614
aghjabadi	AZ	40.05	47.459
agia paraskevi	GR	38.017	23.833
agios dimitrios	GR	37.933	23.733
agnibilekrou	CI	7.131	-3.204
agogo	GH	6.8	-1.082
agra	IN	27.183	78.017
agri	TR	39.715	43.04
agrinio	GR	38.621	21.408
agrı	TR	39.715	43.04
agua prieta	MX	31.322	-109.543
agua rasa	BR	-23.567	-46.572
aguachica	CO	8.308	-73.617
aguas belas	BR	-9.111	-37.123
aguas claras	BR	-15.84	-48.027
aguas lindas de goias	BR	-15.762	-48.282
aguascalientes	MX	21.883	-102.284
agulu	NG	6.1	7.061
agustin codazzi	CO	10.037	-73.236
ahar	IR	38.477	47.07
ahilyanagar	IN	19.095	74.738
ahlat	TR	38.749	42.48
ahlen	DE	51.763	7.889
ahlone	MM	16.789	96.126
ahmadpur	IN	18.706	76.937
ahmadpur east	PK	29.143	71.258
ahmedabad	IN	23.026	72.587
ahu	CN	34.377	118.603
ahuntsic cartierville	CA	45.567	-73.667
ahvaz	IR	31.319	48.684
ahwatukee foothills	US	33.342	-111.984
aibak	AF	36.265	68.016
aigaleo	GR	37.983	23.683
aihara	JP	35.6	139.317
aihui	CN	49.979	127.481
ain beida	DZ	35.796	7.393
ain defla	DZ	36.264	1.968
ain el aouda	MA	33.803	-6.795
ain fakroun	DZ	35.971	6.874
ain harrouda	MA	33.637	-7.45
ain m lila	DZ	36.037	6.572
ain oulmene	DZ	35.923	5.296
ain oussera	DZ	35.451	2.906
ain sefra	DZ	32.75	-0.583
ain sukhna	EG	29.6	32.317
ain temouchent	DZ	35.297	-1.14
ain touta	DZ	35.377	5.9
aira	JP	31.774	130.592
airdrie	CA	51.3	-114.035
airoli	IN	19.151	72.996
aisai	JP	35.163	136.732
ait melloul	MA	30.342	-9.504
ait ourir	MA	31.565	-7.662
aix en provence	FR	43.528	5.45
aizawl	IN	23.729	92.718
aizu wakamatsu	JP	37.491	139.945
ajaccio	FR	41.919	8.738
ajapnyak	AM	40.199	44.471
ajax	CA	43.85	-79.033
ajdabiya	LY	30.755	20.226
ajegunle	NG	6.452	3.331
ajlun	JO	32.333	35.753
ajman	AE	25.402	55.479
ajmer	IN	26.452	74.639
akademgorodok	RU	54.852	83.106
akademicheskoe	RU	60.014	30.395
akaiwa	JP	34.81	134.022
akalkot	IN	17.525	76.206
akanda	GA	0.607	9.329
akashi	JP	34.655	135.007
akcaabat	TR	41.021	39.571
akcapinar	TR	38.947	38.942
akcapınar	TR	38.947	38.942
aketi	CD	2.739	23.783
akhisar	TR	38.919	27.84
akhmim	EG	26.562	31.746
akhtubinsk	RU	48.283	46.165
akihabara	JP	35.698	139.773
akim oda	GH	5.927	-0.986
akiruno	JP	35.729	139.232
akishima	JP	35.721	139.38
akita	JP	39.717	140.117
akividu	IN	16.582	81.381
akkarampalle	IN	13.65	79.42
akola	IN	20.71	76.998
akot	IN	21.096	77.059
akowonjo	NG	6.61	3.31
akra	IQ	36.734	43.88
akron	US	41.081	-81.519
aksaray	TR	38.373	34.025
aksehir	TR	38.358	31.416
aksu	KZ	52.04	76.927
aksum	ET	14.121	38.723
aktau	KZ	43.661	51.174
aktobe	KZ	50.28	57.207
aku	NG	6.709	7.318
akure	NG	7.253	5.193
al  amarah	IQ	31.836	47.145
al  ashir min ramadan	EG	30.296	31.746
al  ayn as sukhnah	EG	29.589	32.336
al  ayyat	EG	29.62	31.258
al  aziziyah	IQ	32.909	45.064
al  aziziyah	LY	32.532	13.018
al  ubur	EG	30.229	31.481
al aaroui	MA	35.011	-3.009
al ahmadi	KW	29.077	48.084
al ain city	AE	24.192	55.761
al ajaylat	LY	32.757	12.376
al bab	SY	36.371	37.516
al bada i  al wusta	SA	25.985	43.737
al badari	EG	26.993	31.416
al badrashayn	EG	29.85	31.267
al bahah	SA	20.013	41.468
al bajur	EG	30.43	31.037
al balyana	EG	26.236	32.004
al bayda	LY	32.763	21.755
al bukayriyah	SA	26.139	43.658
al buraymi	OM	24.251	55.793
al burj	EG	31.582	30.981
al diwaniyah	IQ	31.993	44.926
al fahahil	KW	29.082	48.13
al fallujah	IQ	33.349	43.786
al farwaniyah	KW	29.277	47.959
al fashn	EG	28.823	30.899
al faw	IQ	29.974	48.473
al fayyum	EG	29.31	30.842
al fqih ben calah	MA	32.502	-6.688
al ghanayim	EG	26.875	31.33
al hamdaniya	IQ	36.271	43.378
al hamul	EG	31.311	31.148
al harithah	IQ	30.585	47.761
al hasaheisa	SD	14.753	33.298
al hasakah	SY	36.502	40.748
al hawamidiyah	EG	29.9	31.25
al hayy	IQ	32.174	46.043
al hillah	IQ	32.464	44.42
al hindiyah	IQ	32.542	44.225
al hoceima	MA	35.252	-3.937
al hudaydah	YE	14.798	42.955
al hufuf	SA	25.365	49.588
al hurshah	LY	32.765	12.674
al husayniyah	EG	30.862	31.918
al ibrahimiyah	EG	30.719	31.563
al jadid	LY	27.05	14.4
al jammaliyah	EG	31.181	31.865
al jawf	LY	24.199	23.291
al jubayhah	JO	32.011	35.898
al jubayl	SA	27.017	49.623
al jumayl	LY	32.853	12.061
al junaynah	SD	13.453	22.447
al karama	AE	25.24	55.301
al khaburah	OM	23.971	57.093
al khafji	SA	28.439	48.491
al khankah	EG	30.21	31.368
al kharijah	EG	25.25	30.55
al kharj	SA	24.155	47.335
al kharjah	EG	25.451	30.547
al khums	LY	32.649	14.262
al khusus	EG	30.153	31.315
al kut	IQ	32.513	45.818
al lith	SA	20.148	40.272
al madinah	IQ	30.963	47.27
al mahallah al kubra	EG	30.971	31.167
al mahmudiyah	IQ	33.062	44.366
al majaz	AE	25.324	55.388
al manakh	EG	31.268	32.285
al manaqil	SD	14.246	32.989
al mansurah	EG	31.036	31.381
al mansurah	QA	25.268	51.532
al manzalah	EG	31.158	31.936
al maraghah	EG	26.7	31.605
al marj	LY	32.493	20.829
al matar al  atiq	QA	25.251	51.556
al matariyah	EG	31.183	32.031
al mawsil al jadidah	IQ	36.333	43.106
al mayadin	SY	35.02	40.452
al met yevsk	RU	54.904	52.318
al mijlad	SD	11.033	27.733
al minshah	EG	26.477	31.804
al miqdadiyah	IQ	33.979	44.937
al mubarraz	SA	25.408	49.59
al muharraq	BH	26.257	50.612
al musayab	IQ	32.779	44.29
al muteena	AE	25.274	55.323
al qa im	IQ	34.393	40.989
al qadarif	SD	14.035	35.383
al qahirah al jadidah	EG	30.042	31.444
al qamishli	SY	37.052	41.231
al qanatir al khayriyah	EG	30.193	31.137
al qanayat	EG	30.619	31.462
al qasim	IQ	32.298	44.683
al qatif	SA	26.565	50.009
al qurayn	EG	30.616	31.735
al qurnah	IQ	31.015	47.434
al qusais 1	AE	25.279	55.37
al qusayr	SY	34.508	36.58
al qusiyah	EG	27.44	30.817
al sajaah	AE	25.315	55.632
al shamkhah city	AE	24.393	54.708
al tabqa	SY	35.838	38.548
al warqaa	AE	25.193	55.42
al wasitah	EG	29.338	31.206
al yarmuk	SY	33.47	36.302
ala er	CN	40.542	81.266
alabel	PH	6.102	125.29
alafaya	US	28.564	-81.211
alaghsas	NE	17.019	8.017
alagoinhas	BR	-12.136	-38.419
alahabad	PK	30.877	74.055
alajuela	CR	10.017	-84.213
alamar	CU	23.158	-82.278
alamata	ET	12.416	39.56
alameda	US	37.771	-122.261
aland	IN	17.564	76.569
alandur	IN	13.002	80.206
alangad	IN	10.102	76.291
alanya	TR	36.544	32.0
alapayevsk	RU	57.85	61.694
alappuzha	IN	9.49	76.326
alasehir	TR	38.351	28.517
alasia	NG	6.475	3.169
alatyr	RU	54.842	46.581
alba iulia	RO	46.067	23.583
albacete	ES	38.994	-1.856
albany	US	42.653	-73.756
albany park	US	41.968	-87.723
alberton	ZA	-26.268	28.122
albi	FR	43.93	2.148
albstadt	DE	48.216	9.026
albu kamal	SY	34.452	40.919
albuquerque	US	35.084	-106.651
alcala de guadaira	ES	37.338	-5.84
alcala de henares	ES	40.482	-3.36
alcamo	IT	37.978	12.965
alcantarilla	ES	37.969	-1.217
alchevsk	UA	48.469	38.797
alcobendas	ES	40.547	-3.642
alcorcon	ES	40.346	-3.825
alcoy	ES	38.705	-0.474
aldershot	GB	51.248	-0.764
alegrete	BR	-29.783	-55.792
aleksandrov	RU	56.397	38.714
alekseyevka	RU	55.63	37.8
aleksin	RU	54.505	37.067
alemaya	ET	9.393	42.01
alengad	IN	10.119	76.302
alenquer	BR	-1.942	-54.738
aleppo	SY	36.201	37.161
ales	FR	44.125	4.081
alessandria	IT	44.909	8.61
alesund	NO	62.472	6.155
alexandra	ZA	-26.105	28.099
alexandria	EG	31.202	29.916
alexandria	RO	43.983	25.333
alexandria	US	38.805	-77.047
alexandroupoli	GR	40.85	25.876
aley	LB	33.805	35.6
alfenas	BR	-21.429	-45.947
algeciras	ES	36.133	-5.451
algiers	DZ	36.732	3.087
algorta	ES	43.349	-3.009
algueirao	PT	38.798	-9.344
alhambra	US	33.498	-112.134
ali abad e katul	IR	36.91	54.867
ali mendjeli	DZ	36.246	6.567
ali sabih	DJ	11.156	42.712
aliaga	TR	38.8	26.972
aliayabiagba	NG	6.45	3.333
alicante	ES	38.345	-0.481
alicia	PH	16.779	121.697
alief	US	29.711	-95.596
aligarh	IN	27.881	78.075
aligudarz	IR	33.404	49.692
alimos	GR	37.91	23.724
alimosho	NG	6.607	3.302
alipur duar	IN	26.483	89.523
aliso viejo	US	33.565	-117.727
aliwal north	ZA	-30.694	26.711
alkmaar	NL	52.632	4.749
allapattah	US	25.815	-80.224
allen	US	33.103	-96.671
allentown	US	40.608	-75.49
allinagaram	IN	10.027	77.478
almaty	KZ	43.252	76.912
almelo	NL	52.357	6.662
almenara	BR	-16.184	-40.694
almendares	CU	23.11	-82.423
almere stad	NL	52.37	5.214
almeria	ES	36.838	-2.46
almirante tamandare	BR	-25.325	-49.31
aloha	US	45.494	-122.867
alor setar	MY	6.121	100.36
alpharetta	US	34.075	-84.294
alphen aan den rijn	NL	52.129	4.655
alsdorf	DE	50.877	6.164
alsergrund	AT	48.223	16.355
alt hohenschoenhausen	DE	52.546	13.501
alt hohenschonhausen	DE	52.546	13.501
alta gracia	AR	-31.65	-64.43
altadena	US	34.19	-118.131
altagracia de orituco	VE	9.86	-66.381
altamira	BR	-3.203	-52.206
altamira	MX	22.393	-97.939
altamonte springs	US	28.661	-81.366
altamura	IT	40.827	16.55
altay	KZ	49.736	84.254
alto barinas	VE	8.593	-70.226
alto hospicio	CL	-20.269	-70.105
alto molocue	MZ	-15.636	37.688
altona	DE	53.55	9.933
altoona	US	40.519	-78.395
altos	BR	-5.038	-42.46
altrincham	GB	53.388	-2.348
altuf yevskiy	RU	55.883	37.583
aluche	ES	40.392	-3.757
alvand	IR	36.189	50.064
alvaro obregon	MX	19.359	-99.203
alvorada	BR	-30.0	-51.076
alwar	IN	27.562	76.625
alytus	LT	54.396	24.039
alzira	ES	39.15	-0.433
am timan	TD	11.043	20.283
ama	JP	35.183	136.8
amadeo	PH	14.171	120.924
amadora	PT	38.754	-9.231
amagasaki	JP	34.717	135.417
amagi	JP	33.418	130.654
amahai	ID	-3.34	128.92
amaigbo	NG	5.789	7.838
amakusa	JP	32.459	130.193
amalapuram	IN	16.579	82.006
amalner	IN	21.04	75.059
amami	JP	28.377	129.494
amancio	CU	20.829	-77.579
amanfrom	GH	5.535	-0.398
amangarh	PK	34.006	71.93
amarante do maranhao	BR	-5.567	-46.742
amarapura	MM	21.907	96.049
amaravati	IN	16.514	80.516
amarillo	US	35.222	-101.831
amasya	TR	40.653	35.833
amatitlan	GT	14.477	-90.635
ambah	IN	26.704	78.227
ambajogai	IN	18.733	76.386
ambala	IN	30.361	76.798
ambala sadar	IN	30.335	76.863
ambalangoda	LK	6.236	80.054
ambalantota	LK	6.12	81.021
ambalavao	MG	-21.833	46.933
ambanja	MG	-13.669	48.453
ambarawa	ID	-7.263	110.397
ambarnath	IN	19.2	73.167
ambato	EC	-1.249	-78.617
ambatondrazaka	MG	-17.833	48.417
ambattur	IN	13.098	80.162
amberg	DE	49.443	11.863
ambikapur	IN	23.119	83.195
ambilobe	MG	-13.2	49.05
amboasary	MG	-25.033	46.383
ambon	ID	-3.696	128.183
ambositra	MG	-20.53	47.243
ambovombe	MG	-25.178	46.087
ambur	IN	12.792	78.716
americana	BR	-22.739	-47.331
amersfoort	NL	52.155	5.388
ames	US	42.035	-93.62
amherst	US	42.978	-78.8
ami	JP	36.033	140.2
amiens	FR	49.9	2.3
amman	JO	31.955	35.945
amol	IR	36.47	52.351
amontada	BR	-3.362	-39.832
amora	PT	38.63	-9.116
amozoc de mota	MX	19.046	-98.045
ampang	MY	3.15	101.767
ampanihy	MG	-24.694	44.746
ampara	LK	7.298	81.682
amparo	BR	-22.701	-46.764
amran	YE	15.659	43.944
amravati	IN	20.933	77.75
amreli	IN	21.6	71.212
amritsar	IN	31.622	74.875
amroha	IN	28.903	78.47
amstelveen	NL	52.301	4.864
amsterdam	NL	52.374	4.89
amsterdam centrum	NL	52.374	4.899
amsterdam nieuw west	NL	52.356	4.806
amsterdam oost	NL	52.352	4.934
amsterdam west	NL	52.378	4.866
amsterdam zuid	NL	52.347	4.877
amsterdam zuidoost	NL	52.307	4.972
amuntai	ID	-2.418	115.249
amur	IN	18.793	78.277
amursk	RU	50.232	136.897
an hai	VN	16.067	108.233
an khe	VN	13.95	108.65
an nabk	SY	34.024	36.728
an najmah	QA	25.267	51.543
an nhon	VN	13.886	109.108
an nu maniyah	IQ	32.556	45.413
an nuhud	SD	12.7	28.433
anaco	VE	9.43	-64.464
anaheim	US	33.835	-117.915
anaiyur	IN	9.962	78.112
anakapalle	IN	17.691	83.004
anakaputhur	IN	12.983	80.126
anamur	TR	36.075	32.837
anan	JP	33.917	134.65
anand	IN	22.553	72.955
ananindeua	BR	-1.366	-48.372
anantapur	IN	14.678	77.608
anantnag	IN	33.731	75.154
anapa	RU	44.895	37.316
anapolis	BR	-16.327	-48.953
anbu	CN	23.449	116.681
ancaster	CA	43.218	-79.987
anchorage	US	61.218	-149.9
ancona	IT	43.607	13.51
ancud	CL	-41.871	-73.816
anda	CN	46.449	125.302
anderlecht	BE	50.836	4.315
anderson	US	40.105	-85.68
andijon	UZ	40.783	72.351
andimeshk	IR	32.462	48.354
andisheh	IR	35.747	51.277
andong	KR	36.566	128.723
andover	GB	51.211	-1.494
andradas	BR	-22.068	-46.569
andradina	BR	-20.896	-51.379
andria	IT	41.231	16.298
andulo	AO	-11.487	16.697
aneho	TG	6.228	1.592
anekal	IN	12.711	77.696
anfu	CN	29.359	105.467
ang mo kio new town	SG	1.38	103.84
angarsk	RU	52.56	103.914
angat	PH	14.928	121.03
angeles city	PH	15.15	120.583
angers	FR	47.472	-0.552
anglet	FR	43.489	-1.519
angoche	MZ	-16.233	39.909
angol	CL	-37.795	-72.716
angono	PH	14.527	121.154
angouleme	FR	45.65	0.153
angra dos reis	BR	-23.007	-44.318
angren	UZ	41.017	70.144
angul	IN	20.841	85.102
anguo	CN	34.831	116.819
angyalfoeld	HU	47.548	19.08
angyalfold	HU	47.548	19.08
anhanguera	BR	-23.431	-46.793
anjangaon	IN	21.165	77.309
anjar	IN	23.113	70.027
anjiang	CN	27.319	110.103
anjo	JP	34.958	137.081
anju	KP	39.618	125.665
ankang	CN	32.68	109.017
ankara	TR	39.92	32.854
ankeny	US	41.73	-93.606
ankleshwar	IN	21.632	72.99
anliu	CN	23.698	115.68
anlong	CN	25.1	105.517
anlong veaeng	KH	14.232	104.081
anlu	CN	31.258	113.678
ann	MM	19.795	94.048
ann arbor	US	42.278	-83.741
annaba	DZ	36.9	7.767
annaka	JP	36.33	138.896
annandale	US	38.83	-77.196
annapolis	US	38.979	-76.492
annecy	FR	45.909	6.126
anning	CN	24.923	102.485
anqing	CN	30.514	117.047
anqiu	CN	36.434	119.192
ansan si	KR	37.324	126.822
anseong	KR	37.011	127.27
anshan	CN	41.124	122.99
anshun	CN	26.25	105.933
antakalnis	LT	54.708	25.317
antakya	TR	36.207	36.157
antalaha	MG	-14.9	50.279
antalya	TR	36.908	30.696
antananarivo	MG	-18.914	47.536
antanifotsy	MG	-19.65	47.317
antelope	US	38.708	-121.33
antequera	ES	37.019	-4.561
antibes	FR	43.581	7.125
antigua guatemala	GT	14.556	-90.733
antioch	US	38.005	-121.806
antipolo	PH	14.626	121.123
antofagasta	CL	-23.651	-70.398
antony	FR	48.753	2.297
antratsyt	UA	48.116	39.089
antsalova	MG	-18.667	44.617
antsirabe	MG	-19.866	47.033
antsiranana	MG	-12.317	49.292
antsohihy	MG	-14.88	47.988
antu	CN	43.102	128.908
antwerp	BE	51.22	4.4
anuradhapura	LK	8.312	80.413
anusawari	TH	13.895	100.614
anwen	CN	29.06	120.438
anyama	CI	5.495	-4.052
anyang	CN	36.096	114.383
anyang si	KR	37.392	126.927
anyuan	CN	34.881	105.276
anzhero sudzhensk	RU	56.076	86.024
anzio	IT	41.453	12.622
aomori	JP	40.817	140.733
aonla	IN	28.274	79.165
aoxi	CN	27.426	115.836
ap mot	VN	9.842	105.536
apac	UG	1.976	32.539
apalit	PH	14.953	120.77
aparecida de goiania	BR	-16.823	-49.244
aparri	PH	18.357	121.641
apartado	CO	7.883	-76.626
apatity	RU	67.583	33.413
apatzingan	MX	19.089	-102.357
apeldoorn	NL	52.21	5.969
apex	US	35.733	-78.85
apia	WS	-13.833	-171.767
apizaco	MX	19.413	-98.144
apomu	NG	7.352	4.183
apopa	SV	13.807	-89.179
apopka	US	28.676	-81.512
apple valley	US	34.501	-117.186
appleton	US	44.262	-88.415
aprilia	IT	41.595	12.654
apsheronsk	RU	44.46	39.73
apucarana	BR	-23.551	-51.461
aqaba	JO	29.527	35.008
aqsu	CN	41.184	80.279
aquidauana	BR	-20.471	-55.787
aquiraz	BR	-3.901	-38.391
ar rahmaniyah	EG	31.105	30.641
ar ramtha	JO	32.559	36.008
ar raqqah	SY	35.953	39.008
ar rass	SA	25.869	43.497
ar rastan	SY	34.927	36.732
ar rayyan	QA	25.292	51.424
ar rifa	BH	26.13	50.555
ar riqqah	KW	29.146	48.095
ar rumaylah	AE	25.403	55.433
ar rumaythah	IQ	31.528	45.204
ar rumaythiyah	KW	29.312	48.074
ara damansara	MY	3.119	101.587
ara dong	KR	33.469	126.528
arabi	ET	9.963	42.493
arabkir	AM	40.206	44.504
aracaju	BR	-10.911	-37.072
aracataca	CO	10.592	-74.19
aracati	BR	-4.562	-37.77
aracatuba	BR	-21.209	-50.433
araci	BR	-11.333	-38.967
aracruz	BR	-19.82	-40.273
arad	RO	46.183	21.317
araguaina	BR	-7.191	-48.207
araguari	BR	-18.647	-48.187
arak	IR	34.095	49.698
arakawa	JP	35.738	139.78
arakkonam	IN	13.084	79.671
arambagh	IN	22.883	87.783
aramoko ekiti	NG	7.705	5.041
aran bidgol	IR	34.058	51.483
arandas	MX	20.706	-102.345
aranjuez	ES	40.031	-3.602
arantangi	IN	10.172	78.991
arao	JP	32.979	130.446
arapiraca	BR	-9.752	-36.661
arapongas	BR	-23.419	-51.424
arar	SA	30.975	41.038
ararangua	BR	-28.936	-49.495
araraquara	BR	-21.794	-48.176
araras	BR	-22.357	-47.384
araria	IN	26.149	87.513
araripina	BR	-7.576	-40.498
araruama	BR	-22.873	-42.343
arashiyama	JP	35.015	135.678
arauca	CO	7.085	-70.759
araucaria	BR	-25.593	-49.41
araure	VE	9.581	-69.239
arawa	PG	-6.23	155.566
araxa	BR	-19.593	-46.941
arayat	PH	15.15	120.77
arba minch	ET	6.033	37.55
arcadia	US	34.14	-118.035
arcahaie	HT	18.77	-72.512
arcella	IT	45.422	11.888
archway	GB	51.567	-0.134
arcos	BR	-20.282	-45.539
arcot	IN	12.906	79.319
arcoverde	BR	-8.419	-37.054
ardabil	IR	38.25	48.293
ardakan	IR	32.31	54.017
ardamata	SD	13.475	22.485
arden arcade	US	38.602	-121.379
ardesen	TR	41.191	40.979
arecibo	PR	18.472	-66.716
areka	ET	7.067	37.7
arenella	IT	40.857	14.223
arequipa	PE	-16.399	-71.537
arezzo	IT	43.463	11.881
arganda	ES	40.301	-3.437
arganzuela	ES	40.4	-3.696
argenteuil	FR	48.948	2.247
argungu	NG	12.745	4.525
arhus	DK	56.157	10.211
aribinda	BF	14.23	-0.865
arica	CL	-18.476	-70.301
aricanduva	BR	-23.574	-46.516
arif wala	PK	26.325	66.296
arifwala	PK	30.291	73.066
ariquemes	BR	-9.913	-63.041
arish	EG	31.132	33.798
arjawinangun	ID	-6.645	108.41
arjona	CO	10.254	-75.344
arkalyk	KZ	50.25	66.904
arkhangel sk	RU	64.546	40.552
arles	FR	43.677	4.63
arlington	US	32.736	-97.108
arlington heights	US	42.088	-87.981
arlit	NE	18.737	7.385
armacao dos buzios	BR	-22.747	-41.882
armant	EG	25.62	32.543
armavir	RU	44.998	41.115
armenia	CO	4.537	-75.673
arnavutkoey	TR	41.184	28.74
arnavutkoy	TR	41.184	28.74
arnhem	NL	51.98	5.911
arni	IN	12.668	79.285
arnsberg	DE	51.383	8.083
arona	ES	28.1	-16.681
arrah	IN	25.556	84.663
arraijan	PA	8.94	-79.64
arras	FR	50.293	2.782
arrecife	ES	28.963	-13.548
arroyo naranjo	CU	23.038	-82.377
arsen yev	RU	44.157	133.273
arsi negele	ET	7.355	38.675
arsikere	IN	13.314	76.257
arsuz	TR	36.413	35.89
artem	RU	43.358	132.191
artemisa	CU	22.814	-82.758
artigas	UY	-30.404	-56.469
artur alvim	BR	-23.54	-46.486
artur nogueira	BR	-22.573	-47.172
artux	CN	39.708	76.18
aru	CD	2.862	30.841
arua	UG	3.02	30.911
aruja	BR	-23.396	-46.321
aruppukkottai	IN	9.51	78.096
arusha	TZ	-3.367	36.683
arvada	US	39.803	-105.087
arvi	IN	20.996	78.229
arwal	IN	25.243	84.666
aryanah	TN	36.86	10.193
arzamas	RU	55.396	43.838
arzew	DZ	35.85	-0.318
as saff	EG	29.565	31.281
as safirah	SY	36.077	37.373
as sahil	EG	27.063	31.344
as salahat	EG	31.002	31.626
as salamiyah	SY	35.011	37.053
as salihiyah al jadidah	EG	30.631	31.939
as salimiyah	KW	29.334	48.076
as salt	JO	32.039	35.727
as samawah	IQ	31.332	45.294
as santah	EG	30.746	31.13
as satwah	AE	25.222	55.275
as sawani	LY	32.717	13.067
as sinbillawayn	EG	30.883	31.463
as suwayda	SY	32.709	36.57
as suwayq	OM	23.849	57.439
as suwayrah	IQ	32.926	44.776
asaba	NG	6.198	6.732
asadabad	AF	34.873	71.147
asadabad	IR	34.782	48.12
asahi	JP	35.717	140.65
asahikawa	JP	43.771	142.365
asaka	JP	35.805	139.602
asaka	UZ	40.642	72.239
asakura	JP	33.414	130.719
asakusa	JP	35.717	139.796
asamankese	GH	5.86	-0.663
asan	KR	36.784	127.004
asane	NO	60.474	5.325
asansol	IN	23.683	86.983
asasa	ET	7.1	39.2
asbest	RU	57.008	61.463
aschaffenburg	DE	49.977	9.152
ascoli piceno	IT	42.854	13.574
asela	ET	7.95	39.133
asenovgrad	BG	42.017	24.867
ash shafa	SA	21.073	40.318
ash shamiyah	IQ	31.963	44.601
ash sharqat	IQ	35.517	43.228
ash shatrah	IQ	31.409	46.173
ash shaykh zayid	EG	30.02	31.0
ash shuhada	EG	30.597	30.899
ashaiman	GH	5.7	-0.035
ashburn	US	39.044	-77.487
ashdod	IL	31.792	34.65
asheville	US	35.601	-82.554
ashford	GB	51.146	0.874
ashgabat	TM	37.95	58.383
ashikaga	JP	36.333	139.45
ashiya	JP	34.728	135.303
ashkelon	IL	31.669	34.571
ashmun	EG	30.297	30.976
ashoknagar	IN	24.576	77.731
ashoknagar kalyangarh	IN	22.864	88.637
ashta	IN	23.018	76.722
ashton under lyne	GB	53.489	-2.099
ashuganj city	BD	24.04	91.012
asker	NO	59.833	10.437
asmara	ER	15.338	38.932
asnieres sur seine	FR	48.917	2.283
asosa	ET	10.067	34.533
aspen hill	US	39.08	-77.073
aspern	AT	48.218	16.483
assen	NL	52.997	6.562
assi bou nif	DZ	35.692	-0.499
assis	BR	-22.662	-50.412
assiut	EG	27.181	31.184
astana	KZ	51.18	71.446
astanajapura	ID	-6.802	108.631
astaneh ye ashrafiyeh	IR	37.263	49.943
asti	IT	44.902	8.208
astoria	US	40.772	-73.93
astrakhan	RU	46.35	48.041
asuncion	PY	-25.286	-57.647
asuncion mita	GT	14.334	-89.711
aswan	EG	24.091	32.899
at taj	LY	24.205	23.286
at tall	SY	33.61	36.311
at tall al kabir	EG	30.543	31.785
atakpame	TG	7.533	1.133
atalaia	BR	-9.502	-36.023
atambua	ID	-9.106	124.892
atani	NG	6.013	6.748
atarra	IN	25.286	80.572
atascocita	US	29.999	-95.177
atasehir	TR	40.983	29.117
atbara	SD	17.702	33.986
athani	IN	16.726	75.064
athens	GR	37.984	23.728
athens	US	33.961	-83.378
athi river	KE	-1.456	36.978
athiyannur	IN	8.393	77.064
athlone	ZA	-33.967	18.502
atibaia	BR	-23.117	-46.55
atlanta	US	33.749	-84.388
atlantis	ZA	-33.567	18.483
atlixco	MX	18.908	-98.436
atrauli	IN	28.03	78.286
atsiaman	GH	5.698	-0.328
atsugi	JP	35.443	139.369
attili	IN	16.7	81.6
attleboro	US	41.945	-71.286
attock city	PK	33.767	72.36
attur	IN	11.594	78.601
atyrau	KZ	47.105	51.884
aubagne	FR	43.293	5.571
aubervilliers	FR	48.917	2.383
auburn	US	47.307	-122.228
auburn gresham	US	41.742	-87.653
auchi	NG	7.068	6.264
auckland	NZ	-36.849	174.763
augsburg	DE	48.372	10.899
augusta	US	33.471	-81.975
augusto correa	BR	-1.022	-46.635
aulnay sous bois	FR	48.938	2.494
auraiya	IN	26.465	79.509
aurangabad	IN	19.878	75.342
aurich	DE	53.47	7.482
aurora	CA	44.0	-79.466
aurora	US	39.729	-104.832
austin	US	30.267	-97.743
autazes	BR	-3.58	-59.131
autlan de navarro	MX	19.772	-104.366
auxerre	FR	47.8	3.57
avadi	IN	13.115	80.11
avan	AM	40.214	44.578
avaniyapuram	IN	9.882	78.113
avare	BR	-23.099	-48.926
avedore	DK	55.627	12.456
avedøre	DK	55.627	12.456
aveiro	PT	40.646	-8.646
avellaneda	AR	-34.66	-58.367
avellino	IT	40.915	14.791
aversa	IT	40.973	14.207
avignon	FR	43.948	4.809
avila	ES	40.657	-4.7
aviles	ES	43.555	-5.925
avondale	US	33.436	-112.35
avtovo	RU	59.872	30.266
avtozavodskyi	UA	49.098	33.432
awaji	JP	34.478	134.931
awasa	ET	7.062	38.476
awka	NG	6.213	7.072
awsim	EG	30.123	31.136
ayacucho	PE	-13.164	-74.223
ayapel	CO	8.314	-75.14
ayase	JP	35.435	139.426
aydin	TR	37.845	27.84
aydın	TR	37.845	27.84
aylesbury	GB	51.817	-0.815
aylmer	CA	45.4	-75.806
ayn al  arab	SY	36.891	38.353
ayodhya	IN	26.799	82.205
ayr	GB	55.463	-4.634
ayvalik	TR	39.319	26.693
ayvalık	TR	39.319	26.693
az za ayin	QA	25.577	51.483
az zawiyah	LY	32.757	12.728
az zubayr	IQ	30.392	47.702
az zuhur	EG	31.265	32.264
az zulayl	JO	32.121	36.28
az zulfi	SA	26.299	44.815
azadshahr	IR	37.086	55.172
azamgarh	IN	26.068	83.184
azare	NG	11.675	10.191
azarshahr	IR	37.759	45.978
azcapotzalco	MX	19.487	-99.186
azemmour	MA	33.29	-8.342
azilal	MA	31.962	-6.571
azimpur	BD	23.73	90.385
azna	IR	33.456	49.456
azov	RU	47.107	39.415
azrou	MA	33.434	-5.221
azua	DO	18.453	-70.735
azul	AR	-36.778	-59.858
azumino	JP	36.288	137.887
azusa	US	34.134	-117.908
ba dinh	VN	21.037	105.827
ba gjon	VN	17.754	106.424
ba vi	VN	21.083	105.383
ba đon	VN	17.754	106.424
baardheere	SO	2.345	42.276
bab ezzouar	DZ	36.726	3.183
babahoyo	EC	-1.805	-79.525
babamba	CD	0.183	27.483
babati	TZ	-4.217	35.75
babila	SY	33.471	36.331
babol	IR	36.551	52.679
babolsar	IR	36.699	52.65
babu	CN	24.417	111.517
babushkin	RU	55.869	37.73
bac giang	VN	21.273	106.195
bac kan	VN	22.147	105.835
bac lieu	VN	9.294	105.728
bac ninh	VN	21.186	106.076
bac quang	VN	22.483	104.867
bac tu liem	VN	21.065	105.747
bacabal	BR	-4.232	-44.782
bacau	RO	46.567	26.914
bach mai	VN	20.983	105.833
bachuan	CN	29.849	106.05
bacolod city	PH	10.667	122.95
bacoor	PH	14.459	120.939
bad homburg vor der hoehe	DE	50.227	8.618
bad homburg vor der hohe	DE	50.227	8.618
bad kreuznach	DE	49.841	7.867
bad oeynhausen	DE	52.207	8.804
bad salzuflen	DE	52.086	8.744
bada barabil	IN	22.112	85.387
badagara	IN	11.598	75.581
badajoz	ES	38.878	-6.971
badalona	ES	41.45	2.247
bade	TW	24.93	121.284
baden baden	DE	48.761	8.24
badin	PK	24.656	68.837
badlapur	IN	19.155	73.266
badulla	LK	6.98	81.058
baduria	IN	22.744	88.787
badvel	IN	14.745	79.063
baekrajan	ID	-6.767	110.854
bafang	CM	5.157	10.177
bafia	CM	4.75	11.233
bafoussam	CM	5.478	10.418
bafq	IR	31.604	55.402
bafra	TR	41.568	35.903
bagaha	IN	27.099	84.09
bagalkot	IN	16.187	75.696
bagamoyo	TZ	-6.442	38.904
bagbera	IN	22.759	86.19
bagcilar	TR	41.039	28.857
bagcılar	TR	41.039	28.857
bage	BR	-31.331	-54.107
bageqi	CN	37.141	79.835
bagerhat	BD	22.657	89.791
baghdad	IQ	33.341	44.401
bagheria	IT	38.079	13.512
baghestan	IR	35.647	51.134
baghlan	AF	36.131	68.708
baghpat	IN	28.945	77.219
bago	MM	17.335	96.481
bago city	PH	10.533	122.833
bagong barrio	PH	14.666	120.993
bagong silang	PH	14.778	121.045
bagong silangan	PH	14.706	121.108
bagram	AF	34.967	69.265
baguio	PH	16.416	120.593
bahadurgarh	IN	28.693	76.936
baharampur	IN	24.105	88.252
baharestan	IR	32.488	51.773
baharkah	IQ	36.316	44.035
bahawalnagar	PK	29.998	73.253
bahawalpur	PK	29.398	71.675
bahcelievler	TR	41.002	28.86
baheri	IN	28.774	79.497
bahia blanca	AR	-38.718	-62.265
bahir dar	ET	11.594	37.391
bahla	OM	22.979	57.305
bahraigh	IN	27.574	81.595
bai anba	CN	30.763	108.437
baia farta	AO	-12.604	13.197
baia mare	RO	47.657	23.568
baiao	BR	-2.791	-49.672
baicheng	CN	45.618	122.833
baichihe	CN	36.116	119.533
baidi	CN	31.058	109.591
baidoa	SO	3.114	43.65
baidyabati	IN	22.785	88.326
baihe	CN	31.263	108.464
baihecun	CN	22.113	107.236
baihua	CN	29.094	104.609
baijiantan	CN	45.693	85.139
baikonur	KZ	45.617	63.317
bail hongal	IN	15.814	74.859
bailundo	AO	-9.575	15.994
baimajing	CN	19.712	109.218
baiquan	CN	47.607	126.082
bairagnia	IN	26.741	85.273
bairro da penha	BR	-23.368	-46.311
bairro militar	GW	11.875	-15.616
bairro parque nossa senhora do carmo	BR	-23.406	-46.316
bais	PH	9.591	123.123
baise	CN	23.89	106.627
baisha	CN	29.062	106.119
baishan	CN	41.939	126.42
baisheng	CN	29.814	107.393
baishishan	CN	43.583	127.567
baitao	CN	29.551	107.487
baixi	CN	28.7	104.549
baiyin	CN	36.547	104.17
baizi	CN	30.094	105.713
bajil	YE	15.059	43.287
bajos de haina	DO	18.415	-70.033
bakau	GM	13.478	-16.682
bakersfield	US	35.373	-119.019
bakhmut	UA	48.594	37.999
bakhri	IN	25.599	86.261
bakhtiarpur	IN	25.456	85.533
baki	ID	-7.613	110.784
bakixanov	AZ	40.419	49.967
baku	AZ	40.378	49.892
bakwa	CD	4.126	27.395
bakıxanov	AZ	40.419	49.967
balad	IQ	34.015	44.146
balaghat	IN	21.816	80.188
balagtas	PH	14.817	120.867
balai pungut	ID	1.059	101.291
balaka	MW	-14.979	34.956
balakovo	RU	52.026	47.797
balanbale	SO	5.769	45.763
balanga	PH	14.676	120.536
balangir	IN	20.704	83.49
balapur	IN	20.666	76.774
balashikha	RU	55.795	37.948
balashov	RU	51.551	43.171
balasore	IN	21.493	86.933
balayan	PH	13.937	120.732
balbala	DJ	11.562	43.107
balcarce	AR	-37.846	-58.255
balcon de la lisa	CU	23.053	-82.448
baldwin park	US	34.085	-117.961
balfour	ZA	-26.663	28.59
bali	IN	22.649	88.341
balikesir	TR	39.649	27.886
balikpapan	ID	-1.268	116.829
baliuag	PH	14.955	120.897
baljurashi	SA	19.859	41.557
balkanabat	TM	39.511	54.367
balkh	AF	36.756	66.897
ballarat	AU	-37.566	143.85
ballari	IN	15.142	76.924
ballarpur	IN	19.847	79.346
ballerup	DK	55.732	12.363
ballia	IN	25.421	86.314
balneario camboriu	BR	-26.991	-48.635
balombo	AO	-12.354	14.772
balotra	IN	25.832	72.24
balqash	KZ	46.845	74.982
balrampur	IN	27.429	82.185
balsas	BR	-7.532	-46.036
balti	MD	47.763	27.929
baltim	EG	31.556	31.089
baltimore	US	39.29	-76.612
balulang	PH	8.445	124.631
balung	ID	-7.733	113.917
balurghat	IN	25.221	88.777
balvanera	AR	-34.61	-58.398
balykchy	KG	42.46	76.187
balzar	EC	-1.366	-79.905
balıkesir	TR	39.649	27.886
bam	IR	29.106	58.357
bama	NG	11.521	13.69
bamako	ML	12.609	-7.975
bamban	PH	15.274	120.567
bambang	PH	16.387	121.107
bambanglipuro	ID	-7.95	110.283
bambari	CF	5.768	20.676
bamberg	DE	49.899	10.901
bamenda	CM	5.96	10.146
bamyan	AF	34.822	67.827
ban i chang	TH	13.711	99.896
ban khlong prawet	TH	13.719	100.681
ban khoan	LA	20.35	100.09
ban ko sire	TH	7.887	98.426
ban lak song	TH	13.689	100.398
ban lam luk ka	TH	13.977	100.778
ban mai	TH	7.204	100.545
ban na	TH	17.017	99.733
ban phaeo	TH	13.591	100.107
ban pong	TH	13.816	99.877
ban samae dam	TH	13.59	100.387
ban talat yai	TH	7.885	98.4
ban tha kham	TH	13.637	100.441
banan	CN	29.379	106.54
banbury	GB	52.063	-1.342
banco filipino homes	PH	14.434	121.022
banda	IN	25.478	80.335
banda aceh	ID	5.542	95.333
bandar abbas	IR	27.186	56.281
bandar baharu	MY	5.134	100.495
bandar bukit raja	MY	3.087	101.433
bandar e anzali	IR	37.473	49.458
bandar e emam khomeyni	IR	30.437	49.103
bandar e genaveh	IR	29.579	50.517
bandar e kangan	IR	27.834	52.063
bandar e mahshahr	IR	30.557	49.189
bandar e torkaman	IR	36.901	54.072
bandar kinrara	MY	3.049	101.642
bandar labuan	MY	5.283	115.254
bandar lampung	ID	-5.429	105.261
bandar mahkota cheras	MY	3.054	101.798
bandar saujana utama	MY	3.207	101.477
bandar seri alam	MY	1.504	103.875
bandar seri begawan	BN	4.89	114.94
bandar sri damansara	MY	3.19	101.611
bandar sunway	MY	3.069	101.607
bandar tasik puteri	MY	3.285	101.474
bandar tun hussein onn	MY	3.055	101.759
bandar utama	MY	3.148	101.614
bandarban	BD	22.195	92.219
bandikui	IN	27.051	76.573
bandirma	TR	40.352	27.977
bando	JP	36.07	139.867
bandundu province	CD	-3.317	17.381
bandung	ID	-6.922	107.607
bandırma	TR	40.352	27.977
baneh	IR	35.998	45.885
banepa	NP	27.633	85.522
banes	CU	20.961	-75.723
banfield	AR	-34.746	-58.394
banfora	BF	10.641	-4.753
bang bon	TH	13.662	100.396
bang bua thong	TH	13.918	100.424
bang kapi	TH	13.765	100.647
bang khae	TH	13.693	100.408
bang khae nuea	TH	13.706	100.389
bang khun thian	TH	13.663	100.434
bang kruai	TH	13.805	100.473
bang na	TH	13.667	100.642
bang phai	TH	13.707	100.387
bang phlat	TH	13.794	100.504
bang rak	TH	13.731	100.524
bang sue	TH	13.811	100.531
bang sue subdistrict	TH	13.806	100.531
banga	PH	6.424	124.776
bangangte	CM	5.141	10.525
bangaon	IN	23.046	88.831
bangarapet	IN	12.991	78.178
bangarda chhota	IN	22.744	75.814
bangassou	CF	4.741	22.818
bangi	MY	2.9	101.783
bangil	ID	-7.599	112.819
bangkalan	ID	-7.045	112.735
bangkok	TH	13.754	100.501
bangkok noi	TH	13.763	100.478
bangkok riverside	TH	13.755	100.517
bangkok yai	TH	13.723	100.476
bangor	GB	54.661	-5.668
bangsar	MY	3.129	101.67
bangued	PH	17.608	120.638
bangui	CF	4.361	18.555
banha	EG	30.46	31.184
bani	DO	18.28	-70.332
bani  ubayd	EG	27.952	30.781
bani mazar	EG	28.495	30.805
bani suwayf	EG	29.074	31.098
bani walid	LY	31.746	13.984
bani yas city	AE	24.31	54.629
banja luka	BA	44.779	17.206
banjar	ID	-7.196	107.431
banjaran	ID	-7.045	107.588
banjarbaru	ID	-3.441	114.837
banjarmasin	ID	-3.32	114.591
banka	IN	24.881	86.923
bankra	IN	22.603	88.278
bankura	IN	23.232	87.072
bannu	PK	32.985	70.604
banqiao	TW	25.014	121.467
bansbaria	IN	22.954	88.401
banska bystrica	SK	48.739	19.149
banstead	GB	51.322	-0.207
banswara	IN	23.541	74.442
bantayan	PH	11.168	123.722
banting	MY	2.814	101.502
bantul	ID	-7.888	110.329
bantval	IN	12.89	75.035
banyo	CM	6.75	11.817
banyumas	ID	-7.514	109.294
banyuwangi	ID	-8.232	114.358
bao an	CN	22.552	113.883
bao an centre	CN	22.58	113.916
bao loc	VN	11.548	107.808
baoding	CN	38.873	115.462
baoji	CN	34.368	107.237
baola	IN	22.828	72.364
baoqing	CN	46.325	132.19
baoshan	CN	31.408	121.49
baotou	CN	40.652	109.844
baoying	CN	33.229	119.309
bapatla	IN	15.904	80.467
baprola	IN	28.641	77.014
baqershahr	IR	35.532	51.405
baqubah	IQ	33.754	44.605
bar bigha	IN	25.219	85.733
barabai	ID	-2.583	115.383
baracoa	CU	20.348	-74.497
barajas de madrid	ES	40.474	-3.578
barakaldo	ES	43.296	-2.988
baraki	DZ	36.667	3.096
barakpur	IN	22.766	88.363
baramati	IN	18.152	74.578
baramula	IN	34.209	74.343
baran	IN	25.1	76.517
baranagar	IN	22.641	88.377
baranoa	CO	10.794	-74.916
baranovichi	BY	53.133	26.008
barasat	IN	22.722	88.482
barauli	IN	26.381	84.586
barauni	IN	25.471	85.976
baraut	IN	29.102	77.263
barbacena	BR	-21.226	-43.774
barbalha	BR	-7.311	-39.304
barberena	GT	14.307	-90.362
barberton	ZA	-25.788	31.053
barbigha	IN	25.217	85.733
barbil	IN	22.102	85.378
barbosa	CO	6.438	-75.331
barcarena	BR	-1.506	-48.626
barcelona	ES	41.389	2.159
barcelona	VE	10.138	-64.688
barda	AZ	40.376	47.126
barddhaman	IN	23.256	87.857
bardoli	IN	21.123	73.112
bareilly	IN	28.367	79.432
bargarh	IN	21.333	83.619
bargny	SN	14.697	-17.23
bargny guedj	SN	14.687	-17.228
bargny ngoude	SN	14.694	-17.235
barh	IN	25.483	85.709
barhiya	IN	25.288	86.021
bari	IN	26.647	77.616
bari	IT	41.121	16.87
bariadi	TZ	-2.8	33.983
barika	DZ	35.389	5.366
barinas	VE	8.621	-70.231
barinitas	VE	8.762	-70.412
baripada	IN	21.935	86.729
bariq	SA	18.93	41.93
barishal	BD	22.705	90.37
barka	OM	23.679	57.886
barkam	CN	31.901	102.221
barking	GB	51.533	0.083
barlad	RO	46.232	27.669
barletta	IT	41.314	16.282
barmbek nord	DE	53.605	10.04
barmer	IN	25.746	71.392
barnala	IN	30.375	75.549
barnaul	RU	53.362	83.728
barnsley	GB	53.55	-1.483
barnstable	US	41.7	-70.299
barpeta	IN	26.323	91.006
barquisimeto	VE	10.065	-69.357
barra	BR	-11.089	-43.142
barra da tijuca	BR	-22.998	-43.365
barra de sao francisco	BR	-18.755	-40.891
barra do corda	BR	-5.506	-45.243
barra do dande	AO	-8.472	13.37
barra do garcas	BR	-15.89	-52.257
barra do pirai	BR	-22.47	-43.826
barra dos coqueiros	BR	-10.909	-37.039
barra mansa	BR	-22.544	-44.171
barra velha	BR	-26.632	-48.685
barracas	AR	-34.65	-58.383
barranca	PE	-10.75	-77.767
barrancabermeja	CO	7.065	-73.855
barranqueras	AR	-27.481	-58.939
barranquilla	CO	10.969	-74.781
barras	BR	-4.244	-42.294
barreiras	BR	-12.153	-44.99
barreirinhas	BR	-2.756	-42.826
barreiro	PT	38.663	-9.072
barreiros	BR	-8.818	-35.186
barretos	BR	-20.557	-48.568
barri de les corts	ES	41.387	2.135
barri de sant andreu	ES	41.437	2.19
barrie	CA	44.4	-79.666
barriera di lanzo	IT	45.11	7.651
barriera di milano	IT	45.092	7.694
barrow in furness	GB	54.111	-3.228
barry	GB	51.4	-3.284
barshi	IN	18.235	75.693
bartin	TR	41.636	32.337
bartlett	US	35.205	-89.874
bartolome maso	CU	20.167	-76.944
bartın	TR	41.636	32.337
barueri	BR	-23.511	-46.876
baruipur	IN	22.365	88.433
baruni	IN	25.475	85.968
baruta	VE	10.434	-66.876
barwala	IN	29.367	75.908
barwani	IN	22.032	74.9
barysaw	BY	54.228	28.505
basaksehir	TR	41.106	28.791
basankusu	CD	1.221	19.802
basauri	ES	43.24	-2.886
basavakalyan	IN	17.874	76.95
basel	CH	47.558	7.573
bashan	CN	27.768	116.05
basildon	GB	51.568	0.458
basingstoke	GB	51.262	-1.087
basirhat city	IN	22.661	88.855
basirpur	PK	30.578	73.839
basmat	IN	19.329	77.157
basoda	IN	23.852	77.937
basoko	CD	1.239	23.616
basrah	IQ	30.509	47.78
bassar	TG	9.25	0.782
bassila	BJ	9.008	1.665
basti	IN	26.788	82.716
bastia	FR	42.702	9.451
basuo	CN	19.103	108.666
basyun	EG	30.94	30.813
bat khela	PK	34.618	71.972
bat yam	IL	32.024	34.752
bata	GQ	1.864	9.766
batac city	PH	18.055	120.565
batala	IN	31.809	75.203
batam	ID	1.149	104.025
batang	ID	-6.485	110.708
batangas	PH	13.757	121.058
batatais	BR	-20.891	-47.585
bataysk	RU	47.137	39.757
bath	GB	51.375	-2.362
bathinda	IN	30.207	74.939
batikent	TR	39.968	32.731
batman	TR	37.887	41.132
batna	DZ	35.556	6.174
baton rouge	US	30.443	-91.187
batouri	CM	4.433	14.367
battagram	PK	34.677	73.023
battambang	KH	13.103	103.198
battaramulla south	LK	6.896	79.918
battersea	GB	51.475	-0.155
batticaloa	LK	7.71	81.692
battipaglia	IT	40.609	14.982
battir	PS	31.7	35.117
battle creek	US	42.317	-85.178
batu	ID	-7.87	112.528
batu caves	MY	3.238	101.682
batu gajah	MY	4.469	101.041
batu pahat	MY	1.855	102.933
batumi	GE	41.641	41.631
baturaden	ID	-7.3	109.217
baturaja	ID	-4.129	104.167
bau	MY	1.417	110.15
bauang	PH	16.531	120.333
baubau	ID	-5.463	122.602
bauchi	NG	10.31	9.844
baudhuinville	CD	-7.084	29.737
bauru	BR	-22.315	-49.061
bauta	CU	22.982	-82.548
bautzen	DE	51.18	14.435
bavet	KH	11.063	106.136
bawana	IN	28.798	77.034
bawku	GH	11.059	-0.242
bawshar	OM	23.578	58.4
bayambang	PH	15.813	120.456
bayamo	CU	20.374	-76.643
bayamon	PR	18.399	-66.156
bayan	CN	46.076	127.394
bayan hot	CN	38.839	105.669
bayan lepas	MY	5.3	100.261
bayan nur	CN	40.741	107.386
bayawan	PH	9.365	122.804
bayburt	TR	40.256	40.223
bayeux	BR	-7.125	-34.932
bayiji	CN	34.267	117.683
bayji	IQ	34.929	43.489
bayombong	PH	16.481	121.15
bayonne	FR	43.493	-1.473
bayonne	US	40.669	-74.114
bayramaly	TM	37.619	62.167
bayreuth	DE	49.948	11.579
bayside	US	40.768	-73.777
bayt lahya	PS	31.546	34.495
baytown	US	29.735	-94.977
bayugan	PH	8.756	125.767
bazar e yakawlang	AF	34.735	66.974
bazar korgon	KG	41.038	72.746
bazarak	AF	35.313	69.515
bazhong	CN	31.869	106.744
beau bassin rose hill	MU	-20.233	57.466
beaufort west	ZA	-32.357	22.583
beaumont	US	30.086	-94.102
beauport	CA	46.859	-71.192
beauvais	FR	49.433	2.083
beavercreek	US	39.709	-84.063
beaverton	US	45.487	-122.804
beawar	IN	26.101	74.32
bebedja	TD	8.676	16.566
bebedouro	BR	-20.949	-48.479
beberibe	BR	-4.18	-38.131
bebington	GB	53.35	-3.017
bechar	DZ	31.617	-2.217
beckenham	GB	51.409	-0.025
becontree	GB	51.553	0.129
bedele	ET	8.456	36.353
bedford	GB	52.135	-0.466
bedford	US	32.844	-97.143
bedok new town	SG	1.326	103.942
bedong	MY	5.727	100.509
bedzin	PL	50.326	19.126
beed	IN	18.989	75.756
beersheba	IL	31.252	34.791
begampur	IN	28.727	77.067
begoua	CF	4.454	18.535
begusarai	IN	25.419	86.134
behbahan	IR	30.596	50.242
behshahr	IR	36.692	53.553
bei an	CN	48.267	126.6
beibei	CN	29.827	106.436
beichengqu	CN	40.439	113.154
beidao	CN	34.569	105.893
beihai	CN	21.483	109.115
beijing	CN	39.907	116.397
beiliu	CN	22.707	110.349
beimeng	CN	36.604	119.496
beining	CN	41.596	121.793
beipiao	CN	41.792	120.779
beira	MZ	-19.844	34.839
beirut	LB	33.893	35.502
beisu	CN	38.155	114.807
beitbridge	ZW	-22.217	30.0
beiwangli	CN	38.621	115.396
beja	TN	36.726	9.182
bejaad	MA	32.771	-6.392
bejaia	DZ	36.756	5.084
bekasi	ID	-6.235	106.99
bekescsaba	HU	46.683	21.1
bekobod	UZ	40.221	69.27
bel air south	US	39.505	-76.32
bela	IN	25.921	81.996
bela bela	ZA	-24.883	28.283
bela vista	BR	-23.561	-46.648
belagavi	IN	15.852	74.504
belawan	ID	3.776	98.683
belaya kalitva	RU	48.179	40.779
belchatow	PL	51.369	19.357
belebey	RU	54.108	54.117
beled hawo	SO	3.928	41.88
beledweyne	SO	4.736	45.204
belek	TR	36.863	31.065
belem	BR	-1.456	-48.504
belen	PE	-3.76	-73.25
belfast	GB	54.597	-5.925
belford roxo	BR	-22.764	-43.399
belfort	FR	47.642	6.854
belgorod	RU	50.603	36.581
belgrade	RS	44.804	20.465
belgrano	AR	-34.563	-58.458
beliatta	LK	6.05	80.733
belize city	BZ	17.5	-88.198
bell gardens	US	33.965	-118.151
bella vista	AR	-34.565	-58.69
bella vista	DO	18.455	-69.945
bellampalli	IN	19.056	79.493
belleville	CA	44.167	-77.383
belleville	US	38.52	-89.984
bellevue	US	47.61	-122.201
bellflower	US	33.882	-118.117
bellingham	US	48.76	-122.488
bellinzona	CH	46.193	9.017
bello	CO	6.337	-75.558
belmont cragin	US	41.932	-87.769
belo horizonte	BR	-19.921	-43.938
belo jardim	BR	-8.336	-36.424
belogorsk	RU	50.912	128.512
belorechensk	RU	44.77	39.872
beloretsk	RU	53.962	58.4
belovo	RU	54.421	86.299
bemowo	PL	52.255	20.908
ben arous	TN	36.755	10.222
ben cat	VN	11.15	106.6
ben gardane	TN	33.138	11.22
ben guerir	MA	32.241	-7.954
ben jerrar	MA	30.262	-9.504
ben tre	VN	10.241	106.376
benalmadena	ES	36.596	-4.573
bend	US	44.058	-121.315
bende	NG	5.559	7.634
bender	MD	46.832	29.477
bendigo	AU	-36.758	144.28
benevento	IT	41.131	14.778
benevides	BR	-1.361	-48.245
benfica	AO	-8.944	13.164
bengaluru	IN	12.972	77.594
bengbu	CN	32.941	117.361
benghazi	LY	32.115	20.069
bengkulu	ID	-3.8	102.266
benguela	AO	-12.577	13.403
beni	CD	0.491	29.473
beni enzar	MA	35.26	-2.93
beni mellal	MA	32.337	-6.35
beni mered	DZ	36.524	2.861
benidorm	ES	38.538	-0.131
benin city	NG	6.338	5.626
benipur	IN	26.055	86.146
benito juarez	MX	19.373	-99.156
benjamin constant	BR	-4.376	-70.032
benoni	ZA	-26.188	28.321
bensalem	US	40.105	-74.951
bensheim	DE	49.684	8.618
benslimane	MA	33.616	-7.122
bensonhurst	US	40.602	-73.994
bento goncalves	BR	-29.171	-51.519
bentong town	MY	3.522	101.909
bentonville	US	36.373	-94.209
bentung	MY	3.532	101.904
benxi	CN	41.289	123.765
beppu	JP	33.279	131.498
berastagi	ID	3.195	98.509
berat	AL	40.706	19.952
berazategui	AR	-34.765	-58.213
berbera	SO	10.44	45.014
berberati	CF	4.261	15.792
bercham	MY	4.641	101.139
berchem	BE	51.19	4.433
berdsk	RU	54.754	83.096
berdyansk	UA	46.756	36.788
berdychiv	UA	49.894	28.582
berekum	GH	7.453	-2.584
berestovskyi	UA	48.044	37.877
berezniaky	UA	50.426	30.602
berezniki	RU	59.409	56.82
berezovskiy	RU	55.67	86.275
bergama	TR	39.121	27.181
bergamo	IT	45.696	9.667
bergedorf	DE	53.485	10.229
bergen	NO	60.393	5.324
bergen op zoom	NL	51.495	4.292
bergheim	DE	50.956	6.64
bergisch gladbach	DE	50.986	7.133
bergkamen	DE	51.616	7.645
beringen	BE	51.05	5.226
berisso	AR	-34.871	-57.883
berkane	MA	34.92	-2.32
berkeley	US	37.872	-122.273
berlin	DE	52.524	13.411
berlin koepenick	DE	52.443	13.582
berlin kopenick	DE	52.443	13.582
bern	CH	46.948	7.447
berrechid	MA	33.266	-7.588
berrouaghia	DZ	36.135	2.911
bertioga	BR	-23.854	-46.139
bertoua	CM	4.577	13.685
beruniy	UZ	41.691	60.752
berwick	AU	-38.033	145.35
berwyn	US	41.851	-87.794
beryozovsky	RU	56.908	60.802
besancon	FR	47.249	6.018
besbes	DZ	36.702	7.847
beshariq	UZ	40.436	70.61
besni	TR	37.693	37.861
besuki	ID	-7.734	113.698
bet shemesh	IL	31.731	34.993
bethal	ZA	-26.458	29.466
bethesda	US	38.981	-77.1
bethlehem	US	40.626	-75.37
bethlehem	ZA	-28.231	28.307
betim	BR	-19.968	-44.198
bettiah	IN	26.802	84.503
betul	IN	21.901	77.902
beveren	BE	51.212	4.256
beverly	US	42.558	-70.88
beverly cove	US	42.553	-70.854
bexhill on sea	GB	50.85	0.471
bexley	GB	51.442	0.149
beylikduezue	TR	40.982	28.64
beylikduzu	TR	40.982	28.64
beypore	IN	11.172	75.806
beysehir	TR	37.677	31.725
bezerros	BR	-8.233	-35.797
beziers	FR	43.341	3.214
bełchatow	PL	51.369	19.357
bhabhua	IN	25.04	83.607
bhadohi	IN	25.395	82.57
bhadra	IN	29.103	75.171
bhadrachalam	IN	17.668	80.889
bhadrak	IN	21.054	86.516
bhadravati	IN	13.848	75.705
bhadreswar	IN	22.824	88.338
bhagalpur	IN	25.244	86.972
bhairab bazar	BD	24.052	90.976
bhaisa	IN	19.113	77.963
bhakkar	PK	31.627	71.065
bhalki	IN	18.043	77.206
bhalswa jahangirpur	IN	28.736	77.167
bhalwal	PK	32.266	72.898
bhamo	MM	24.253	97.234
bhandara	IN	21.168	79.649
bhanga	BD	23.392	89.984
bharatpur	IN	27.217	77.49
bharatpur	NP	27.68	84.436
bharthana	IN	26.752	79.222
bharuch	IN	21.695	72.981
bhatapara	IN	21.735	81.947
bhatara	BD	23.8	90.45
bhatpara	IN	22.866	88.401
bhatpara abhaynagar	BD	23.015	89.439
bhavnagar	IN	21.763	72.153
bhawana	PK	31.569	72.649
bhawani mandi	IN	24.416	75.836
bhawanipatna	IN	19.907	83.167
bhayandar	IN	19.302	72.851
bhetia	IN	22.793	86.141
bhilai	IN	21.209	81.428
bhilai charoda	IN	21.223	81.456
bhilwara	IN	25.347	74.641
bhimavaram	IN	16.541	81.523
bhimdatta	NP	28.964	80.177
bhimunipatnam	IN	17.89	83.452
bhind	IN	26.567	78.787
bhinmal	IN	24.999	72.271
bhisho	ZA	-32.847	27.442
bhiwadi	IN	28.21	76.861
bhiwandi	IN	19.3	73.059
bhiwani	IN	28.793	76.14
bhola	BD	22.688	90.644
bhongir	IN	17.515	78.886
bhopal	IN	23.255	77.403
bhubaneswar	IN	20.272	85.834
bhuj	IN	23.254	69.669
bhupalpally	IN	18.429	79.864
bhusawal	IN	21.044	75.785
biak	ID	-1.177	136.082
biala podlaska	PL	52.032	23.117
bialoleka	PL	52.321	20.972
bialystok	PL	53.133	23.164
biantang	CN	34.423	117.645
bianzhuang	CN	34.849	118.045
biaora	IN	23.921	76.911
biała podlaska	PL	52.032	23.117
białołeka	PL	52.321	20.972
białystok	PL	53.133	23.164
biba	EG	28.924	30.985
bibir hat	BD	22.683	91.791
bibirevo	RU	55.883	37.6
bida	NG	9.08	6.01
bidar	IN	17.908	77.515
biel bienne	CH	47.137	7.246
bielany	PL	52.292	20.935
bielefeld	DE	52.033	8.533
biella	IT	45.563	8.058
bielsko biala	PL	49.822	19.047
bien hoa	VN	10.945	106.824
bienczyce	PL	50.088	20.028
bietigheim bissingen	DE	48.944	9.118
biga	TR	40.228	27.242
biguacu	BR	-27.494	-48.656
bihac	BA	44.817	15.871
bihar sharif	IN	25.201	85.524
bihat	IN	25.425	86.021
bihta	IN	25.559	84.871
bijar	IR	35.867	47.605
bijie	CN	27.302	105.286
bijnor	IN	29.373	78.136
bikaner	IN	28.018	73.315
bikramganj	IN	25.211	84.255
bila tserkva	UA	49.799	30.116
bilajari	AZ	40.444	49.806
bilara	IN	26.181	73.706
bilaspur	IN	22.08	82.155
bilbao	ES	43.263	-2.925
bilbeis	EG	30.42	31.562
bilecik	TR	40.142	29.979
bilhorod dnistrovskyi	UA	46.195	30.348
bilimora	IN	20.77	72.961
billings	US	45.783	-108.501
billstedt	DE	53.55	10.133
biloxi	US	30.396	-88.885
bilqas	EG	31.215	31.358
bilychi	UA	50.465	30.347
bim son	VN	20.078	105.86
bima	ID	-8.46	118.727
bimbo	CF	4.257	18.416
bin xian	CN	45.743	127.461
bina	IN	24.172	78.188
binan	PH	14.343	121.081
binangonan	PH	14.465	121.193
bindura	ZW	-17.302	31.331
binga	CD	2.374	20.498
bingerville	CI	5.356	-3.885
binghamton	US	42.099	-75.918
bingoel	TR	38.885	40.494
bingol	TR	38.885	40.494
binh minh	VN	10.068	105.822
binh thanh	VN	10.811	106.706
binh thuy	VN	10.074	105.74
binjai	ID	3.6	98.485
binmaley	PH	16.032	120.269
binonga	PH	10.772	122.982
bintulu	MY	3.167	113.033
binzhou	CN	37.367	118.017
bir el ater	DZ	34.745	8.06
bir el djir	DZ	35.72	-0.545
biratnagar	NP	26.455	87.27
birecik	TR	37.026	37.978
birendranagar	NP	28.597	81.617
bireun	ID	5.203	96.701
birganj	NP	27.017	84.88
birgaon	IN	21.308	81.628
birigui	BR	-21.289	-50.34
birjand	IR	32.866	59.221
birkat as sab	EG	30.629	31.082
birkenhead	GB	53.393	-3.015
birkhadem	DZ	36.715	3.05
birmingham	GB	52.481	-1.9
birmingham	US	33.521	-86.802
birni n konni	NE	13.796	5.25
birnin kebbi	NG	12.454	4.197
birobidzhan	RU	48.793	132.92
birsk	RU	55.42	55.542
biruaca	VE	7.845	-67.517
biryulevo	RU	55.586	37.678
biryulevo zapadnoye	RU	55.587	37.646
bisalpur	IN	28.293	79.805
bisceglie	IT	41.243	16.501
bishah	SA	20.001	42.605
bishan	CN	29.595	106.225
bishan new town	SG	1.35	103.849
bishkek	KG	42.87	74.59
bishnupur	IN	23.074	87.32
bishoftu	ET	8.752	38.978
bishops stortford	GB	51.871	0.159
bishrampur	IN	24.253	83.925
biskra	DZ	34.85	5.728
bislig	PH	8.215	126.316
bismarck	US	46.808	-100.784
bismil	TR	37.845	40.659
bissau	GW	11.864	-15.598
bistrita	RO	47.133	24.5
biswan	IN	27.496	80.996
bitkine	TD	11.98	18.214
bitlis	TR	38.401	42.108
bitola	MK	41.032	21.336
bitonto	IT	41.11	16.691
bitung	ID	1.441	125.128
biu	NG	10.613	12.195
biyala	EG	31.174	31.222
biysk	RU	52.534	85.197
bizerte	TN	37.274	9.874
blackburn	GB	53.75	-2.483
blackpool	GB	53.817	-3.05
blacksburg	US	37.23	-80.414
blacktown	AU	-33.767	150.917
blagoevgrad	BG	42.015	23.098
blagoveshchensk	RU	50.276	127.526
blaine	US	45.161	-93.235
blainville	CA	45.667	-73.882
blanes	ES	41.674	2.79
blantyre	MW	-15.785	35.009
bletchley	GB	51.993	-0.735
blida	DZ	36.47	2.828
blitar	ID	-8.098	112.168
bloemfontein	ZA	-29.121	26.214
blois	FR	47.594	1.329
blolequin	CI	6.569	-8.003
bloomfield	US	40.807	-74.185
bloomington	US	44.841	-93.298
blora	ID	-6.97	111.419
bloxwich	GB	52.618	-2.004
blue mountains	AU	-33.713	150.331
blue springs	US	39.017	-94.282
bluefields	NI	12.013	-83.764
blumenau	BR	-26.919	-49.066
bnei brak	IL	32.081	34.834
bo	SL	7.965	-11.738
bo gje	VN	21.056	105.867
bo đe	VN	21.056	105.867
boa viagem	BR	-5.128	-39.732
boa vista	BR	2.82	-60.673
boadilla del monte	ES	40.405	-3.878
bobbili	IN	18.574	83.359
bobigny	FR	48.91	2.45
boblingen	DE	48.682	9.012
bobo dioulasso	BF	11.181	-4.295
bobruysk	BY	53.147	29.205
boca chica	DO	18.45	-69.6
boca raton	US	26.359	-80.083
bocaiuva	BR	-17.108	-43.815
bocaue	PH	14.798	120.926
bocholt	DE	51.839	6.615
bochum	DE	51.482	7.216
bocoio	AO	-12.47	14.137
bocono	VE	9.254	-70.251
bodhan	IN	18.662	77.886
bodinayakkanur	IN	10.012	77.35
boditi	ET	6.967	37.867
bodupal	IN	17.419	78.584
boeblingen	DE	48.682	9.012
boedo	AR	-34.633	-58.417
boende	CD	-0.282	20.881
bogale	MM	16.294	95.397
bogenhausen	DE	48.152	11.616
boghni	DZ	36.542	3.953
bognor regis	GB	50.782	-0.68
bogor	ID	-6.594	106.789
bogorodskoye	RU	55.814	37.721
bogota	CO	4.61	-74.082
bogra	BD	24.851	89.371
bohicon	BJ	7.178	2.067
bohodukhivskyi	UA	47.967	37.863
bohuniya	UA	50.277	28.61
boise	US	43.614	-116.203
boituva	BR	-23.283	-47.672
bojnurd	IR	37.475	57.329
bojonegoro	ID	-7.15	111.882
bokaro	IN	23.669	86.152
boke	GN	10.932	-14.291
bokhtar	TJ	37.837	68.778
boksburg	ZA	-26.212	28.26
bol	TD	13.467	14.714
bol soj kamen	RU	43.111	132.35
bole	CN	44.893	82.07
bolenge	CD	0.0	18.217
boleslawiec	PL	51.264	15.57
bolesławiec	PL	51.264	15.57
bolgatanga	GH	10.786	-0.851
boli	CN	45.753	130.585
bolingbrook	US	41.699	-88.068
bolobo	CD	-2.158	16.232
bologna	IT	44.494	11.339
bolpur	IN	23.663	87.697
bolton	GB	53.583	-2.433
bolu	TR	40.736	31.606
bolvadin	TR	38.711	31.049
bolzano	IT	46.491	11.34
bom conselho	BR	-9.17	-36.68
bom despacho	BR	-19.736	-45.252
bom jesus da lapa	BR	-13.255	-43.418
boma	CD	-5.851	13.054
bonab	IR	37.34	46.056
bonan	CN	25.463	99.528
bonao	DO	18.942	-70.411
bondoukou	CI	8.04	-2.8
bondowoso	ID	-7.913	113.821
bondy	FR	48.902	2.489
bonga	ET	7.289	36.242
bongabon	PH	15.632	121.145
bongaigaon	IN	26.477	90.558
bongor	TD	10.281	15.374
bonita springs	US	26.34	-81.779
bonn	DE	50.734	7.095
bonon	CI	6.927	-6.049
bonoua	CI	5.272	-3.596
bontang	ID	0.132	117.485
bootle	GB	53.467	-3.017
bor	RU	56.359	44.073
borama	SO	9.936	43.183
boras	SE	57.721	12.94
borazjan	IR	29.27	51.219
borba	BR	-4.391	-59.589
bordeaux	FR	44.841	-0.58
bordj bou arreridj	DZ	36.074	4.761
bordj el bahri	DZ	36.791	3.25
bordj el kiffan	DZ	36.749	3.192
bordj menaiel	DZ	36.743	3.717
borgerhout	BE	51.21	4.435
borisoglebsk	RU	51.369	42.098
borivli	IN	19.235	72.86
borken	DE	51.844	6.858
borlaenge	SE	60.486	15.437
borlange	SE	60.486	15.437
bornheim	DE	50.763	6.991
bornova	TR	38.479	27.24
borongan	PH	11.608	125.432
borough park	US	40.634	-73.997
borovichi	RU	58.394	33.919
borsad	IN	22.408	72.898
borshchahivka	UA	50.432	30.39
borujen	IR	31.965	51.287
borujerd	IR	33.897	48.752
boryeong	KR	36.349	126.598
boryspil	UA	50.351	30.953
bosaso	SO	11.284	49.182
bosconia	CO	9.971	-73.888
boshan	CN	36.483	117.833
bosque saude	BR	-23.609	-46.623
bossangoa	CF	6.493	17.455
bosse	UA	47.955	37.8
bossier city	US	32.516	-93.732
boston	GB	52.976	-0.027
boston	US	42.358	-71.06
botad	IN	22.169	71.667
botafogo	BR	-22.951	-43.182
bothaville	ZA	-27.389	26.617
bothell	US	47.762	-122.205
botosani	RO	47.75	26.667
botou	CN	38.074	116.567
botshabelo	ZA	-29.267	26.726
bottrop	DE	51.524	6.928
botucatu	BR	-22.886	-48.445
bou arfa	DZ	36.463	2.815
bou ismail	DZ	36.643	2.69
bou saada	DZ	35.209	4.174
bouafle	CI	6.99	-5.744
bouake	CI	7.694	-5.03
bouar	CF	5.934	15.596
boudouaou	DZ	36.727	3.41
boufarik	DZ	36.574	2.912
bougadoum	MR	15.867	-7.369
bougouni	ML	11.418	-7.483
bouira	DZ	36.375	3.902
boujdour	EH	26.131	-14.485
boulder	US	40.015	-105.271
boulogne billancourt	FR	48.835	2.241
boulogne sur mer	FR	50.725	1.614
boumhel el bassatine	TN	36.725	10.235
boundiali	CI	9.522	-6.487
bountiful	US	40.889	-111.881
bourem	ML	16.955	-0.349
bourg en bresse	FR	46.206	5.226
bourges	FR	47.083	2.4
bournemouth	GB	50.72	-1.879
bouskoura	MA	33.45	-7.652
bouznika	MA	33.789	-7.16
bowangshan	CN	28.308	105.052
bowie	US	38.943	-76.73
bowling green	US	36.99	-86.444
boyampalaiyam	IN	11.149	77.354
boyeros	CU	23.007	-82.402
boyle heights	US	34.034	-118.205
boynton beach	US	26.525	-80.066
boyolali	ID	-7.533	110.596
bozeman	US	45.68	-111.039
bozhou	CN	33.877	115.77
bozueyuek	TR	39.908	30.037
bozuyuk	TR	39.908	30.037
bracknell	GB	51.414	-0.751
bradenton	US	27.499	-82.575
bradford	GB	53.794	-1.752
braga	PT	41.551	-8.423
braganca	BR	-1.054	-46.766
braganca paulista	BR	-22.953	-46.544
brahmanbaria	BD	23.975	91.112
brahmapur	IN	19.312	84.793
braila	RO	45.272	27.974
braintree	GB	51.878	0.553
brajarajnagar	IN	21.817	83.917
brakpan	ZA	-26.237	28.369
brampton	CA	43.683	-79.766
brandenburg an der havel	DE	52.417	12.55
brandon	CA	49.847	-99.953
brandon	US	27.938	-82.286
brantford	CA	43.133	-80.266
brasilandia	BR	-23.449	-46.688
brasilia	BR	-15.78	-47.93
brasov	RO	45.649	25.606
brateyevo	RU	55.638	37.764
bratislava	SK	48.148	17.107
bratsk	RU	56.133	101.614
braunschweig	DE	52.266	10.527
brazlandia	BR	-15.679	-48.197
brazzaville	CG	-4.266	15.283
brea	US	33.917	-117.9
breda	NL	51.587	4.776
brejo da madre de deus	BR	-8.146	-36.371
brejo santo	BR	-7.493	-38.987
bremen	DE	53.076	8.807
bremerhaven	DE	53.554	8.576
brena	PE	-12.056	-77.053
brent	GB	51.553	-0.302
brentwood	GB	51.621	0.306
brentwood	US	40.781	-73.246
brescia	IT	45.536	10.215
brest	BY	52.109	23.717
brest	FR	48.39	-4.486
breu branco	BR	-4.001	-49.507
breves	BR	-1.682	-50.48
bria	CF	6.542	21.986
briarwood	US	40.709	-73.815
brick	US	40.059	-74.137
bridgend	GB	51.506	-3.577
bridgeport	US	41.179	-73.189
bridgetown	BB	13.107	-59.62
bridgewater	US	40.601	-74.648
bridgwater	GB	51.128	-3.004
brighouse city centre	CA	49.167	-123.133
brighton	GB	50.828	-0.139
brighton	US	42.35	-71.156
brighton park	US	41.819	-87.699
brigittenau	AT	48.243	16.376
brikama	GM	13.271	-16.649
brindisi	IT	40.632	17.936
brisbane	AU	-27.468	153.028
bristol	GB	51.455	-2.597
bristol	US	41.672	-72.949
brits	ZA	-25.635	27.78
britz	DE	52.443	13.434
brive la gaillarde	FR	45.159	1.533
brixton	GB	51.466	-0.107
brno	CZ	49.195	16.608
brno stred	CZ	49.193	16.607
brockton	US	42.083	-71.018
broken arrow	US	36.053	-95.791
bromma	SE	59.34	17.94
bronkhorstspruit	ZA	-25.81	28.742
brookes point	PH	8.772	117.837
brookhaven	US	33.858	-84.34
brookline	US	42.332	-71.121
brooklyn	US	40.65	-73.95
brooklyn park	US	45.094	-93.356
broomfield	US	39.921	-105.087
brossard	CA	45.45	-73.466
brovary	UA	50.511	30.791
brownsville	US	25.902	-97.497
bruchsal	DE	49.124	8.598
bruehl	DE	50.829	6.905
brugge	BE	51.209	3.224
bruhl	DE	50.829	6.905
brumado	BR	-14.204	-41.665
brusque	BR	-27.098	-48.913
brussels	BE	50.85	4.349
bryan	US	30.674	-96.37
bryanka	UA	48.511	38.672
bryansk	RU	53.271	34.321
bucaramanga	CO	7.125	-73.119
bucha	UA	50.547	30.209
buchanan	LR	5.877	-10.05
bucharest	RO	44.432	26.106
bucheon si	KR	37.499	126.783
buchholz in der nordheide	DE	53.33	9.866
buckeye	US	33.37	-112.584
buckley	GB	53.167	-3.083
buckow	DE	52.422	13.436
buco zau	AO	-4.767	12.55
buda	HU	47.5	19.033
budapest	HU	47.498	19.04
budapest ii  keruelet	HU	47.52	19.022
budapest ii  kerulet	HU	47.52	19.022
budapest iii  keruelet	HU	47.542	19.045
budapest iii  kerulet	HU	47.542	19.045
budapest iv  keruelet	HU	47.562	19.089
budapest iv  kerulet	HU	47.562	19.089
budapest vi  keruelet	HU	47.504	19.066
budapest vi  kerulet	HU	47.504	19.066
budapest viii  keruelet	HU	47.489	19.07
budapest viii  kerulet	HU	47.489	19.07
budapest xi  keruelet	HU	47.476	19.036
budapest xi  kerulet	HU	47.476	19.036
budapest xii  keruelet	HU	47.492	19.015
budapest xii  kerulet	HU	47.492	19.015
budapest xiii  keruelet	HU	47.53	19.081
budapest xiii  kerulet	HU	47.53	19.081
budapest xix  keruelet	HU	47.453	19.149
budapest xix  kerulet	HU	47.453	19.149
budapest xv  keruelet	HU	47.563	19.117
budapest xv  kerulet	HU	47.563	19.117
budapest xvi  keruelet	HU	47.515	19.17
budapest xvi  kerulet	HU	47.515	19.17
budapest xvii  keruelet	HU	47.48	19.254
budapest xvii  kerulet	HU	47.48	19.254
budapest xviii  keruelet	HU	47.444	19.176
budapest xviii  kerulet	HU	47.444	19.176
budapest xx  keruelet	HU	47.437	19.101
budapest xx  kerulet	HU	47.437	19.101
budapest xxi  keruelet	HU	47.422	19.066
budapest xxi  kerulet	HU	47.422	19.066
budapest xxii  keruelet	HU	47.427	19.04
budapest xxii  kerulet	HU	47.427	19.04
budaun	IN	28.038	79.127
budge budge	IN	22.483	88.182
budta	PH	7.204	124.44
buduburam	GH	5.523	-0.477
buduran	ID	-7.428	112.723
budyonnovsk	RU	44.784	44.166
buea	CM	4.153	9.242
buena park	US	33.868	-117.998
buenaventura	CO	3.583	-77.0
buenavista	ES	40.367	-3.746
buenavista	MX	19.608	-99.169
buenavista	PH	8.977	125.409
buende	DE	52.198	8.586
bueng kum	TH	13.785	100.67
buenos aires	AR	-34.613	-58.377
bueyuekcekmece	TR	41.021	28.585
buffalo	US	42.886	-78.878
buffalo grove	US	42.151	-87.96
bugembe	UG	0.482	33.241
bugo	PH	8.508	124.759
bugojno	BA	44.057	17.451
bugulma	RU	54.538	52.798
buguma	NG	4.736	6.862
buguruslan	RU	53.655	52.442
buhe	CN	30.288	112.23
buin	CL	-33.733	-70.743
buique	BR	-8.623	-37.156
bujumbura	BI	-3.382	29.361
bukama	CD	-9.204	25.855
bukan	IR	36.521	46.209
bukavu	CD	-2.491	28.843
bukhara	UZ	39.77	64.431
bukit batok new town	SG	1.359	103.764
bukit bintang	MY	3.147	101.71
bukit gambir	MY	2.211	102.655
bukit indah	MY	1.48	103.66
bukit jalil	MY	3.049	101.68
bukit merah estate	SG	1.284	103.823
bukit mertajam	MY	5.363	100.467
bukit panjang new town	SG	1.38	103.765
bukit rahman putra	MY	3.217	101.561
bukit tengah	MY	5.346	100.439
bukit timah	SG	1.328	103.791
bukittinggi	ID	-0.309	100.371
bukoba	TZ	-1.332	31.812
bulacan	PH	14.793	120.879
bulancak	TR	40.938	38.231
bulandshahr	IN	28.404	77.858
bulaon	PH	15.083	120.663
bulaq abu al  ila	EG	30.06	31.231
bulawayo	ZW	-20.15	28.583
buldana	IN	20.529	76.185
buluan	PH	6.72	124.802
bulungu	CD	-4.544	18.604
bumahen	IR	35.73	51.869
bumba	CD	2.188	22.468
bunamwaya	UG	0.253	32.557
bunawan	PH	8.167	125.991
bunbury	AU	-33.327	115.641
bunda	TZ	-2.022	33.871
bundaberg	AU	-24.866	152.348
bunde	DE	52.198	8.586
bundi	IN	25.439	75.637
bungoma	KE	0.564	34.561
buni	PK	36.273	72.259
bunia	CD	1.559	30.252
bunkyo	JP	35.533	139.422
bununka kunda	GM	13.427	-16.685
buon ho	VN	12.952	108.296
buon ma thuot	VN	12.667	108.038
bur fu ad	EG	31.244	32.32
buram	SD	10.858	25.159
burao	SO	9.522	45.534
burari	IN	28.756	77.199
burauen	PH	10.976	124.893
buraydah	SA	26.326	43.975
burayu	ET	9.035	38.661
burbank	US	34.181	-118.309
burdur	TR	37.72	30.291
bure	ET	10.7	37.067
burewala	PK	30.167	72.65
burgas	BG	42.507	27.469
burgos	ES	42.341	-3.702
burhanpur	IN	21.309	76.23
burhanuddin	BD	22.495	90.724
burien	US	47.47	-122.347
buriticupu	BR	-4.321	-46.455
buritis	BR	-10.212	-63.829
burj al  arab al jadidah	EG	30.885	29.577
burke	US	38.793	-77.272
burla	IN	21.51	83.873
burleson	US	32.542	-97.321
burlington	CA	43.386	-79.837
burlington	US	36.096	-79.438
burnaby	CA	49.266	-122.953
burnley	GB	53.8	-2.233
burnsville	US	44.768	-93.278
bursa	TR	40.196	29.06
burton upon trent	GB	52.807	-1.643
bury	GB	53.6	-2.3
bury st edmunds	GB	52.246	0.711
burzaco	AR	-34.826	-58.395
busan	KR	35.102	129.03
buseresere	TZ	-3.049	31.885
bush	EG	29.148	31.127
bushehr	IR	28.969	50.837
bushwick	US	40.694	-73.919
busia	KE	0.46	34.112
busia	UG	0.466	34.092
business bay	AE	25.185	55.27
businga	CD	3.339	20.886
busto arsizio	IT	45.611	8.849
bustos	PH	14.958	120.918
buta	CD	2.786	24.73
butajira	ET	8.117	38.367
butanta	BR	-23.57	-46.726
butare	RW	-2.597	29.739
butembo	CD	0.142	29.291
butha buthe	LS	-28.767	28.249
buthidaung town	MM	20.875	92.53
butterworth	MY	5.399	100.364
butterworth	ZA	-32.331	28.15
butuan	PH	8.949	125.544
butwal	NP	27.691	83.453
buxar	IN	25.575	83.98
buyeo	KR	36.275	126.909
buynaksk	RU	42.818	47.127
buyukcekmece	TR	41.021	28.585
buzau	RO	45.15	26.833
buzhuang	CN	36.912	119.557
buzi	TW	24.21	120.573
buzuluk	RU	52.778	52.259
bwizibwera	UG	-0.592	30.629
byasanagar	IN	20.956	86.126
bydgoszcz	PL	53.123	18.008
bytom	PL	50.348	18.933
byumba	RW	-1.576	30.067
ca mau	VN	9.177	105.152
caacupe	PY	-25.386	-57.142
caaguazu	PY	-25.471	-56.016
caala	AO	-12.852	15.561
cabaiguan	CU	22.078	-79.496
cabanatuan city	PH	15.486	120.966
cabedelo	BR	-6.981	-34.834
cabiao	PH	15.249	120.855
cabimas	VE	10.399	-71.452
cabinda	AO	-5.562	12.195
cabo de santo agostinho	BR	-8.288	-35.029
cabo frio	BR	-22.887	-42.026
cabo san lucas	MX	22.891	-109.912
cabreuva	BR	-23.308	-47.133
cabudare	VE	10.027	-69.262
cabudwaaq	SO	6.246	46.225
cabuyao	PH	14.273	121.126
cacador	BR	-26.775	-51.015
cacak	RS	43.891	20.35
cacapava	BR	-23.101	-45.707
cacem	PT	38.767	-9.298
caceres	BR	-16.071	-57.679
caceres	ES	39.476	-6.372
cachoeira do sul	BR	-30.039	-52.894
cachoeiras de macacu	BR	-22.462	-42.653
cachoeirinha	BR	-23.454	-46.662
cachoeiro de itapemirim	BR	-20.849	-41.113
cacoal	BR	-11.439	-61.447
cacocum	CU	20.737	-76.326
cacuaco	AO	-8.78	13.375
cadereyta	MX	25.583	-99.983
cadereyta jimenez	MX	25.591	-100.001
cadiz	ES	36.527	-6.289
cadiz	PH	10.947	123.288
caen	FR	49.186	-0.359
caetite	BR	-14.069	-42.475
cafunfo	AO	-8.767	17.996
cagayan de oro	PH	8.482	124.647
cagliari	IT	39.231	9.119
cagnes sur mer	FR	43.664	7.148
cagua	VE	10.186	-67.459
caguas	PR	18.234	-66.049
cahama	AO	-16.286	14.31
cai lay	VN	10.4	106.117
cai rang	VN	10.001	105.751
caicara del orinoco	VE	7.635	-66.168
caico	BR	-6.458	-37.098
caidian	CN	30.583	114.033
caieiras	BR	-23.364	-46.741
caijia	CN	28.909	106.34
cainta	PH	14.579	121.122
cair	MK	42.015	21.441
cairns	AU	-16.924	145.766
cairo	EG	30.063	31.25
cajamar	BR	-23.356	-46.877
cajamarca	PE	-7.164	-78.5
cajazeiras	BR	-6.89	-38.555
cajica	CO	4.919	-74.028
calabanga	PH	13.707	123.209
calabar	NG	4.959	8.327
calabozo	VE	8.924	-67.429
calais	FR	50.952	1.856
calama	CL	-22.457	-68.924
calamba	PH	14.212	121.165
calapan	PH	13.412	121.18
calarca	CO	4.529	-75.64
calasiao	PH	16.011	120.36
calauag	PH	13.957	122.288
calauan	PH	14.15	121.315
calbayog city	PH	12.067	124.596
caldas	CO	6.091	-75.636
caldas novas	BR	-17.744	-48.628
caldwell	US	43.663	-116.687
caledon	CA	43.865	-79.993
caleta olivia	AR	-46.448	-67.523
calexico	US	32.679	-115.499
calgary	CA	51.05	-114.085
cali	CO	3.431	-76.52
callao	PE	-12.052	-77.135
caloocan	PH	14.65	120.968
caloundra	AU	-26.803	153.122
caltanissetta	IT	37.49	14.062
caluire et cuire	FR	45.795	4.846
calulo	AO	-10.001	14.895
calumbo	AO	-9.147	13.419
calumpit	PH	14.916	120.766
calvia	ES	39.566	2.506
cam le	VN	16.018	108.204
cam pha	VN	21.01	107.273
cam pha mines	VN	21.017	107.3
cam ranh	VN	11.921	109.159
camacari	BR	-12.697	-38.324
camacupa	AO	-12.017	17.483
camagueey	CU	21.381	-77.917
camaguey	CU	21.381	-77.917
camama	AO	-8.936	13.265
camaqua	BR	-30.851	-51.812
camaragibe	BR	-8.022	-34.981
camarillo	US	34.216	-119.038
camayenne	GN	9.535	-13.688
cambe	BR	-23.276	-51.278
camboriu	BR	-27.025	-48.654
cambridge	CA	43.36	-80.313
cambridge	GB	52.2	0.117
cambridge	US	42.375	-71.106
cambuci	BR	-23.564	-46.617
camden	US	39.926	-75.12
cameta	BR	-2.244	-49.496
camocim	BR	-2.902	-40.841
campana	AR	-34.163	-58.959
campbell	US	37.287	-121.95
campeche	MX	19.841	-90.517
campina	ES	38.219	-2.981
campina	RO	45.126	25.735
campina grande	BR	-7.231	-35.881
campina grande do sul	BR	-25.306	-49.055
campinas	BR	-22.906	-47.061
campo belo	BR	-23.628	-46.668
campo bom	BR	-29.679	-51.053
campo di marte	IT	43.777	11.277
campo formoso	BR	-10.508	-40.321
campo grande	BR	-20.443	-54.646
campo largo	BR	-25.46	-49.53
campo limpo	BR	-23.636	-46.766
campo limpo paulista	BR	-23.206	-46.784
campo maior	BR	-4.828	-42.169
campo mourao	BR	-24.043	-52.379
campo verde	BR	-15.547	-55.169
campobasso	IT	41.559	14.667
campos do jordao	BR	-22.739	-45.591
campos dos goytacazes	BR	-21.752	-41.33
camucuio	AO	-14.114	13.241
can gio	VN	10.411	106.955
can giuoc	VN	10.609	106.671
can gjuoc	VN	10.51	106.603
can tho	VN	10.037	105.788
can đuoc	VN	10.51	106.603
canakkale	TR	40.156	26.413
canarsie	US	40.644	-73.901
canary wharf	GB	51.505	-0.021
canberra	AU	-35.283	149.128
cancun	MX	21.174	-86.847
candaba	PH	15.096	120.827
candeias	BR	-12.668	-38.551
candelaria	PH	13.931	121.423
candi prambanan	ID	-7.75	110.494
canela	BR	-29.356	-50.814
cangaiba	BR	-23.497	-46.52
cangandala	AO	-9.783	16.433
cangucu	BR	-31.395	-52.676
cangzhou	CN	38.311	116.853
caninde	BR	-4.359	-39.312
cankaya	TR	39.918	32.863
cankiri	TR	40.6	33.615
cankırı	TR	40.6	33.615
canlaon	PH	10.387	123.223
cannes	FR	43.551	7.013
canning	IN	22.314	88.665
canning town	GB	51.514	0.019
cannock	GB	52.69	-2.031
canoas	BR	-29.918	-51.184
canoga park	US	34.201	-118.598
canoinhas	BR	-26.177	-50.39
cantaura	VE	9.306	-64.358
cantel	GT	14.812	-91.455
canterbury	GB	51.279	1.08
canton	US	42.309	-83.482
canuelas	AR	-35.054	-58.762
canyon country	US	34.423	-118.472
cao bang	VN	22.666	106.258
cao lanh	VN	10.46	105.633
caohe	CN	30.23	115.433
caojie	CN	29.998	106.39
caoqiao	CN	34.34	118.11
caotun	TW	23.977	120.688
cap haitien	HT	19.759	-72.198
capacho nuevo	VE	7.825	-72.308
capanema	BR	-1.196	-47.181
capannori	IT	43.842	10.573
capao bonito	BR	-24.006	-48.349
capao da canoa	BR	-29.746	-50.01
capao redondo	BR	-23.669	-46.781
capas	PH	15.331	120.59
cape coast	GH	5.105	-1.247
cape coral	US	26.563	-81.95
cape town	ZA	-33.926	18.423
capelle aan den ijssel	NL	51.929	4.578
capiata	PY	-25.355	-57.445
capitao poco	BR	-1.746	-47.059
capivari	BR	-22.995	-47.508
carabanchel	ES	40.391	-3.724
caracas	VE	10.488	-66.879
caraguatatuba	BR	-23.62	-45.413
caranavi	BO	-15.834	-67.566
carapicuiba	BR	-23.523	-46.835
caratinga	BR	-19.79	-42.139
carazinho	BR	-28.284	-52.786
carcar	PH	10.106	123.64
carcassonne	FR	43.216	2.349
cardenas	CU	23.036	-81.206
cardenas	MX	18.001	-93.376
cardiff	GB	51.48	-3.18
cardona	PH	14.486	121.228
cariacica	BR	-20.264	-40.42
cariaco	VE	10.497	-63.553
caringin	ID	-6.706	106.821
caripito	VE	10.111	-63.1
carletonville	ZA	-26.361	27.398
carlisle	GB	54.895	-2.938
carlsbad	US	33.158	-117.351
carmel	US	39.978	-86.118
carmen de la legua reynoso	PE	-12.054	-77.098
carmen de viboral	CO	6.082	-75.335
carmichael	US	38.617	-121.328
carmona	PH	14.313	121.058
carnot	CF	4.943	15.877
carol city	US	25.941	-80.246
carol stream	US	41.913	-88.135
carolina	PR	18.381	-65.957
carora	VE	10.173	-70.081
carpi	IT	44.782	10.878
carpina	BR	-7.851	-35.255
carrao	BR	-23.551	-46.538
carrara	IT	44.079	10.098
carrefour	HT	18.533	-72.4
carrizal	VE	10.35	-66.986
carrollton	US	32.954	-96.89
carrollwood village	US	28.068	-82.521
carsamba	TR	41.199	36.722
carshalton	GB	51.368	-0.168
carson	US	33.831	-118.282
carson city	US	39.164	-119.767
cartagena	CO	10.398	-75.493
cartagena	ES	37.602	-0.984
cartago	CO	4.745	-75.912
caruaru	BR	-8.283	-35.976
carupano	VE	10.665	-63.254
cary	US	35.792	-78.781
casa grande	US	32.88	-111.757
casa nova	BR	-9.174	-40.975
casa verde	BR	-23.501	-46.657
casablanca	MA	33.588	-7.611
casalnuovo di napoli	IT	40.91	14.342
casas adobes	US	32.323	-110.995
cascavel	BR	-24.956	-53.455
cascina	IT	43.676	10.555
casco historico de vallecas	ES	40.349	-3.616
caserta	IT	41.073	14.332
casimiro de abreu	BR	-22.481	-42.204
casoria	IT	40.908	14.293
casper	US	42.867	-106.313
castanhal	BR	-1.294	-47.926
castelar	AR	-34.651	-58.641
castellammare di stabia	IT	40.702	14.487
castelldefels	ES	41.278	1.97
castello de la plana	ES	39.986	-0.049
castle rock	US	39.372	-104.856
castleford	GB	53.726	-1.363
castlereagh	GB	54.574	-5.885
castres	FR	43.605	2.241
castro	BR	-24.789	-50.012
castro	CL	-42.472	-73.773
castro valley	US	37.694	-122.086
castrop rauxel	DE	51.557	7.312
catacamas	HN	14.851	-85.894
catacaos	PE	-5.267	-80.683
cataguases	BR	-21.389	-42.697
catalao	BR	-18.166	-47.946
catalina foothills	US	32.298	-110.919
catamarca	AR	-28.47	-65.785
catanduva	BR	-21.138	-48.973
catania	IT	37.492	15.07
catanzaro	IT	38.882	16.601
catarman	PH	12.499	124.638
catbalogan	PH	11.775	124.886
catchiungo	AO	-12.566	16.226
catford	GB	51.445	-0.02
cathedral city	US	33.78	-116.465
catia la mar	VE	10.605	-67.032
catonsville	US	39.272	-76.732
catu	BR	-12.353	-38.379
catumbela	AO	-12.43	13.547
cau giay	VN	21.032	105.801
caucagueito	VE	10.487	-66.738
caucaguito	VE	10.487	-66.738
caucaia	BR	-3.736	-38.653
caucasia	CO	7.987	-75.193
cava de tirreni	IT	40.7	14.708
cavite city	PH	14.484	120.899
caxias	BR	-4.859	-43.356
caxias do sul	BR	-29.168	-51.179
caxito	AO	-8.578	13.664
cayenne	GF	4.938	-52.335
cazenga	AO	-8.838	13.284
ceara mirim	BR	-5.634	-35.426
cebu city	PH	10.317	123.891
cedar falls	US	42.528	-92.445
cedar hill	US	32.588	-96.956
cedar park	US	30.505	-97.82
cedar rapids	US	42.008	-91.644
ceilandia	BR	-15.809	-48.131
cela	AO	-11.422	15.123
celaya	MX	20.522	-100.814
celina	US	33.325	-96.784
celle	DE	52.623	10.08
centar zupa	MK	41.478	20.559
centenario	AR	-38.83	-68.132
centenario	PE	-9.517	-77.53
centennial	US	39.579	-104.877
center city	US	39.951	-75.159
central city	US	33.44	-112.058
central coast	AU	-33.43	151.371
centralniy	RU	59.931	30.361
centre city	CA	51.045	-114.074
centreville	US	38.84	-77.429
centro	ES	28.127	-15.431
centro habana	CU	23.135	-82.369
centurion	ZA	-25.859	28.186
cepu	ID	-7.147	111.591
cerdanyola del valles	ES	41.491	2.141
ceres	US	37.595	-120.958
ceres	ZA	-33.369	19.311
cerete	CO	8.885	-75.791
cergy	FR	49.036	2.076
cergy pontoise	FR	49.039	2.078
cerignola	IT	41.265	15.896
cerkezkoey	TR	41.286	27.999
cerkezkoy	TR	41.286	27.999
cerquilho	BR	-23.165	-47.744
cerritos	US	33.858	-118.065
cerro	CU	23.108	-82.384
cerro de pasco	PE	-10.666	-76.253
cesena	IT	44.139	12.243
ceske budejovice	CZ	48.974	14.474
ceuta	ES	35.889	-5.32
ceyhan	TR	37.025	35.818
ch iko	ET	6.583	38.333
ch ongdan up	KP	37.97	125.938
ch osal li	KP	39.403	125.509
cha am	TH	12.8	99.967
chabahar	IR	25.292	60.643
chacabuco	AR	-34.642	-60.471
chacao	VE	10.496	-66.854
chachoengsao	TH	13.688	101.072
chaeryong ni	KP	38.736	125.231
chaeryong up	KP	38.399	125.616
chagni	ET	10.956	36.505
chaguanas	TT	10.517	-61.417
chahar dangeh	IR	35.603	51.31
chaharbagh	IR	35.839	50.848
chaibasa	IN	22.55	85.802
chaidari	GR	38.011	23.666
chaigou	CN	36.249	119.624
chaihe	CN	44.76	129.678
chaiyaphum	TH	15.81	102.029
chak	PK	27.858	68.834
chak jhumra	PK	31.568	73.183
chak thirty one  eleven left	PK	30.424	72.697
chakan	IN	18.761	73.864
chake chake	TZ	-5.246	39.767
chakradharpur	IN	22.676	85.629
chakwal	PK	32.933	72.854
chakwama	NG	11.56	9.664
chalco	MX	19.262	-98.898
chalisgaon	IN	20.458	75.016
chalkida	GR	38.464	23.603
challakere	IN	14.318	76.652
chalon sur saone	FR	46.781	4.854
chalons en champagne	FR	48.954	4.367
chalus	IR	36.655	51.42
chaman	PK	30.918	66.453
chamartin	ES	40.462	-3.677
chamberi	ES	40.434	-3.704
chambery	FR	45.566	5.921
champa	IN	22.035	82.642
champaign	US	40.116	-88.243
champigny sur marne	FR	48.816	2.494
chamrajnagar	IN	11.923	76.939
chanda	IN	19.951	79.295
chandannagar	IN	22.862	88.368
chandigarh	IN	30.736	76.788
chandler	US	33.306	-111.841
chandpur	BD	23.227	90.654
chandpur	IN	29.135	78.272
chanduasi	IN	28.452	78.783
chang hua	TW	24.073	120.563
changam ch on	KP	40.606	128.782
changanacheri	IN	9.442	76.536
changbai	CN	41.418	128.196
changcheng	CN	36.091	119.452
changchun	CN	43.88	125.323
changde	CN	29.032	111.698
changdian	CN	34.776	116.583
changhua	TW	24.069	120.551
changji	CN	44.008	87.305
changle	CN	36.706	118.828
changleng	CN	28.7	115.817
changli	CN	39.706	119.16
changling	CN	44.273	123.976
changning	CN	31.217	121.421
changnyeong	KR	35.541	128.495
changping	CN	40.216	116.235
changqing	CN	36.557	116.727
changsha	CN	28.199	112.971
changshu	CN	31.646	120.742
changtu	CN	42.779	124.095
changwon	KR	35.228	128.681
changyi	CN	36.854	119.391
changyuan	CN	29.405	105.588
changzheng	CN	31.239	121.368
changzhi	CN	36.184	113.105
changzhou	CN	31.774	119.954
chania	GR	35.511	24.029
channapatna	IN	12.651	77.207
channarayapatna	IN	12.906	76.388
chanthaburi	TH	12.61	102.104
chaohu	CN	31.6	117.867
chaoyang	CN	41.57	120.459
chaozhou	CN	23.654	116.623
chaozhou	TW	22.55	120.541
chapadinha	BR	-3.742	-43.36
chapayevsk	RU	52.977	49.709
chapeco	BR	-27.096	-52.618
chapel hill	US	35.913	-79.056
chapra	IN	25.78	84.747
charallave	VE	10.242	-66.857
charikar	AF	35.014	69.171
charikot	NP	27.668	86.052
charkhi dadri	IN	28.592	76.272
charleroi	BE	50.411	4.444
charlesbourg	CA	46.899	-71.305
charleston	US	32.776	-79.933
charleville mezieres	FR	49.769	4.725
charlotte	US	35.227	-80.843
charlottenburg	DE	52.517	13.283
charlottenlund	DK	55.752	12.575
charlottesville	US	38.029	-78.477
charsadda	PK	34.148	71.741
chartres	FR	48.447	1.489
chas	IN	23.636	86.167
chateauguay	CA	45.383	-73.749
chateauroux	FR	46.812	1.694
chatham	CA	42.412	-82.185
chatham	GB	51.379	0.528
chatra	IN	24.206	84.871
chatsworth	US	34.257	-118.601
chattanooga	US	35.046	-85.31
chattogram	BD	22.338	91.832
chatuchak	TH	13.829	100.559
chau gjoc	VN	10.7	105.117
chau phong	VN	10.717	105.133
chau đoc	VN	10.7	105.117
chauk	MM	20.899	94.818
chaumu	IN	27.17	75.722
chautara	NP	27.776	85.713
chavara	IN	8.967	76.542
chaykovskiy	RU	56.763	54.113
chebarkul	RU	54.978	60.366
cheboksary	RU	56.132	47.246
cheektowaga	US	42.903	-78.755
chefchaouen	MA	35.169	-5.264
chefushan	CN	34.475	117.751
chegutu	ZW	-18.13	30.141
chekhov	RU	55.146	37.462
chelghoum el aid	DZ	36.163	6.167
chelles	FR	48.881	2.593
chelm	PL	51.143	23.472
chelmsford	GB	51.736	0.47
chelsea	GB	51.488	-0.169
cheltenham	GB	51.9	-2.08
chelyabinsk	RU	55.161	61.429
chemnitz	DE	50.836	12.929
chenaran	IR	36.645	59.121
chengalpattu	IN	12.692	79.977
chengde	CN	40.952	117.959
chengdu	CN	30.667	104.067
chenggu	CN	33.149	107.326
chengguan qu	CN	29.638	91.044
chenghua	CN	23.461	116.77
chengqiao	CN	31.631	121.393
chengtangcun	CN	35.084	117.191
chengxi	CN	30.209	107.259
chengxian chengguanzhen	CN	33.748	105.733
chengxiang	CN	31.398	109.571
chengyang	CN	35.579	118.833
chengzhong	CN	30.945	113.553
chengzihe	CN	45.336	131.005
chenlou	CN	34.389	118.05
chennai	IN	13.088	80.278
chenzhou	CN	25.8	113.033
cheonan	KR	36.806	127.152
cheongju si	KR	36.637	127.49
cheorwon	KR	38.209	127.218
chepen	PE	-7.224	-79.425
cheras	MY	3.108	101.726
cheremkhovo	RU	53.147	103.082
cheremushki	RU	55.665	37.561
cheremushky	UA	46.433	30.712
cherepovets	RU	59.133	37.9
cheria	DZ	35.273	7.752
cherkasy	UA	49.445	32.057
cherkessk	RU	44.224	42.046
chernaya rechka	RU	59.986	30.303
chernihiv	UA	51.505	31.287
chernivtsi	UA	48.29	25.932
chernogorsk	RU	53.829	91.31
chernyakhovsk	RU	54.633	21.816
cherry hill	US	39.935	-75.031
chertanovo yuzhnoye	RU	55.591	37.595
cherthala	IN	9.684	76.336
cheruvannur	IN	11.19	75.828
chesapeake	US	36.819	-76.275
cheshunt	GB	51.7	-0.03
chester	GB	53.191	-2.892
chesterfield	GB	53.25	-1.417
chesterfield	US	38.663	-90.577
chetumal	MX	18.52	-88.304
cheyenne	US	41.14	-104.82
chełm	PL	51.143	23.472
chhatarpur	IN	24.918	79.589
chhaya	IN	21.629	69.634
chhibramau	IN	27.149	79.501
chhindwara	IN	22.057	78.94
chi linh	VN	21.067	106.317
chia	CO	4.859	-74.059
chiaia	IT	40.833	14.227
chiang mai	TH	18.79	98.985
chiang rai	TH	19.909	99.832
chiapa de corzo	MX	16.707	-93.012
chiayi city	TW	23.479	120.449
chiba	JP	35.6	140.117
chibuto	MZ	-24.687	33.531
chicacao	GT	14.543	-91.326
chicago	US	41.85	-87.65
chicago lawn	US	41.775	-87.696
chichawatni	PK	30.53	72.692
chichibu	JP	35.99	139.076
chichicastenango	GT	14.943	-91.111
chiclana de la frontera	ES	36.42	-6.144
chiclayo	PE	-6.77	-79.855
chico	US	39.728	-121.837
chicoloapan	MX	19.417	-98.902
chicopee	US	42.149	-72.608
chicoutimi	CA	48.42	-71.064
chidambaram	IN	11.399	79.691
chidawa	IN	28.239	75.64
chieti	IT	42.348	14.165
chifeng	CN	42.268	118.964
chigasaki	JP	35.336	139.404
chigorodo	CO	7.666	-76.681
chiguayante	CL	-36.926	-73.028
chihuahua	MX	28.635	-106.089
chik ballapur	IN	13.435	77.728
chikhli	IN	20.35	76.258
chikmagalur	IN	13.322	75.774
chikugo	JP	33.205	130.492
chikuma	JP	36.527	138.089
chikusei	JP	36.316	139.982
chikushino shi	JP	33.496	130.516
chilakalurupet	IN	16.09	80.167
chilanga township	ZM	-15.571	28.27
chilanzar	UZ	41.282	69.181
chilca	PE	-12.086	-75.208
chilecito	AR	-29.162	-67.499
chililabombwe	ZM	-12.365	27.823
chilla soroda bangar	IN	28.596	77.302
chillan	CL	-36.607	-72.103
chilliwack	CA	49.166	-121.953
chilmari	BD	25.556	89.671
chilpancingo	MX	17.552	-99.501
chimaltenango	GT	14.659	-90.822
chimbas	AR	-31.493	-68.533
chimbote	PE	-9.075	-78.594
chimoio	MZ	-19.116	33.483
chinandega	NI	12.63	-87.131
chinatown	US	37.797	-122.409
chinautla	GT	14.703	-90.5
chinch on	KR	36.857	127.443
chincha alta	PE	-13.41	-76.132
chinchina	CO	4.983	-75.605
chingford	GB	51.63	0.001
chingola	ZM	-12.529	27.884
chinhoyi	ZW	-17.367	30.2
chiniot	PK	31.721	72.978
chinju	KR	35.193	128.085
chinnachowk	IN	14.475	78.835
chinnamanur	IN	9.84	77.381
chino	JP	35.994	138.154
chino	US	34.012	-117.689
chino hills	US	33.994	-117.759
chintamani	IN	13.401	78.052
chinu	CO	9.106	-75.398
chioggia	IT	45.219	12.278
chipata	ZM	-13.633	32.65
chiplun	IN	17.533	73.509
chiquimula	GT	14.801	-89.546
chiquinquira	CO	5.616	-73.817
chirakkal	IN	11.913	75.361
chirala	IN	15.824	80.352
chirchiq	UZ	41.469	69.582
chiredzi	ZW	-21.05	31.667
chirkunda	IN	23.748	86.788
chirmiri	IN	23.191	82.353
chiryu	JP	35.0	137.033
chisankane	ZM	-15.482	28.351
chishtian	PK	29.797	72.858
chisinau	MD	47.009	28.859
chistopol	RU	55.366	50.644
chita	JP	35.003	136.864
chita	RU	52.043	113.492
chitato	AO	-7.3	20.733
chitose	JP	42.819	141.652
chitradurga	IN	14.223	76.4
chitral	PK	35.852	71.786
chittaranjan	IN	23.857	86.903
chittoor	IN	13.211	79.096
chittorgarh	IN	24.89	74.624
chitungwiza	ZW	-18.013	31.076
chivacoa	VE	10.16	-68.895
chivilcoy	AR	-34.897	-60.019
chiyoda	JP	35.684	139.751
chizhou	CN	30.661	117.478
chlef	DZ	36.165	1.335
cho lon	VN	10.75	106.65
choa chu kang new town	SG	1.383	103.75
choa saidan shah	PK	32.72	72.986
chodov	CZ	50.037	14.504
chofu	JP	35.659	139.548
choibalsan	MN	48.073	114.533
chokolivka	UA	50.424	30.447
chokwe	MZ	-24.533	32.983
cholet	FR	47.059	-0.88
choloma	HN	15.614	-87.953
cholula	MX	19.064	-98.304
chom thong	TH	13.677	100.484
choma	ZM	-16.809	26.988
chomedey	CA	45.533	-73.75
chomutov	CZ	50.46	13.418
chon buri	TH	13.362	100.983
chon thanh	VN	11.428	106.635
chone	EC	-0.699	-80.093
chong nonsi	TH	13.693	100.549
chongfu	CN	30.531	120.431
chongjin	KP	41.796	129.776
chonglong	CN	29.781	104.852
chongming	CN	31.619	121.696
chongqing	CN	29.56	106.558
chongwe	ZM	-15.329	28.682
chongxing	CN	38.033	106.3
chongzuo	CN	22.382	107.368
choornikkara	IN	10.088	76.341
chopda	IN	21.246	75.299
chornomors k	UA	46.299	30.655
chortoq	UZ	41.069	71.824
chorzow	PL	50.306	18.974
choshi	JP	35.733	140.833
chosica	PE	-11.943	-76.709
choudwar	IN	20.539	85.915
christchurch	NZ	-43.533	172.633
chu	VN	21.374	106.566
chuhar kana	PK	31.75	73.8
chula vista	US	32.64	-117.084
chulucanas	PE	-5.093	-80.162
chum phae	TH	16.544	102.099
chumakivskyi	UA	47.957	37.942
chumphon	TH	10.496	99.18
chuncheon	KR	37.875	127.734
chunga	ZM	-15.317	28.269
chunggang	KP	41.777	126.874
chungju	KR	36.977	127.929
chunian	PK	30.966	73.979
chuo	JP	35.67	139.775
churachandpur	IN	24.334	93.67
churu	IN	28.304	74.967
chusovoy	RU	58.289	57.813
chust	UZ	41.003	71.238
chuxiong	CN	25.036	101.546
chuzhou	CN	32.322	118.298
chystyakove	UA	48.039	38.597
ciamis	ID	-7.326	108.353
ciampea	ID	-6.555	106.701
cianjur	ID	-6.822	107.139
cianorte	BR	-23.663	-52.605
cibinong	ID	-6.482	106.854
cicero	US	41.846	-87.754
cicurug	ID	-6.781	106.782
cidade ademar	BR	-23.674	-46.657
cidade dutra	BR	-23.726	-46.702
cidade lider	BR	-23.562	-46.491
cidade ocidental	BR	-16.11	-47.933
cidade tiradentes	BR	-23.585	-46.401
ciechanow	PL	52.881	20.62
ciego de avila	CU	21.842	-78.76
cienaga	CO	11.007	-74.248
cienfuegos	CU	22.147	-80.448
cifuentes	CU	22.649	-80.049
cigli	TR	38.496	27.07
cihuatlan	MX	19.237	-104.565
cikampek	ID	-6.42	107.456
cikarang	ID	-6.261	107.153
cikupa	ID	-6.236	106.508
cilacap	ID	-7.726	109.009
cilegon	ID	-6.014	106.054
cileungsir	ID	-6.395	106.959
cileunyi	ID	-6.939	107.753
cimahi	ID	-6.872	107.543
cimitarra	CO	6.314	-73.95
cincinnati	US	39.127	-84.514
cinisello balsamo	IT	45.558	9.215
cintalapa de figueroa	MX	16.684	-93.718
cipolletti	AR	-38.934	-67.99
ciputat	ID	-6.237	106.696
ciranjang hilir	ID	-6.82	107.257
circoiscrizione i	IT	45.066	7.687
circoiscrizione ii	IT	45.05	7.641
circoiscrizione iii	IT	45.063	7.631
circoiscrizione iv	IT	45.081	7.632
circoiscrizione v	IT	45.101	7.655
circoiscrizione vi	IT	45.102	7.7
circoiscrizione vii	IT	45.078	7.697
circoiscrizione viii	IT	45.038	7.672
cirebon	ID	-6.706	108.557
ciro	ET	7.833	38.233
cite soleil	HT	18.58	-72.338
citeureup	ID	-6.486	106.882
citrus heights	US	38.707	-121.281
city of isabela	PH	6.704	121.971
city of milford  balance	US	41.224	-73.062
city of port phillip	AU	-37.834	144.938
city of sammamish	US	47.604	-122.038
city of westminster	GB	51.498	-0.136
ciudad acuna	MX	29.323	-100.952
ciudad apodaca	MX	25.781	-100.189
ciudad benito juarez	MX	25.647	-100.091
ciudad bolivar	VE	8.124	-63.547
ciudad bolivia	VE	8.353	-70.571
ciudad camilo cienfuegos	CU	23.161	-82.328
ciudad choluteca	HN	13.306	-87.179
ciudad constitucion	MX	25.032	-111.663
ciudad de huajuapan de leon	MX	17.808	-97.78
ciudad de las heras	AR	-32.851	-68.836
ciudad de villa de alvarez	MX	19.267	-103.738
ciudad del carmen	MX	18.646	-91.83
ciudad del este	PY	-25.504	-54.651
ciudad delicias	MX	28.19	-105.47
ciudad general escobedo	MX	25.797	-100.318
ciudad guayana	VE	8.351	-62.641
ciudad guzman	MX	19.704	-103.464
ciudad hidalgo	MX	19.69	-100.555
ciudad juarez	MX	31.72	-106.461
ciudad lazaro cardenas	MX	17.963	-102.199
ciudad lineal	ES	40.445	-3.651
ciudad lopez mateos	MX	19.558	-99.257
ciudad madero	MX	22.247	-97.837
ciudad mante	MX	22.743	-98.972
ciudad nezahualcoyotl	MX	19.401	-99.015
ciudad obregon	MX	27.486	-109.941
ciudad ojeda	VE	10.202	-71.315
ciudad piar	VE	7.452	-63.32
ciudad real	ES	38.986	-3.929
ciudad rio bravo	MX	25.985	-98.09
ciudad sandino	NI	12.159	-86.344
ciudad satelite	PE	-16.431	-71.529
ciudad valles	MX	21.996	-99.011
ciudad victoria	MX	23.741	-99.144
ciutat vella	ES	41.38	2.173
civitanova marche	IT	43.305	13.721
civitavecchia	IT	42.093	11.797
cixi	CN	30.176	121.246
cizre	TR	37.33	42.185
clacton on sea	GB	51.79	1.156
clamart	FR	48.803	2.267
clarksville	US	36.53	-87.359
clay	US	43.186	-76.172
clearwater	US	27.966	-82.8
clementi housing estate	SG	1.316	103.765
clermont ferrand	FR	45.78	3.087
cleveland	US	41.499	-81.695
cleveland heights	US	41.52	-81.556
clichy	FR	48.9	2.31
clifton	US	40.858	-74.164
clinton township	US	42.587	-82.92
closepet	IN	12.722	77.281
cloverdale	CA	49.108	-122.728
clovis	US	36.825	-119.703
cluj napoca	RO	46.767	23.6
co gjo	VN	10.094	105.429
co đo	VN	10.094	105.429
coacalco	MX	19.629	-99.107
coachella	US	33.68	-116.174
coari	BR	-4.085	-63.141
coatbridge	GB	55.862	-4.025
coatepec	MX	19.452	-96.961
coatepeque	GT	14.704	-91.864
coatzacoalcos	MX	18.149	-94.445
coban	GT	15.47	-90.375
coburg	DE	50.259	10.964
cochabamba	BO	-17.382	-66.16
coconut creek	US	26.252	-80.179
cocorote	VE	10.32	-68.783
codo	BR	-4.455	-43.886
coelho neto	BR	-4.257	-43.013
coeur d alene	US	47.678	-116.78
coffs harbour	AU	-30.296	153.114
cogan	PH	10.593	124.018
coimbatore	IN	11.006	76.966
coimbra	PT	40.207	-8.42
coity	GB	51.522	-3.555
cojutepeque	SV	13.72	-88.933
colatina	BR	-19.539	-40.631
colcapirhua	BO	-17.386	-66.238
colchester	GB	51.889	0.904
colegiales	AR	-34.574	-58.449
colima	MX	19.245	-103.713
colina	CL	-33.204	-70.675
colinas	BR	-6.026	-44.249
collado villalba	ES	40.635	-4.005
college station	US	30.628	-96.334
collegno	IT	45.079	7.567
collierville	US	35.042	-89.665
colmar	FR	48.081	7.356
colmenar viejo	ES	40.659	-3.768
cologno monzese	IT	45.53	9.278
colomba	GT	14.707	-91.732
colombes	FR	48.919	2.254
colombo	BR	-25.292	-49.224
colombo	LK	6.935	79.849
colon	AR	-32.223	-58.144
colon	CU	22.721	-80.904
colon	PA	9.36	-79.9
colon	VE	8.031	-72.261
colonia del sol	MX	22.913	-109.927
colonia del valle	MX	19.386	-99.162
colonia lindavista	MX	19.492	-99.125
colonia nativitas	MX	19.381	-99.137
colorado springs	US	38.834	-104.821
colton	US	34.074	-117.314
columbia	US	34.001	-81.035
columbus	US	39.961	-82.999
comal	ID	-6.905	109.535
comalcalco	MX	18.265	-93.224
comayagua	HN	14.456	-87.64
come	BJ	6.408	1.882
comilla	BD	23.462	91.185
comitan	MX	16.24	-92.137
comitancillo	GT	15.089	-91.75
commerce city	US	39.808	-104.934
commonwealth	PH	14.697	121.08
como	IT	45.808	9.083
comodoro rivadavia	AR	-45.863	-67.494
compiegne	FR	49.418	2.826
compostela	PH	7.673	126.089
compton	US	33.896	-118.22
conakry	GN	9.538	-13.677
conceicao do araguaia	BR	-8.264	-49.27
conceicao do coite	BR	-11.564	-39.283
concepcion	CL	-36.827	-73.05
concepcion	PH	15.325	120.657
concepcion	PY	-23.4	-57.432
concepcion	VE	10.412	-71.689
concepcion del uruguay	AR	-32.485	-58.232
concon	CL	-32.922	-71.516
concord	US	37.978	-122.031
concordia	AR	-31.392	-58.017
concordia	BR	-27.234	-52.028
coney island	US	40.578	-73.994
confederation	CA	52.139	-106.704
congonhas	BR	-20.505	-43.859
cono norte	PE	-16.324	-71.582
conroe	US	30.312	-95.456
conselheiro lafaiete	BR	-20.66	-43.786
consolacao	BR	-23.552	-46.657
consolacion	PH	10.377	123.957
consolacion del sur	CU	22.505	-83.513
constanta	RO	44.181	28.634
constantine	DZ	36.365	6.615
constitucion	CL	-35.333	-72.412
contagem	BR	-19.932	-44.054
contai	IN	21.78	87.749
contramaestre	CU	20.299	-76.245
contumo	GW	11.85	-15.617
conway	US	35.089	-92.442
coon rapids	US	45.12	-93.288
coonoor	IN	11.35	76.794
copacabana	BR	-22.969	-43.186
copacabana	CO	6.346	-75.509
copenhagen	DK	55.676	12.566
copiapo	CL	-27.367	-70.332
coppell	US	32.955	-97.015
coquimbo	CL	-29.953	-71.339
coquitlam	CA	49.285	-122.782
coral gables	US	25.721	-80.268
coral springs	US	26.271	-80.271
corato	IT	41.152	16.411
corbeil essonnes	FR	48.606	2.488
corby	GB	52.496	-0.689
cordoba	AR	-31.406	-64.189
cordoba	ES	37.892	-4.773
cordoba	MX	18.884	-96.926
cordova	US	35.156	-89.776
cordovil	BR	-22.825	-43.304
corfu	GR	39.624	19.92
cork	IE	51.898	-8.471
corlu	TR	41.161	27.801
cornelio procopio	BR	-23.181	-50.647
cornella de llobregat	ES	41.35	2.083
cornwall	CA	45.018	-74.728
coro	VE	11.408	-69.678
coroata	BR	-4.13	-44.124
corona	US	33.875	-117.566
coronel	CL	-37.034	-73.14
coronel fabriciano	BR	-19.519	-42.629
coronel oviedo	PY	-25.446	-56.439
corpus christi	US	27.801	-97.396
corralillo	CU	22.982	-80.585
corrientes	AR	-27.468	-58.834
corroios	PT	38.64	-9.151
cortazar	MX	20.483	-100.964
corum	TR	40.549	34.953
corumba	BR	-19.009	-57.653
coruripe	BR	-10.126	-36.176
corvallis	US	44.565	-123.262
cosenza	IT	39.299	16.253
coslada	ES	40.424	-3.561
cosmopolis	BR	-22.646	-47.196
costa mesa	US	33.641	-117.919
cotabato	PH	7.224	124.246
cotia	BR	-23.604	-46.919
cotonou	BJ	6.365	2.418
cottbus	DE	51.758	14.329
cotui	DO	19.054	-70.151
council bluffs	US	41.262	-95.861
country club	US	25.948	-80.317
courbevoie	FR	48.897	2.257
cove	BJ	7.221	2.34
coventry	GB	52.407	-1.512
covina	US	34.09	-117.89
covington	US	39.084	-84.509
cox s bazar	BD	21.44	92.01
coyah	GN	9.706	-13.385
coyhaique	CL	-45.575	-72.066
coyoacan	MX	19.347	-99.162
cozumel	MX	20.5	-86.943
cradock	ZA	-32.164	25.619
craigavon	GB	54.447	-6.387
craigieburn	AU	-37.6	144.95
craiova	RO	44.317	23.8
cranston	US	41.78	-71.437
crateus	BR	-5.178	-40.669
crato	BR	-7.234	-39.409
crawley	GB	51.113	-0.183
cremona	IT	45.133	10.021
creteil	FR	48.793	2.466
crewe	GB	53.098	-2.442
criciuma	BR	-28.677	-49.37
cricklewood	GB	51.557	-0.215
cristalina	BR	-16.768	-47.615
cristo rey	DO	18.5	-69.933
croix des bouquets	HT	18.577	-72.226
crotone	IT	39.081	17.128
croydon	GB	51.383	-0.1
cruz alta	BR	-28.644	-53.606
cruz das almas	BR	-12.67	-39.102
cruzeiro	BR	-22.573	-44.971
cruzeiro do sul	BR	-7.628	-72.678
crystal lake	US	42.241	-88.316
cu chi	VN	10.973	106.493
cua	VE	10.162	-66.882
cua nam	VN	21.021	105.852
cuamba	MZ	-14.803	36.537
cuango luzamba	AO	-9.146	18.045
cuauhtemoc	MX	19.445	-99.146
cuautitlan	MX	19.671	-99.18
cuautitlan izcalli	MX	19.644	-99.216
cuautla	MX	18.813	-98.955
cubal	AO	-13.039	14.245
cubatao	BR	-23.895	-46.425
cubuk	TR	40.239	33.032
cucuta	CO	7.907	-72.505
cuddalore	IN	11.756	79.767
cuenca	EC	-2.895	-78.996
cuenca	ES	40.067	-2.133
cuernavaca	MX	18.926	-99.231
cuiaba	BR	-15.596	-56.097
cuijiaji	CN	36.625	119.713
cuilapa	GT	14.275	-90.299
cuimba	AO	-6.121	14.621
cuito	AO	-12.383	16.933
cukai	MY	4.25	103.417
culiacan	MX	24.802	-107.394
cumana	VE	10.464	-64.179
cumbernauld	GB	55.947	-3.991
cumbum	IN	9.736	77.285
cumra	TR	37.573	32.774
cuneo	IT	44.391	7.548
cung kiem	VN	21.187	106.161
cupang	PH	14.434	121.036
cupertino	US	37.323	-122.032
curepipe	MU	-20.316	57.526
curico	CL	-34.983	-71.239
curitiba	BR	-25.428	-49.273
curitibanos	BR	-27.283	-50.584
currais novos	BR	-6.261	-36.518
cursino	BR	-23.631	-46.621
curuca	BR	-0.729	-47.848
curug	ID	-6.266	106.556
curup	ID	-3.47	102.521
curvelo	BR	-18.756	-44.431
cuscatancingo	SV	13.727	-89.182
cusco	PE	-13.532	-71.967
cutler bay	US	25.578	-80.338
cutral co	AR	-38.934	-69.231
cuttack	IN	20.465	85.879
cuxhaven	DE	53.868	8.699
cuyahoga falls	US	41.134	-81.485
cwmbran	GB	51.654	-3.023
cyangugu	RW	-2.485	28.907
cyberjaya	MY	2.923	101.657
cypress	US	29.969	-95.697
cypress hills	US	40.677	-73.891
czestochowa	PL	50.796	19.124
da an	CN	29.383	106.015
da lat	VN	11.946	108.442
da nang	VN	16.068	108.221
daanbantayan	PH	11.247	124.015
dabhel	IN	20.41	72.883
dabhoi	IN	22.183	73.433
dabou	CI	5.326	-4.377
dabra	IN	25.886	78.332
dabrowa gornicza	PL	50.334	19.205
dabwali	IN	29.949	74.738
dachang	CN	31.309	121.415
dacheng	CN	19.509	109.393
dachnoye	RU	59.842	30.256
dadri	IN	28.553	77.554
dadu	PK	26.73	67.777
daegu	KR	35.87	128.591
daejeon	KR	36.349	127.385
daet	PH	14.112	122.955
dagenham	GB	51.55	0.167
dagupan	PH	16.043	120.333
dahanu	IN	19.968	72.713
daharki	PK	28.054	69.702
dahegam	IN	23.169	72.822
dahuangshan	CN	34.293	117.344
dai mo	VN	20.983	105.767
dainava  kaunas	LT	54.915	23.968
daisen	JP	39.441	140.49
daito	JP	34.714	135.62
daizhuang	CN	34.514	117.853
dajal	PK	29.558	70.376
dakar	SN	14.694	-17.444
dakhla	EH	23.685	-15.958
dakhla	MA	30.411	-9.553
dalai	CN	45.5	124.3
dale city	US	38.637	-77.311
dali	CN	25.585	100.212
dali old town	CN	25.689	100.159
dalian	CN	38.912	121.602
daliang	CN	22.841	113.25
dalianwan	CN	39.029	121.695
dallas	US	32.783	-96.807
dalli rajhara	IN	20.586	81.075
daloa	CI	6.877	-6.45
dalu	CN	29.73	106.218
dalupura	IN	28.606	77.319
daly city	US	37.706	-122.462
dam dam	IN	22.633	88.423
daman	IN	20.414	72.832
damanhur	EG	31.034	30.468
damansara damai	MY	3.199	101.592
damascus	SY	33.51	36.291
damaturu	NG	11.747	11.961
dambulla	LK	7.86	80.652
damghan	IR	36.168	54.343
damiao	CN	34.264	117.364
damietta	EG	31.416	31.813
dammam	SA	26.434	50.103
damoh	IN	23.833	79.442
damoujia	CN	36.544	119.813
damxung	CN	30.478	91.106
damyang	KR	35.319	126.984
danane	CI	7.26	-8.155
danao	PH	10.521	124.027
danbury	US	41.395	-73.454
dancheng	CN	33.644	115.182
dandeli	IN	15.267	74.617
dandong	CN	40.129	124.395
dangila	ET	11.267	36.833
dangjiang	CN	21.65	109.117
dangkao	KH	11.509	104.891
danjiangkou	CN	32.543	111.509
danli	HN	14.033	-86.583
danshui	CN	22.798	114.467
danshui	TW	25.172	121.443
danville	US	37.822	-122.0
daokou	CN	35.569	114.516
daotian	CN	36.834	118.898
daoukro	CI	7.059	-3.963
dapaong	TG	10.862	0.208
dapeng	CN	34.284	117.075
dapitan	PH	8.656	123.423
daqing	CN	46.583	125.0
dar a	SY	32.619	36.102
dar bouazza	MA	33.515	-7.817
dar chabanne	TN	36.468	10.752
dar es salaam	TZ	-6.823	39.27
dar kulayb	BH	26.069	50.504
dar naim	MR	18.108	-15.927
dara	SN	15.348	-15.48
darab	IR	28.752	54.541
daraw	EG	24.408	32.923
darayya	SY	33.458	36.233
darbhanga	IN	26.152	85.897
darhan	MN	49.487	105.923
darjiling	IN	27.033	88.267
darlington	GB	54.524	-1.55
darmstadt	DE	49.872	8.65
darnah	LY	32.767	22.637
darnytskyi masyv	UA	50.443	30.628
darnytsya	UA	50.416	30.695
dartford	GB	51.447	0.214
dartmouth	CA	44.671	-63.577
darwin	AU	-12.461	130.842
darya khan	PK	31.784	71.102
dasha	CN	23.11	113.442
dashahe	CN	34.538	116.625
dashi	CN	30.094	106.222
dashiqiao	CN	40.637	122.503
dashitou	CN	43.307	128.511
daska kalan	PK	32.324	74.35
dasmarinas	PH	14.329	120.937
dasoguz	TM	41.836	59.967
date	JP	37.817	140.5
datia	IN	25.673	78.459
datong	CN	40.094	113.291
datun	CN	34.809	116.902
daudnagar	IN	25.035	84.401
daugavpils	LV	55.883	26.533
daule	EC	-1.86	-79.977
daund	IN	18.465	74.584
daur	PK	26.455	68.318
daura	NG	11.554	11.406
dausa	IN	26.89	76.336
davangere	IN	14.467	75.927
davao	PH	7.073	125.613
davenport	US	41.524	-90.578
david	PA	8.427	-82.431
davie	US	26.063	-80.233
davis	US	38.545	-121.741
davtashen	AM	40.216	44.481
dawbon	MM	16.516	95.603
dawei	MM	14.082	98.192
dawukou	CN	39.042	106.396
daxi	TW	24.884	121.29
daxing	CN	39.74	116.327
daxing anling	CN	52.334	124.712
daxu	CN	34.282	117.553
daye	CN	30.083	114.95
dayr al balah	PS	31.418	34.349
dayr mawas	EG	27.641	30.85
dayrah	AE	25.271	55.302
dayrut	EG	27.556	30.811
dayton	US	39.759	-84.192
daytona beach	US	29.211	-81.023
dazaifu	JP	33.513	130.524
dazeshan	CN	36.989	119.922
dazhong	CN	33.2	120.458
dazhou	CN	31.211	107.463
dchira el jihadia	MA	30.373	-9.548
dearborn	US	42.322	-83.176
dearborn heights	US	42.337	-83.273
debark	ET	13.156	37.898
debica	PL	50.051	21.411
debre birhan	ET	9.68	39.533
debre mark os	ET	10.35	37.733
debre tabor	ET	11.85	38.017
debrecen	HU	47.532	21.624
decan	XK	42.54	20.288
decatur	US	39.84	-88.955
decin	CZ	50.782	14.215
dededo village	GU	13.518	144.839
dedougou	BF	12.464	-3.461
deer valley	US	33.684	-112.135
deerfield beach	US	26.318	-80.1
deesa	IN	24.256	72.179
degan	CN	29.278	106.232
degeh bur	ET	8.221	43.557
deglur	IN	18.548	77.577
dehdasht	IR	30.793	50.565
dehiwala mount lavinia	LK	6.84	79.871
dehloran	IR	32.694	47.268
dehradun	IN	30.324	78.034
dehu road	IN	18.682	73.732
dehui	CN	44.537	125.694
deir ez zor	SY	35.336	40.141
dekalb	US	41.929	-88.75
delano	US	35.769	-119.247
delegacion cuajimalpa de morelos	MX	19.369	-99.291
delft	NL	52.007	4.356
delgado	SV	13.722	-89.169
delhi	IN	28.652	77.231
delhi cantonment	IN	28.6	77.133
delicias	ES	41.649	-0.908
delmas	HT	18.545	-72.3
delmas	ZA	-26.147	28.683
delmenhorst	DE	53.051	8.631
delmiro gouveia	BR	-9.389	-37.999
delray beach	US	26.461	-80.073
delta	CA	49.089	-123.053
deltona	US	28.901	-81.264
dembi dolo	ET	8.533	34.8
den helder	NL	52.96	4.759
dendermonde	BE	51.029	4.101
dengbu	CN	28.208	116.817
dengzhou	CN	32.683	112.089
denia	ES	38.841	0.106
denizli	TR	37.774	29.087
denov	UZ	38.267	67.899
denpasar	ID	-8.65	115.217
denton	US	33.215	-97.133
denver	US	39.739	-104.985
deoband	IN	29.695	77.68
deoghar	IN	24.49	86.699
deolali	IN	19.944	73.834
deoli	IN	28.503	77.231
deoria	IN	26.502	83.779
depok	ID	-6.4	106.819
deqen	CN	29.962	90.719
deqing	CN	30.545	119.96
dera ghazi khan	PK	30.046	70.64
dera ismail khan	PK	31.831	70.902
dera murad jamali	PK	28.547	68.223
derbendixan	IQ	35.112	45.687
derbent	RU	42.066	48.288
derby	GB	52.923	-1.477
dereluk devera niheliya	IQ	37.056	43.652
deressia	TD	9.76	16.27
derince	TR	40.757	29.815
derry	GB	54.998	-7.309
des moines	US	41.601	-93.609
des plaines	US	42.033	-87.883
desio	IT	45.618	9.202
desna	UA	50.522	30.682
desnyanskyi	UA	51.506	31.317
desoto	US	32.59	-96.857
dessalines	HT	19.262	-72.516
dessau	DE	51.839	12.246
dessie	ET	11.133	39.633
detmold	DE	51.939	8.873
detroit	US	42.331	-83.046
deurne	BE	51.221	4.466
deva	RO	45.883	22.9
devakottai	IN	9.947	78.823
deventer	NL	52.255	6.164
devinuwara	LK	5.928	80.589
dewas	IN	22.966	76.055
dewsbury	GB	53.691	-1.629
deyang	CN	31.13	104.382
dezful	IR	32.381	48.406
dezhou	CN	37.447	116.367
dhahran	SA	26.289	50.114
dhaka	BD	23.71	90.407
dhaka	IN	26.675	85.167
dhamar	YE	14.543	44.405
dhampur	IN	29.309	78.511
dhamtari	IN	20.707	81.549
dhanbad	IN	23.798	86.43
dhangadhi	NP	28.702	80.59
dhanmondi	BD	23.74	90.385
dhanpuri	IN	23.185	81.555
dhar	IN	22.594	75.298
dharan	NP	26.814	87.28
dharapuram	IN	10.738	77.532
dharashiv	IN	18.182	76.039
dharavi	IN	19.05	72.867
dharmanagar	IN	24.367	92.167
dharmapuri	IN	12.128	78.158
dharmavaram	IN	14.414	77.72
dhaulpur	IN	26.693	77.88
dhenkanal	IN	20.657	85.597
dhirkot	PK	34.039	73.577
dholka	IN	22.727	72.441
dhone	IN	15.395	77.871
dhoraji	IN	21.734	70.45
dhrangadhra	IN	22.992	71.468
dhubri	IN	26.019	89.986
dhule	IN	20.901	74.777
dhulian	IN	24.681	87.954
dhupgari	IN	26.589	89.007
dhuri	IN	30.368	75.868
di an	VN	10.907	106.769
diadema	BR	-23.686	-46.623
dialakorodji	ML	12.704	-7.965
diamantina	BR	-18.247	-43.603
diamniadio	SN	14.721	-17.182
diamond bar	US	34.029	-117.81
diamond harbour	IN	22.193	88.19
dianbu	CN	36.702	120.351
dianzi	CN	36.901	119.866
diaoyucheng	CN	29.999	106.266
dias d avila	BR	-12.613	-38.297
dibaya lubwe	CD	-4.159	19.862
dibrugarh	IN	27.48	94.908
didao	CN	45.347	130.837
didwana	IN	27.401	74.575
diegonefla	CI	6.289	-5.574
dien bien phu	VN	21.386	103.023
diepsloot	ZA	-25.933	28.012
diez de octubre	CU	23.088	-82.36
diffa	NE	13.315	12.611
dig	IN	27.472	77.326
diglipur	IN	13.267	93.0
digos	PH	6.75	125.357
digras	IN	20.104	77.718
digri	PK	25.157	69.111
dihok	IQ	36.866	42.988
dijkot	PK	31.217	72.996
dijon	FR	47.313	5.014
dikirnis	EG	31.089	31.595
dila	ET	6.417	38.317
dili	TL	-8.559	125.574
dilling	SD	12.05	29.65
dimapur	IN	25.912	93.722
dimbokro	CI	6.647	-4.705
dimitrovgrad	RU	54.214	49.618
din daeng	TH	13.79	100.57
dinaig	PH	7.17	124.208
dinajpur	BD	25.627	88.638
dinalupihan	PH	14.878	120.452
dinapore	IN	25.637	85.048
dinapur nizamat	IN	25.638	85.051
dindigul	IN	10.369	77.98
dinga	PK	32.641	73.72
dingjia	CN	29.409	106.142
dingtao	CN	35.074	115.566
dingxi	CN	35.571	104.623
dingzhou	CN	38.515	114.987
dinhata	IN	26.135	89.461
dinslaken	DE	51.562	6.743
diobahika	TZ	-3.339	31.523
diourbel	SN	14.648	-16.244
dipalpur	PK	30.67	73.653
diphu	IN	25.843	93.431
dipolog	PH	8.567	123.335
dire dawa	ET	9.593	41.866
dishna	EG	26.122	32.467
district of taher	DZ	36.772	5.898
disuq	EG	31.133	30.648
divinopolis	BR	-20.144	-44.891
divo	CI	5.837	-5.357
diwek	ID	-7.579	112.231
dixinn	GN	9.551	-13.673
diyarb najm	EG	30.754	31.44
diyarbakir	TR	37.914	40.217
diyarbakır	TR	37.914	40.217
djelfa	DZ	34.673	3.263
djemmal	TN	35.622	10.757
djenne	ML	13.906	-4.553
djibo	BF	14.099	-1.627
djibouti	DJ	11.589	43.145
djougou	BJ	9.709	1.666
djugu	CD	1.919	30.503
dmitrov	RU	56.345	37.52
dnipro	UA	48.467	35.041
dniprovskyi	UA	50.454	30.601
doba	TD	8.664	16.853
dobling	AT	48.25	16.333
dobo	ID	-5.761	134.234
dobrich	BG	43.565	27.831
doddaballapura	IN	13.295	77.538
dodola	ET	6.983	39.183
dodoma	TZ	-6.172	35.739
doebling	AT	48.25	16.333
doertyol	TR	36.839	36.23
doetinchem	NL	51.965	6.289
dogbo	BJ	6.799	1.781
dogonbadan	IR	30.359	50.798
dogondoutchi	NE	13.64	4.026
dogubayazit	TR	39.547	44.084
dogubayazıt	TR	39.547	44.084
doha	QA	25.285	51.531
dohad	IN	22.833	74.26
dohar	BD	23.593	90.143
dohazari	BD	22.164	92.073
doilungdeqen	CN	29.655	90.992
dois vizinhos	BR	-25.734	-53.057
dokri	PK	27.374	68.097
dolgoprudnyy	RU	55.95	37.502
dolisie	CG	-4.198	12.667
dollard des ormeaux	CA	45.495	-73.824
dolo	ET	13.499	39.637
dolores hidalgo	MX	21.156	-100.933
dom eliseu	BR	-4.285	-47.505
dombivali	IN	19.217	73.083
dome	GH	5.65	-0.236
domodedovo	RU	55.442	37.754
dompu	ID	-8.537	118.463
don carlos	PH	7.68	125.005
don torcuato	AR	-34.495	-58.627
donaustadt	AT	48.233	16.46
doncaster	GB	53.523	-1.131
dondaicha	IN	21.324	74.568
dondo	AO	-9.685	14.428
dondo	MZ	-19.609	34.743
donetsk	RU	48.337	39.952
donetsk	UA	48.023	37.802
dong ha	VN	16.816	107.1
dongcheng	CN	19.709	109.456
dongcun	CN	36.777	121.16
dongdu	CN	35.85	117.7
dongfeng	CN	42.674	125.529
donggang	TW	22.465	120.449
donggongon	MY	5.907	116.101
dongguan	CN	23.018	113.749
donghae city	KR	37.544	129.107
donghai	CN	22.946	115.642
donghe	CN	40.566	110.02
dongkan	CN	34.0	119.831
dongling	CN	41.814	123.576
dongning	CN	44.084	131.118
dongola	SD	19.182	30.477
dongsheng	CN	39.816	109.978
dongtai	CN	32.852	120.309
dongxi	CN	28.761	106.661
dongxia	CN	36.749	118.583
dongxing	CN	21.55	107.967
dongyang	CN	29.268	120.225
dongying	CN	37.463	118.492
donostia   san sebastian	ES	43.313	-1.975
doral	US	25.82	-80.355
dorbod	CN	46.861	124.442
dorchester	US	42.297	-71.075
dordrecht	NL	51.81	4.674
dori	BF	14.033	-0.033
dormagen	DE	51.097	6.832
dornbirn	AT	47.414	9.742
dorogomilovo	RU	55.742	37.547
doropo	CI	9.81	-3.346
dorsten	DE	51.662	6.965
dortmund	DE	51.515	7.466
dortyol	TR	36.839	36.23
dorud	IR	33.492	49.062
dos hermanas	ES	37.283	-5.921
dosquebradas	CO	4.837	-75.669
dosso	NE	13.049	3.194
dothan	US	31.223	-85.39
douai	FR	50.371	3.079
douala	CM	4.048	9.704
douane	TN	36.448	10.756
douar hicher	TN	36.827	10.09
douera	DZ	36.67	2.944
dougnane	SN	14.959	-16.87
douliu	TW	23.709	120.543
dourados	BR	-22.221	-54.806
dover	GB	51.126	1.313
dovzhansk	UA	48.076	39.647
dowleswaram	IN	16.948	81.78
downers grove	US	41.809	-88.011
downey	US	33.94	-118.133
downtown dc	US	38.894	-77.02
downtown vancouver	CA	49.283	-123.119
draa el mizan	DZ	36.536	3.833
dracena	BR	-21.483	-51.533
drachten	NL	53.113	6.099
drama	GR	41.153	24.147
drammen	NO	59.744	10.204
drancy	FR	48.926	2.445
draper	US	40.525	-111.864
drean	DZ	36.685	7.751
dreieich	DE	50.02	8.696
dresden	DE	51.051	13.738
dreta de l eixample	ES	41.396	2.167
drobeta turnu severin	RO	44.627	22.653
drogheda	IE	53.719	-6.348
drohobych	UA	49.352	23.511
drummondville	CA	45.883	-72.482
druzhkivka	UA	48.62	37.525
dschang	CM	5.444	10.053
dubai	AE	25.077	55.309
dubai festival city	AE	25.222	55.357
dubai investments park	AE	25.008	55.157
dubai marina	AE	25.085	55.146
dubai silicon oasis	AE	25.12	55.387
dubbo	AU	-32.243	148.605
dublin	IE	53.333	-6.249
dublin	US	37.702	-121.936
dubna	RU	56.74	37.186
dubreka	GN	9.791	-13.523
dubuque	US	42.501	-90.665
ducheng	CN	23.242	111.528
dudley	GB	52.5	-2.083
duekoue	CI	6.742	-7.349
duelmen	DE	51.831	7.281
dueren	DE	50.804	6.493
duesseldorf	DE	51.223	6.779
duezce	TR	40.839	31.164
duisburg	DE	51.432	6.765
duitama	CO	5.824	-73.034
dukuhturi	ID	-6.9	109.083
dullewala	PK	31.834	71.436
dulmen	DE	51.831	7.281
duluth	US	46.783	-92.107
duma	SY	33.572	36.403
dumaguete	PH	9.306	123.308
dumai	ID	1.667	101.443
dumfries	GB	55.07	-3.611
dumila	TZ	-6.384	37.343
dumka	IN	24.268	87.249
dumraon	IN	25.553	84.151
dumyat al jadidah	EG	31.435	31.675
dunaujvaros	HU	46.965	18.94
dundalk	IE	54.0	-6.417
dundalk	US	39.251	-76.521
dundee	GB	56.469	-2.975
dundee	ZA	-28.167	30.234
dundo	AO	-7.366	20.816
dunedin	NZ	-45.874	170.504
dunfermline	GB	56.072	-3.459
dungarpur	IN	23.843	73.715
dungu	CD	-3.624	18.849
dunhou	CN	27.05	114.9
dunhua	CN	43.37	128.229
dunhuang	CN	40.167	94.683
dunkirk	FR	51.034	2.377
dunkwa	GH	5.96	-1.778
dunstable	GB	51.886	-0.523
dunwoody	US	33.946	-84.335
dunyapur	PK	29.803	71.743
duoba	CN	36.658	101.534
duobao	CN	30.67	112.69
duong noi	VN	20.977	105.754
duque de caxias	BR	-22.786	-43.312
durame	ET	7.233	37.883
durazno	UY	-33.381	-56.523
durban	ZA	-29.858	31.029
durbanville	ZA	-33.831	18.649
duren	DE	50.804	6.493
durg	IN	21.191	81.276
durgapur	IN	23.516	87.308
durham	GB	54.777	-1.576
durham	US	35.994	-78.899
durian tunggal	MY	2.312	102.281
durres	AL	41.324	19.455
dushan	CN	25.833	107.533
dushanbe	TJ	38.536	68.779
dusit	TH	13.777	100.52
dusseldorf	DE	51.223	6.779
duyen hai	VN	9.635	106.492
duyun	CN	26.267	107.517
duzce	TR	40.839	31.164
duzhou	CN	29.878	107.078
dyane	IN	20.567	74.528
dzerzhinsk	RU	56.244	43.455
dzerzhinskiy	RU	55.629	37.844
dzerzhinsky	RU	55.627	37.858
dzhankoy	UA	45.713	34.393
e erguna	CN	50.224	120.171
e zhou	CN	30.396	114.887
eagan	US	44.804	-93.167
east boston	US	42.375	-71.039
east brunswick	US	40.428	-74.416
east chattanooga	US	35.065	-85.249
east concord	US	43.242	-71.538
east flatbush	US	40.654	-73.93
east hampton	US	37.037	-76.332
east harlem	US	40.795	-73.942
east hartford	US	41.782	-72.612
east hastings	CA	49.272	-123.062
east helsinki	FI	60.21	25.083
east honolulu	US	21.289	-157.717
east independence	US	39.096	-94.355
east jerusalem	PS	31.783	35.234
east kilbride	GB	55.764	-4.177
east lansing	US	42.737	-84.484
east london	ZA	-33.015	27.912
east los angeles	US	34.024	-118.172
east new york	US	40.667	-73.882
east norwalk	US	41.106	-73.398
east orange	US	40.767	-74.205
east pensacola heights	US	30.429	-87.18
east providence	US	41.814	-71.37
east village	US	40.729	-73.987
eastbourne	GB	50.769	0.285
eastleigh	GB	50.967	-1.35
eastvale	US	33.964	-117.564
eau claire	US	44.811	-91.498
eberswalde	DE	52.835	13.82
ebetsu	JP	43.108	141.551
ebina	JP	35.381	139.397
ebolowa	CM	2.9	11.15
ebute ikorodu	NG	6.601	3.488
ecatepec de morelos	MX	19.605	-99.061
ech chettia	DZ	36.196	1.255
echizen	JP	35.886	136.171
echo park	US	34.078	-118.261
ecunna	AO	-12.679	15.506
edattala	IN	10.056	76.385
ede	NG	7.736	4.435
ede	NL	52.033	5.658
edea	CM	3.8	10.133
eden prairie	US	44.855	-93.471
edenvale	ZA	-26.141	28.152
edfu	EG	24.979	32.877
edgewater	US	41.983	-87.664
edina	US	44.89	-93.35
edinburg	US	26.302	-98.163
edinburgh	GB	55.952	-3.196
edirne	TR	41.677	26.556
edison	US	40.519	-74.412
edmond	US	35.653	-97.478
edmonds	US	47.811	-122.377
edmonton	CA	53.55	-113.469
edmonton	GB	51.626	-0.058
edogawe	JP	35.692	139.873
edremit	TR	39.596	27.024
effium	NG	6.631	8.058
efon alaaye	NG	7.656	4.922
eger	HU	47.903	20.373
eha amufu	NG	6.659	7.76
eiguliai	LT	54.931	23.932
eilat	IL	29.558	34.948
eimsbuettel	DE	53.574	9.957
eimsbuttel	DE	53.574	9.957
eindhoven	NL	51.441	5.478
eisen	KR	35.968	128.931
eisenach	DE	50.981	10.315
eisenzicken	AT	47.276	16.259
eixample	ES	41.389	2.162
ejido	VE	8.547	-71.241
ejigbo	NG	7.903	4.314
ejura	GH	7.386	-1.356
ekangala	ZA	-25.668	28.73
ekibastuz	KZ	51.724	75.323
ekpe	BJ	6.392	2.537
ekpoma	NG	6.743	6.14
el achir	DZ	36.064	4.627
el ad	IL	32.051	34.957
el ain	TN	34.8	10.783
el aioun	MA	34.583	-2.506
el bagre	CO	7.603	-74.81
el banco	CO	9.001	-73.976
el bayadh	DZ	33.683	1.019
el cafetal	VE	10.465	-66.83
el cajon	US	32.795	-116.963
el carmen de bolivar	CO	9.717	-75.12
el centro	US	32.792	-115.563
el daein	SD	11.462	26.126
el dibir	SO	11.767	51.217
el dorado hills	US	38.686	-121.082
el ejido	ES	36.776	-2.815
el empalme	EC	-1.045	-79.638
el eulma	DZ	36.153	5.69
el fasher	SD	13.628	25.349
el geneina fort	SD	13.475	22.457
el hamma	TN	33.892	9.796
el hatillo	VE	10.424	-66.826
el jadida	MA	33.257	-8.509
el kef	TN	36.174	8.705
el kelaa des srarhna	MA	32.051	-7.411
el khroub	DZ	36.263	6.694
el limon	VE	10.306	-67.632
el menia	DZ	30.576	2.884
el mgarsa	TN	33.817	10.992
el milia	DZ	36.755	6.272
el monte	US	34.069	-118.028
el mourouj	TN	36.714	10.21
el negrito	HN	15.317	-87.7
el nido	PH	11.186	119.396
el obeid	SD	13.184	30.217
el oued	DZ	33.356	6.863
el palomar	AR	-34.618	-58.602
el paso	US	31.759	-106.487
el prat de llobregat	ES	41.328	2.095
el progreso	HN	15.4	-87.8
el pueblito	MX	20.54	-100.441
el puerto de santa maria	ES	36.594	-6.233
el raval	ES	41.38	2.169
el shorouk	EG	30.138	31.616
el tigre	VE	8.889	-64.253
el tocuyo	VE	9.787	-69.793
el viejo	NI	12.663	-87.167
el vigia	VE	8.614	-71.657
el wak	KE	2.809	40.929
elazig	TR	38.674	39.223
elazıg	TR	38.674	39.223
elbasan	AL	41.111	20.082
elbistan	TR	38.206	37.198
elblag	PL	54.152	19.409
elche	ES	38.262	-0.701
elda	ES	38.478	-0.792
eldorado	AR	-26.405	-54.618
eldorado do sul	BR	-30.084	-51.616
eldoret	KE	0.52	35.27
electronic city phase i	IN	12.855	77.663
elektrostal	RU	55.786	38.457
elgin	US	42.037	-88.281
elista	RU	46.308	44.255
elizabeth	US	40.664	-74.211
elk	PL	53.828	22.365
elk grove	US	38.409	-121.372
elkhart	US	41.682	-85.977
ellesmere port town	GB	53.279	-2.901
ellicott city	US	39.267	-76.798
elmhurst	US	40.736	-73.878
elmina	MY	3.185	101.525
elmshorn	DE	53.749	9.662
eloy alfaro	EC	-2.169	-79.84
eltham	GB	51.451	0.052
eluru	IN	16.713	81.104
elyria	US	41.368	-82.108
emalahleni	ZA	-25.871	29.233
embajadores	ES	40.409	-3.702
embalenhle	ZA	-26.533	29.067
embu	KE	-0.54	37.457
embu das artes	BR	-23.649	-46.852
embu guacu	BR	-23.832	-46.811
emden	DE	53.366	7.208
emiliano zapata	MX	18.841	-99.184
emin	CN	46.526	83.634
eminabad	PK	32.042	74.26
eminoenue	TR	41.018	28.971
eminonu	TR	41.018	28.971
emmeloord	NL	52.711	5.749
emmen	NL	52.779	6.907
emmiganur	IN	15.772	77.483
empalme	MX	27.962	-110.814
emure ekiti	NG	7.436	5.459
en nedjma	DZ	35.648	-0.57
ena	JP	35.447	137.383
encanto	US	33.479	-112.078
encarnacion	PY	-27.332	-55.867
enchanted hills	US	35.337	-106.593
encheng	CN	22.187	112.304
encinitas	US	33.037	-117.292
encino	US	34.159	-118.501
ende	ID	-8.843	121.662
enerhodar	UA	47.49	34.662
enfield	US	41.976	-72.592
enfield town	GB	51.651	-0.085
engels	RU	51.484	46.105
enid	US	36.396	-97.878
eniwa	JP	42.894	141.576
enrique b  magalona	PH	10.879	122.977
enschede	NL	52.218	6.896
ensenada	AR	-34.861	-57.912
ensenada	MX	31.871	-116.601
enshi	CN	30.3	109.483
entebbe	UG	0.056	32.479
enterprise	US	36.025	-115.242
enugu	NG	6.441	7.499
enugu ukwu	NG	6.171	7.005
envigado	CO	6.176	-75.592
epe	NG	6.584	3.983
epinay sur seine	FR	48.953	2.315
epworth	ZW	-17.89	31.148
eqbaliyeh	IR	36.231	49.925
eqlid	IR	30.899	52.697
er roseires	SD	11.866	34.387
erbaa	TR	40.669	36.568
erbil	IQ	36.191	44.009
ercis	TR	39.026	43.36
ercolano	IT	40.808	14.35
erd	HU	47.395	18.914
erdaojiang	CN	41.776	126.032
erdemli	TR	36.605	34.308
erdenet	MN	49.033	104.083
erebuni	AM	40.133	44.53
erechim	BR	-27.635	-52.275
eregli	TR	37.513	34.047
erftstadt	DE	50.815	6.794
erfurt	DE	50.977	11.035
ergani	TR	38.269	39.754
erie	US	42.129	-80.085
erkelenz	DE	51.079	6.315
erkrath	DE	51.222	6.908
erlangen	DE	49.591	11.008
erlin	TW	23.901	120.369
ermelino matarazzo	BR	-23.495	-46.474
ermelo	ZA	-26.533	29.983
erode	IN	11.343	77.727
errachidia	MA	31.931	-4.427
erzincan	TR	39.739	39.49
erzsebetvaros	HU	47.502	19.072
erzurum	TR	39.909	41.277
esbjerg	DK	55.47	8.452
escada	BR	-8.359	-35.224
escalante	PH	10.84	123.499
eschweiler	DE	50.819	6.272
escondido	US	33.119	-117.086
escuintla	GT	14.301	-90.788
esenler	TR	41.044	28.876
esenyurt	TR	41.027	28.677
esfarayen	IR	37.076	57.51
esher	GB	51.37	-0.367
esikhaleni	ZA	-28.871	31.9
eskilstuna	SE	59.367	16.508
eskisehir	TR	39.777	30.521
eslamabad e gharb	IR	34.109	46.53
eslamshahr	IR	35.552	51.235
esmeraldas	BR	-19.762	-44.314
esmeraldas	EC	0.959	-79.654
esna	EG	25.293	32.554
esperantina	BR	-3.902	-42.234
esperanza	DO	19.585	-70.985
espinal	CO	4.149	-74.884
esplugues de llobregat	ES	41.377	2.088
espoo	FI	60.205	24.652
essaouira	MA	31.512	-9.77
essen	DE	51.457	7.012
esslingen	DE	48.74	9.305
estancia	BR	-11.268	-37.438
estancia	PH	11.455	123.152
estancia velha	BR	-29.648	-51.174
esteio	BR	-29.861	-51.179
esteli	NI	13.093	-86.356
estepona	ES	36.428	-5.146
esuk oron	NG	4.803	8.253
et taiyiba	IL	32.266	35.009
etah	IN	27.559	78.657
etawa	IN	24.184	78.203
etawah	IN	26.776	79.021
etobicoke	CA	43.644	-79.57
ettadhamen	TN	36.832	10.11
etterbeek	BE	50.833	4.388
ettumanur	IN	9.669	76.559
etwatwa	ZA	-26.125	28.455
euclid	US	41.593	-81.527
euclides da cunha	BR	-10.508	-39.016
eugene	US	44.052	-123.087
euless	US	32.837	-97.082
eunapolis	BR	-16.378	-39.58
eusebio	BR	-3.89	-38.451
euskirchen	DE	50.661	6.787
evanston	US	42.041	-87.69
evansville	US	37.975	-87.556
evaton	ZA	-26.533	27.85
evere	BE	50.874	4.399
everett	US	47.979	-122.202
evora	PT	38.566	-7.904
evosmos	GR	40.671	22.908
evreux	FR	49.024	1.151
evry	FR	48.633	2.44
exeter	GB	50.724	-3.528
extrema	BR	-22.855	-46.318
extremoz	BR	-5.706	-35.307
ezeiza	AR	-34.854	-58.525
ezhou	CN	30.4	114.833
ezhva	RU	61.813	50.728
ezza ohu	NG	6.441	8.084
ełk	PL	53.828	22.365
facatativa	CO	4.814	-74.355
fada n gourma	BF	12.062	0.358
faenza	IT	44.29	11.879
fairfield	US	38.249	-122.04
faisalabad	PK	31.416	73.09
faji kunda	GM	13.418	-16.667
falavarjan	IR	32.555	51.51
fall river	US	41.701	-71.155
famagusta	CY	35.125	33.941
fana	ML	12.779	-6.956
fangcheng	CN	33.257	113.001
fangchenggang	CN	21.769	108.357
fangcun	CN	34.086	117.474
fangshan	CN	39.687	115.997
fanling	HK	22.495	114.139
fanlou	CN	34.481	116.852
fano	IT	43.841	13.017
faqirwali	PK	29.468	73.035
faqus	EG	30.728	31.797
farah	AF	32.375	62.116
faranah	GN	10.04	-10.743
faraskur	EG	31.33	31.715
fardis	IR	35.755	50.997
fareham	GB	50.852	-1.179
fargo	US	46.877	-96.79
faridabad	IN	28.411	77.313
faridkot	IN	30.674	74.756
faridpur	BD	23.606	89.841
faridpur	IN	28.21	79.541
farmington	US	36.728	-108.219
farmington hills	US	42.485	-83.377
farnborough	GB	51.294	-0.756
faro	PT	37.019	-7.927
farroupilha	BR	-29.225	-51.348
farrukhabad	IN	27.391	79.579
farrukhnagar	IN	17.078	78.203
farshut	EG	26.055	32.163
faruka	PK	31.886	72.414
fasa	IR	28.938	53.648
fastiv	UA	50.078	29.92
fatehabad	IN	29.515	75.456
fatehjang	PK	33.565	72.643
fatehpur	IN	25.928	80.813
fatehpur	PK	31.178	71.205
fatih	TR	41.023	28.941
fatsa	TR	41.029	37.5
fatwa	IN	25.51	85.305
favoriten	AT	48.161	16.382
faya largeau	TD	17.926	19.104
fayetteville	US	35.053	-78.878
fayzabad	AF	37.117	70.58
fazenda rio grande	BR	-25.657	-49.308
fazilka	IN	30.402	74.028
federal way	US	47.322	-122.313
feicheng	CN	36.249	116.766
feira de santana	BR	-12.267	-38.967
felege neway	ET	6.3	36.883
felgueiras	PT	41.368	-8.194
fellbach	DE	48.809	9.277
feltham	GB	51.446	-0.414
fendou	CN	46.641	124.863
fengcheng	CN	40.454	124.072
fenggang	CN	27.546	116.215
fenghua	CN	29.656	121.406
fenghuang	CN	27.936	109.6
fengkou	CN	30.083	113.333
fengping	CN	24.397	98.518
fengrun	CN	39.827	118.138
fengshan	TW	22.627	120.361
fengxiang	CN	30.858	121.468
fengyi	CN	25.584	100.312
feni	BD	23.014	91.397
fenoarivo atsinanana	MG	-17.381	49.408
fenshui	CN	30.72	108.083
fenyi	CN	27.811	114.668
feodosiya	UA	45.032	35.382
ferencvaros	HU	47.478	19.091
fergana	UZ	40.384	71.784
feriana	TN	34.945	8.568
ferizaj	XK	42.371	21.155
ferkessedougou	CI	9.593	-5.194
fernando de la mora	PY	-25.339	-57.522
fernandopolis	BR	-20.284	-50.246
ferrara	IT	44.838	11.621
ferraz de vasconcelos	BR	-23.541	-46.369
ferrol	ES	43.485	-8.233
fes	MA	34.033	-5.0
fes al bali	MA	34.07	-4.955
fethiye	TR	36.64	29.128
fianarantsoa	MG	-21.453	47.086
fiche	ET	9.8	38.733
ficksburg	ZA	-28.872	27.875
fiditi	NG	7.714	3.917
fier	AL	40.725	19.558
fier cifci	AL	40.717	19.567
figueira da foz	PT	40.151	-8.862
figueres	ES	42.266	2.962
filadelfia	IT	45.024	7.644
filderstadt	DE	48.657	9.22
fili	RU	55.745	37.488
financial district	US	40.708	-74.009
finchley	GB	51.601	-0.195
findlay	US	41.044	-83.65
finlyandskiy	RU	59.968	30.364
finote selam	ET	10.7	37.267
firozabad	IN	27.151	78.398
firozpur	IN	30.926	74.613
firuzabad	IR	28.845	52.572
fishers	US	39.956	-86.014
fitchburg	US	42.583	-71.802
fiumicino	IT	41.771	12.237
flagami	US	25.762	-80.316
flagstaff	US	35.198	-111.651
flatbush	US	40.652	-73.959
flatlands	US	40.621	-73.935
fleetwood	CA	49.167	-122.8
flensburg	DE	54.788	9.437
flint	US	43.013	-83.687
florence	IT	43.779	11.246
florence	US	34.8	-87.677
florence graham	US	33.968	-118.244
florencia	CO	1.615	-75.604
floriano	BR	-6.767	-43.023
florianopolis	BR	-27.597	-48.549
florida	CO	3.324	-76.234
florida	CU	21.526	-78.226
floridablanca	CO	7.062	-73.086
floridsdorf	AT	48.25	16.4
florin	US	38.496	-121.409
florissant	US	38.789	-90.323
flower mound	US	33.015	-97.097
fnidek	MA	35.849	-5.357
fochville	ZA	-26.489	27.494
focsani	RO	45.7	27.183
foggia	IT	41.458	15.552
foligno	IT	42.955	12.703
folkestone	GB	51.082	1.167
folsom	US	38.678	-121.176
fond du lac	US	43.775	-88.439
fontana	US	34.092	-117.435
fontanar	CU	23.024	-82.408
fontem	CM	5.468	9.882
fontenay sous bois	FR	48.854	2.483
forbesganj	IN	26.303	87.266
fordham	US	40.859	-73.898
fordon	PL	53.148	18.17
forest	BE	50.817	4.328
forest hills	US	40.716	-73.85
forli	IT	44.222	12.041
formiga	BR	-20.464	-45.426
formosa	AR	-26.185	-58.173
formosa	BR	-15.537	-47.334
fort abbas	PK	29.193	72.855
fort beaufort	ZA	-32.775	26.634
fort collins	US	40.585	-105.084
fort de france	MQ	14.604	-61.074
fort garry south	CA	49.792	-97.164
fort lauderdale	US	26.122	-80.143
fort mcmurray	CA	56.727	-111.381
fort myers	US	26.622	-81.841
fort pierce	US	27.447	-80.326
fort portal	UG	0.662	30.275
fort smith	US	35.386	-94.399
fort wayne	US	41.131	-85.129
fort worth	US	32.725	-97.321
fortaleza	BR	-3.717	-38.543
fortechnyi	UA	48.499	32.254
foshan	CN	23.027	113.131
fouchana	TN	36.7	10.168
foumban	CM	5.727	10.899
foumbot	CM	5.508	10.633
fountain valley	US	33.709	-117.954
fountainebleau	US	25.773	-80.348
foz do iguacu	BR	-25.548	-54.588
fraijanes	GT	14.465	-90.441
framingham	US	42.279	-71.416
framingham center	US	42.297	-71.437
franca	BR	-20.539	-47.401
franceville	GA	-1.633	13.584
francisco beltrao	BR	-26.081	-53.055
francisco morato	BR	-23.282	-46.745
francistown	BW	-21.17	27.508
franco da rocha	BR	-23.322	-46.727
frankenthal	DE	49.534	8.354
frankfurt  oder	DE	52.347	14.551
frankfurt am main	DE	50.116	8.684
franklin	US	35.925	-86.869
frechen	DE	50.915	6.812
fredericia	DK	55.566	9.753
frederick	US	39.414	-77.411
fredericton	CA	45.945	-66.666
frederiksberg	DK	55.679	12.535
fredrikstad	NO	59.218	10.93
freeport	US	40.658	-73.583
freetown	SL	8.487	-13.236
freguesia do o	BR	-23.499	-46.7
freiberg	DE	50.911	13.339
freiburg	DE	47.996	7.852
freising	DE	48.404	11.749
frejus	FR	43.433	6.736
fremont	US	37.548	-121.989
frenda	DZ	35.065	1.049
fresnillo	MX	23.175	-102.868
fresno	US	36.748	-119.772
fria	GN	10.367	-13.583
friedrichsfelde	DE	52.506	13.508
friedrichshafen	DE	47.657	9.476
friedrichshain	DE	52.516	13.455
friedrichshain bezirk	DE	52.516	13.455
frisco	US	33.151	-96.824
frolovo	RU	49.769	43.654
frontera	MX	26.928	-101.452
frosinone	IT	41.64	13.341
frutal	BR	-20.025	-48.941
fryazevo	RU	55.733	38.465
fryazino	RU	55.961	38.046
frydek mistek	CZ	49.683	18.35
fu an	CN	27.091	119.644
fuchu	JP	35.675	139.482
fuchucho	JP	34.574	133.235
fuding	CN	27.327	120.214
fuefuki	JP	35.635	138.639
fuencarral	ES	40.5	-3.683
fuencarral el pardo	ES	40.498	-3.731
fuenfhaus	AT	48.196	16.318
fuengirola	ES	36.54	-4.625
fuenlabrada	ES	40.284	-3.794
fuentes del valle	MX	19.633	-99.139
fuerth	DE	49.476	10.989
fujairah	AE	25.116	56.341
fuji	CN	29.148	105.374
fuji	JP	35.167	138.683
fujieda	JP	34.867	138.267
fujiidera	JP	34.568	135.597
fujimino	JP	35.902	139.525
fujin	CN	47.247	132.03
fujinomiya	JP	35.217	138.617
fujioka	JP	36.246	139.072
fujisawa	JP	35.349	139.477
fujiyoshida	JP	35.44	138.796
fukayacho	JP	36.2	139.283
fukuchiyama	JP	35.3	135.117
fukui shi	JP	36.064	136.223
fukuoka	JP	33.6	130.417
fukuroi	JP	34.75	137.917
fukushima	JP	37.75	140.467
fukutsu	JP	33.783	130.491
fukuyama	JP	34.483	133.367
fulad shahr	IR	32.487	51.397
fulda	DE	50.552	9.675
fulham	GB	51.48	-0.199
fuling	CN	29.71	107.394
fullerton	US	33.87	-117.925
funchal	PT	32.666	-16.925
fundacion	CO	10.521	-74.185
fundong	CM	6.28	10.283
funfhaus	AT	48.196	16.318
fungurume	CD	-10.618	26.321
funtua	NG	11.524	7.312
funza	CO	4.716	-74.212
fuorigrotta	IT	40.833	14.2
fuqing	CN	25.729	119.375
furth	DE	49.476	10.989
furukawa	JP	38.572	140.956
fusagasuga	CO	4.336	-74.364
fushun	CN	41.887	123.944
fussa	JP	35.737	139.324
futtsu	JP	35.311	139.819
fuwwah	EG	31.204	30.549
fuxin	CN	42.016	121.659
fuyang	CN	32.9	115.817
fuyu	CN	45.183	124.817
fuzhou	CN	26.061	119.306
fylde	GB	53.833	-2.917
fyli	GR	38.102	23.669
fyzabad	IN	26.775	82.15
g ijduvon shahri	UZ	40.102	64.682
ga rankuwa	ZA	-25.617	27.995
gaalkacyo	SO	6.77	47.431
gabela	AO	-10.851	14.38
gabes	TN	33.881	10.098
gaborone	BW	-24.655	25.909
gabrovo	BG	42.874	25.318
gabu	GW	12.28	-14.222
gadag	IN	15.43	75.63
gadag betageri	IN	15.417	75.617
gadarwara	IN	22.924	78.785
gaddi annaram	IN	17.367	78.524
gadwal	IN	16.235	77.796
gaevle	SE	60.675	17.142
gafsa	TN	34.425	8.784
gage park	US	41.795	-87.696
gagnoa	CI	6.132	-5.951
gainesville	US	29.652	-82.325
gaithersburg	US	39.143	-77.201
gajraula	IN	28.846	78.24
gajuwaka	IN	17.7	83.217
galati	RO	45.437	28.05
galatsi	GR	38.017	23.75
galesong	ID	-5.317	119.366
gallarate	IT	45.66	8.792
galle	LK	6.046	80.21
gallus	DE	50.1	8.63
galveston	US	29.301	-94.798
galway	IE	53.272	-9.051
gama	AO	-8.568	13.476
gama	BR	-16.025	-48.071
gamagori	JP	34.833	137.233
gambat	PK	27.352	68.522
gambela	ET	8.25	34.583
gamboru	NG	12.373	14.207
gamonal	ES	42.357	-3.673
gampengrejo	ID	-7.764	112.035
gamping lor	ID	-7.796	110.326
ganda	AO	-13.016	14.635
gandajika	CD	-6.745	23.953
gandhidham	IN	23.083	70.133
gandhinagar	IN	23.217	72.683
gandia	ES	38.967	-0.183
gangakher	IN	18.97	76.749
gangapur	IN	26.472	76.717
gangarampur	IN	25.401	88.53
gangavati	IN	15.431	76.529
gangneung	KR	37.753	128.872
gangoh	IN	29.78	77.263
gangshang	CN	34.521	118.118
gangtok	IN	27.326	88.612
gangu chengguanzhen	CN	34.736	105.326
ganj dundwara	IN	27.733	78.941
ganja	AZ	40.682	46.361
gannan	CN	47.92	123.5
ganshui	CN	28.742	106.711
ganta	LR	7.235	-8.984
gantang	CN	27.438	111.973
ganzhou	CN	25.847	114.933
gao	ML	16.272	-0.045
gao an	CN	30.29	107.462
gaogou	CN	34.017	119.189
gaojia	CN	30.02	107.86
gaojing	CN	31.322	121.475
gaoliang	CN	30.824	108.302
gaoliu	CN	36.8	118.5
gaomi	CN	36.383	119.753
gaoping	CN	30.776	106.103
gaoua	BF	10.331	-3.182
gaoyou	CN	32.789	119.442
gaozhou	CN	21.92	110.857
gaozuo	CN	33.903	118.04
gap	FR	44.559	6.079
gapan	PH	15.307	120.946
gapyeong	KR	37.831	127.511
garango	BF	11.8	-0.551
garanhuns	BR	-8.882	-36.502
garbsen	DE	52.42	9.603
garca	BR	-22.211	-49.656
garcia	MX	25.801	-100.586
garden grove	US	33.774	-117.941
gardena	US	33.888	-118.309
gardez	AF	33.597	69.226
gare	FR	48.833	2.375
garhchiroli	IN	20.181	80.005
garhi khairo	PK	28.057	67.979
garhwa	IN	24.16	83.808
garissa	KE	-0.453	39.646
garland	US	32.913	-96.639
garmsar	IR	35.218	52.341
garoowe	SO	8.402	48.483
garoua boulai	CM	5.883	14.55
garut	ID	-7.245	107.921
gary	US	41.593	-87.346
gashua	NG	12.874	11.041
gaspar	BR	-26.931	-48.959
gasteiz   vitoria	ES	42.85	-2.673
gastonia	US	35.262	-81.187
gatak	ID	-7.591	110.704
gatchina	RU	59.576	30.128
gateshead	GB	54.962	-1.602
gatineau	CA	45.477	-75.702
gaurnadi	BD	22.974	90.224
gava	ES	41.306	2.001
gavle	SE	60.675	17.142
gay	RU	51.473	58.452
gaya	IN	24.797	85.004
gaya	NE	11.884	3.449
gaza	PS	31.502	34.467
gaziantep	TR	37.059	37.383
gazipur	BD	23.998	90.422
gbadolite	CD	4.279	21.003
gbarnga	LR	6.995	-9.471
gbawe	GH	5.577	-0.31
gboko	NG	7.323	9.001
gbongan	NG	7.477	4.354
gdansk	PL	54.352	18.649
gdynia	PL	54.519	18.532
gebiley	SO	9.7	43.624
gebog	ID	-6.735	110.844
gebre guracha	ET	9.8	38.4
gebze	TR	40.803	29.431
gedangan	ID	-7.391	112.727
geelong	AU	-38.147	144.361
geidam	NG	12.894	11.926
geiro	TZ	-6.15	36.867
geita	TZ	-2.873	32.233
gejiu	CN	23.361	103.154
gela	IT	37.074	14.24
gelan	CN	30.036	107.116
gelang patah	MY	1.448	103.587
gelendzhik	RU	44.58	38.066
gelsenkirchen	DE	51.505	7.097
gemena	CD	3.257	19.772
gemlik	TR	40.431	29.16
general pacheco	AR	-34.453	-58.643
general pico	AR	-35.659	-63.758
general roca	AR	-39.033	-67.583
general santos	PH	6.113	125.172
general trias	PH	14.387	120.882
genet	ET	9.067	38.5
geneva	CH	46.202	6.146
gengqing	CN	31.817	98.581
genhe	CN	50.783	121.517
genk	BE	50.965	5.501
gennevilliers	FR	48.933	2.3
genoa	IT	44.405	8.944
gent	BE	51.05	3.717
genteng	ID	-8.367	114.15
geoje	KR	34.814	128.706
george	ZA	-33.963	22.462
george town	MY	5.411	100.335
georgetown	CA	43.65	-79.916
georgetown	GY	6.804	-58.155
georgetown	US	30.633	-97.677
georgiyevsk	RU	44.149	43.47
gera	DE	50.88	12.082
gereida	SD	11.275	25.14
gereshk	AF	31.821	64.57
germantown	US	39.173	-77.272
germering	DE	48.134	11.377
germiston	ZA	-26.235	28.177
gerona	PH	15.607	120.598
gesundbrunnen	DE	52.55	13.391
getafe	ES	40.306	-3.733
getxo	ES	43.357	-3.011
geylang	SG	1.32	103.887
ghardaia	DZ	32.491	3.673
gharroli	IN	28.617	77.332
ghatal	IN	22.662	87.734
ghatampur	IN	26.153	80.168
ghatsila	IN	22.585	86.477
ghaziabad	IN	28.665	77.439
ghazieh	LB	33.517	35.369
ghazipur	IN	25.583	83.585
ghazni	AF	33.554	68.421
ghotki	PK	28.004	69.316
ghulja	CN	43.915	81.322
gia lam	VN	21.02	105.939
gia nghia	VN	12.004	107.691
gia rai	VN	9.234	105.458
giang vo	VN	21.031	105.813
giddarbaha	IN	30.2	74.666
giessen	DE	50.587	8.676
gießen	DE	50.587	8.676
gifhorn	DE	52.479	10.552
gifu	JP	35.423	136.76
gijang	KR	35.244	129.214
gijon	ES	43.536	-5.662
gilbert	US	33.353	-111.789
gilgil	KE	-0.504	36.318
gilgit	PK	35.919	74.312
gillingham	GB	51.389	0.549
gilroy	US	37.006	-121.568
gimbi	ET	9.17	35.835
gimcheon	KR	36.122	128.12
gimpo si	KR	37.624	126.714
gingoog	PH	8.828	125.1
ginowan	JP	26.263	127.761
gion	JP	34.433	132.467
girardot city	CO	4.301	-74.808
giresun	TR	40.917	38.387
girga	EG	26.337	31.893
giridih	IN	24.186	86.309
giron	CO	7.068	-73.17
girona	ES	41.983	2.825
gisenyi	RW	-1.703	29.256
gitarama	RW	-2.074	29.757
gitega	BI	-3.427	29.925
githunguri	KE	-1.058	36.776
giugliano in campania	IT	40.928	14.202
giurgiu	RO	43.887	25.963
givatayim	IL	32.072	34.813
giza	EG	30.009	31.209
gjakove	XK	42.38	20.431
gjien ban	VN	15.889	108.254
gjilan	XK	42.46	21.47
gjinh cong	VN	20.984	105.827
gjo son	VN	20.714	106.789
gjong gja	VN	21.013	105.825
gjong hoi	VN	17.469	106.622
gjong ngac	VN	21.081	105.774
gjong xoai	VN	11.535	106.883
gjorce petro	MK	42.008	21.353
gjuc pho	VN	14.814	108.959
gjuc trong	VN	11.736	108.373
gladbeck	DE	51.571	6.986
gladstone	AU	-23.849	151.258
glasgow	GB	55.865	-4.258
glazov	RU	58.14	52.656
glen burnie	US	39.163	-76.625
glen waverley	AU	-37.878	145.165
glendale	US	33.539	-112.186
glendora	US	34.136	-117.865
glenview	US	42.07	-87.788
gliwice	PL	50.298	18.677
glogovac	XK	42.628	20.894
glogow	PL	51.664	16.084
gloucester	CA	45.35	-75.633
gloucester	GB	51.866	-2.243
glyfada	GR	37.863	23.758
gniezno	PL	52.535	17.583
go cong	VN	10.367	106.667
go vap	VN	10.817	106.683
goalpara	IN	26.177	90.626
goba	ET	7.017	39.983
gobardanga	IN	22.877	88.755
gobernador galvez	AR	-33.03	-60.64
gobichettipalayam	IN	11.455	77.442
gobindgarh	IN	30.671	76.302
godda	IN	24.827	87.213
gode	ET	5.951	43.552
godean	ID	-7.77	110.294
godhra	IN	22.775	73.615
godome	BJ	6.389	2.346
goelbasi	TR	39.79	32.809
goelcuek	TR	40.715	29.818
goenen	TR	40.105	27.654
goeppingen	DE	48.704	9.652
goerlitz	DE	51.155	14.989
goettingen	DE	51.534	9.932
goeycay	AZ	40.651	47.742
gogrial	SS	8.533	28.1
gohad	IN	26.433	78.442
gohana	IN	29.138	76.702
gohlis	DE	51.366	12.367
goiana	BR	-7.561	-35.002
goianesia	BR	-15.318	-49.117
goianesia do para	BR	-3.842	-49.097
goiania	BR	-16.679	-49.254
goianira	BR	-16.496	-49.426
gojra	PK	31.149	72.683
gokak	IN	16.169	74.824
gokalpur	IN	28.703	77.29
gol yanovo	RU	55.823	37.813
gola gokarannath	IN	28.078	80.471
golaghat	IN	26.512	93.96
golbası	TR	39.79	32.809
golcuk	TR	40.715	29.818
gold coast	AU	-28.0	153.431
golestan	IR	35.518	51.182
golfe	AO	-8.866	13.262
golpayegan	IR	33.454	50.288
goma	CD	-1.674	29.228
gombe	NG	10.29	11.167
gombong	ID	-7.607	109.514
gomez palacio	MX	25.569	-103.5
gonabad	IR	34.353	58.684
gonaives	HT	19.448	-72.689
gonbad e kavus	IR	37.25	55.167
gonda city	IN	27.132	81.953
gondal	IN	21.961	70.803
gonder	ET	12.6	37.467
gondia	IN	21.46	80.192
gonen	TR	40.105	27.654
gongchangling	CN	41.117	123.45
gongguan	CN	21.8	109.6
gongheyong	CN	22.759	113.795
gongju	KR	36.456	127.125
gongqingcheng	CN	29.249	115.81
gongyi	CN	34.755	113.011
gongzhuling	CN	43.501	124.82
goodyear	US	33.435	-112.358
goose creek	US	32.981	-80.033
gooty	IN	15.118	77.638
gopalganj	BD	23.223	90.06
gopalganj	IN	26.467	84.44
goppingen	DE	48.704	9.652
gorakhpur	IN	26.766	83.369
gorgan	IR	36.843	54.444
gori	GE	41.985	44.113
gorlitz	DE	51.155	14.989
gorno altaysk	RU	51.961	85.919
gorod solnetchnogorsk	RU	56.186	36.976
gorontalo	ID	0.537	123.062
gorzow wielkopolski	PL	52.734	15.225
gosen	JP	37.733	139.167
goshogawara	JP	40.804	140.441
goslar	DE	51.904	10.428
gosport	GB	50.795	-1.129
gostivar	MK	41.796	20.908
gotemba	JP	35.319	138.943
gotha	DE	50.948	10.702
gothenburg	SE	57.707	11.967
gottingen	DE	51.534	9.932
gouda	NL	52.017	4.708
gourcy	BF	13.208	-2.359
governador valadares	BR	-18.851	-41.949
goya	AR	-29.14	-59.263
goyang si	KR	37.656	126.835
goycay	AZ	40.651	47.742
goyerkata	IN	26.7	89.026
goz beida	TD	12.226	21.41
gqeberha	ZA	-33.961	25.615
graaff reinet	ZA	-32.252	24.531
gracia	ES	41.402	2.156
grahamstown	ZA	-33.304	26.533
grajau	BR	-23.77	-46.671
gramado	BR	-29.379	-50.874
granada	CO	3.546	-73.707
granada	ES	37.188	-3.607
granada	NI	11.931	-85.954
granby	CA	45.4	-72.732
grand bassam	CI	5.212	-3.739
grand forks	US	47.925	-97.033
grand island	US	40.925	-98.342
grand junction	US	39.064	-108.551
grand prairie	US	32.746	-96.998
grand rapids	US	42.963	-85.668
grande prairie	CA	55.167	-118.803
grangwav	HT	18.426	-72.77
granja	BR	-3.12	-40.826
granollers	ES	41.608	2.288
grantham	GB	52.911	-0.642
grao de murviedro	ES	39.642	-0.239
grapevine	US	32.934	-97.078
grasse	FR	43.658	6.925
gravata	BR	-8.201	-35.565
gravatai	BR	-29.942	-50.993
gravesend	GB	51.442	0.371
gravesend	US	40.598	-73.965
gravina in puglia	IT	40.817	16.419
grays	GB	51.476	0.325
graz	AT	47.067	15.442
grazhdanka	RU	60.017	30.417
great falls	US	47.5	-111.301
great sankey	GB	53.392	-2.64
great yarmouth	GB	52.608	1.731
greater noida	IN	28.496	77.536
greater sudbury	CA	46.49	-80.99
greeley	US	40.423	-104.709
green bay	US	44.519	-88.02
greenburgh	US	41.033	-73.843
greenock	GB	55.948	-4.761
greensboro	US	36.073	-79.792
greenville	US	35.613	-77.366
greenwood	US	39.614	-86.107
gremda	TN	34.791	10.721
grenoble	FR	45.179	5.715
gresham	US	45.498	-122.431
gresik	ID	-7.154	112.656
greve	DK	55.583	12.3
grevenbroich	DE	51.091	6.583
grimsby	GB	53.565	-0.076
grogol	ID	-7.601	110.819
gronau	DE	52.211	7.022
groningen	NL	53.219	6.567
grosseto	IT	42.763	11.109
grozny	RU	43.312	45.689
grudziadz	PL	53.484	18.754
gryazi	RU	52.495	39.94
guacara	VE	10.226	-67.877
guadalajara	ES	40.629	-3.162
guadalajara	MX	20.677	-103.347
guadalajara de buga	CO	3.901	-76.298
guadalupe	MX	25.677	-100.259
guaduas	CO	5.067	-74.595
guaianases	BR	-23.543	-46.411
guaiba	BR	-30.114	-51.325
guajara mirim	BR	-10.784	-65.336
gualeguaychu	AR	-33.008	-58.518
guamuchil	MX	25.459	-108.077
guanabacoa	CU	23.125	-82.301
guanajuato	MX	21.019	-101.259
guanambi	BR	-14.223	-42.781
guanare	VE	9.039	-69.734
guandu	CN	30.956	109.847
guang an	CN	30.474	106.637
guangshui	CN	31.62	113.998
guangshun	CN	29.375	105.527
guangtong	CN	25.169	101.749
guangyuan	CN	32.442	105.823
guangzhou	CN	23.117	113.25
guanhu	CN	34.425	117.995
guankou	CN	28.159	113.627
guanshan	CN	33.798	117.866
guantanamo	CU	20.144	-75.209
guanyin	CN	29.099	104.394
guanzhuang	CN	36.263	119.194
guapimirim	BR	-22.537	-42.982
guara	BR	-15.81	-47.972
guarabira	BR	-6.855	-35.49
guaraciaba do norte	BR	-4.167	-40.748
guaramirim	BR	-26.473	-49.003
guarapari	BR	-20.672	-40.502
guarapuava	BR	-25.39	-51.465
guaratingueta	BR	-22.816	-45.193
guarda	PT	40.538	-7.266
guarenas	VE	10.47	-66.619
guaruja	BR	-23.993	-46.256
guarulhos	BR	-23.463	-46.533
guasave	MX	25.568	-108.469
guasdualito	VE	7.242	-70.732
guatemala city	GT	14.641	-90.513
guatire	VE	10.474	-66.542
guaxupe	BR	-21.305	-46.713
guayaquil	EC	-2.196	-79.886
guaynabo	PR	18.357	-66.111
gubat	PH	12.921	124.123
gubkin	RU	51.284	37.535
gucheng	CN	36.953	118.762
gucheng chengguanzhen	CN	32.266	111.635
gucun	CN	31.349	121.393
gudalur	IN	11.521	76.481
gudivada	IN	16.435	80.996
gudiyatham	IN	12.946	78.874
gudong	CN	25.342	98.483
gudur	IN	14.151	79.852
guduvancheri	IN	12.845	80.061
gueckedou	GN	8.567	-10.134
guediawaye	SN	14.774	-17.402
gueiguee	VE	10.083	-67.778
gueines	CU	22.838	-82.027
gueira de melena	CU	22.797	-82.507
gueiria	VE	10.577	-62.298
guelma	DZ	36.462	7.426
guelmim	MA	28.987	-10.057
guelph	CA	43.546	-80.256
guemar	DZ	33.485	6.797
guengoeren merter	TR	41.007	28.888
guerara	DZ	32.792	4.499
guercif	MA	34.226	-3.354
guetersloh	DE	51.907	8.379
guider	CM	9.933	13.947
guidonia montecelio	IT	41.994	12.722
guigang	CN	23.116	109.595
guiglo	CI	6.544	-7.494
guigue	VE	10.083	-67.778
guiguinto	PH	14.833	120.883
guildford	CA	49.192	-122.8
guildford	GB	51.235	-0.574
guilin	CN	25.28	110.296
guimaraes	PT	41.444	-8.296
guindalera	ES	40.436	-3.667
guines	CU	22.838	-82.027
guiping	CN	23.395	110.074
guira de melena	CU	22.797	-82.507
guiren	CN	33.67	118.189
guiria	VE	10.577	-62.298
guixi	CN	30.334	107.345
guiyang	CN	26.583	106.717
gujangbagh	CN	37.109	79.934
gujar khan	PK	33.254	73.304
gujo	JP	35.737	136.959
gujranwala	PK	32.156	74.187
gujrat	PK	32.574	74.075
gukovo	RU	48.051	39.93
gulaothi	IN	28.589	77.793
gulariya	NP	28.206	81.345
gulfport	US	30.367	-89.093
guli	CN	28.882	120.033
gulin	CN	28.042	105.81
guliston	UZ	40.495	68.775
gulu	UG	2.775	32.299
gumel	NG	12.627	9.388
gumi	KR	36.114	128.336
gumia	IN	23.797	85.825
gumla	IN	23.043	84.544
gummersbach	DE	51.026	7.565
guna	IN	24.647	77.311
gunan	CN	29.023	106.648
gundupalaiyam	IN	11.941	79.803
gungoren merter	TR	41.007	28.888
gunpo	KR	37.367	126.947
gunsan	KR	35.979	126.711
guntakal	IN	15.171	77.362
guntur	IN	16.3	80.457
gunungsitoli	ID	1.289	97.614
gununo	ET	6.925	37.653
guozhen	CN	34.366	107.359
gupi	CN	34.114	117.883
gurdaspur	IN	32.039	75.403
guri si	KR	37.599	127.139
gurlan	UZ	41.841	60.393
gursahaiganj	IN	27.115	79.732
gurue	MZ	-15.467	36.978
gurugram	IN	28.46	77.026
gurupi	BR	-11.729	-49.069
gus  khrustal nyy	RU	55.612	40.65
gusau	NG	12.17	6.664
gushikawa	JP	26.359	127.867
gushu	CN	31.561	118.481
gusong	CN	28.313	105.238
gustavo adolfo madero	MX	19.494	-99.111
gutao	CN	37.203	112.178
gutersloh	DE	51.907	8.379
guwahati	IN	26.184	91.746
guxian	CN	36.734	120.226
guye	CN	39.741	118.451
guyong	PH	14.836	120.978
guyuan	CN	36.007	106.281
gwa	MM	17.594	94.58
gwadar	PK	25.122	62.325
gwalior	IN	26.23	78.173
gwangju	KR	35.155	126.916
gwangmyeong	KR	37.477	126.866
gwangyang	KR	34.941	127.696
gweru	ZW	-19.45	29.817
gwynn oak	US	39.333	-76.693
gyanpur	IN	25.333	82.466
gyeongju	KR	35.843	129.212
gyeongsan si	KR	35.823	128.738
gyoda	JP	36.141	139.46
gyor	HU	47.683	17.635
gyumri	AM	40.793	43.846
gyzylarbat	TM	38.976	56.276
głogow	PL	51.664	16.084
ha giang	VN	22.823	104.984
ha gjong	VN	20.971	105.779
ha il	SA	27.522	41.691
ha long	VN	20.95	107.073
ha tien	VN	10.383	104.488
ha tinh	VN	18.343	105.906
ha đong	VN	20.971	105.779
haabersti	EE	59.423	24.647
haarlem	NL	52.381	4.637
habaswein	KE	1.017	39.491
habbouch	LB	33.408	35.482
habiganj	BD	24.38	91.413
habikino	JP	34.553	135.591
habra	IN	22.842	88.656
hachinohe	JP	40.5	141.5
hachioji	JP	35.656	139.324
hacienda heights	US	33.993	-117.969
hacienda la calera	CL	-32.783	-71.217
hacienda santa fe	MX	20.518	-103.381
hackensack	US	40.886	-74.043
had soualem	MA	33.42	-7.852
hada iq al qubbah	EG	30.088	31.284
hadali	PK	32.64	74.569
hadano	JP	35.371	139.224
hadejia	NG	12.453	10.041
hadera	IL	32.442	34.904
hadero	ET	7.2	37.667
hadong	KR	35.068	127.751
haeju	KP	38.041	125.715
haemeenlinna	FI	60.996	24.464
hafar al batin	SA	28.433	45.971
hafizabad	PK	32.071	73.688
haflong	IN	25.165	93.017
hagen	DE	51.361	7.472
hagere hiywet	ET	8.983	37.85
hagere maryam	ET	5.634	38.236
hagerstown	US	39.642	-77.72
hagi	JP	34.4	131.417
hagonoy	PH	14.834	120.733
hai ba trung	VN	21.013	105.848
hai chau	VN	15.917	108.133
hai duong	VN	20.941	106.333
haicheng	CN	40.852	122.748
haifa	IL	32.813	34.999
haikou	CN	20.034	110.347
hailar	CN	49.2	119.7
hailin	CN	44.571	129.385
hailun	CN	47.447	126.925
haimen	CN	23.193	116.612
haining	CN	30.536	120.686
haiphong	VN	20.865	106.683
haiyang	CN	29.786	118.177
haizhou	CN	34.582	119.129
hajiawa	IQ	36.236	44.795
hajiganj	BD	23.252	90.855
hajipur	IN	25.685	85.21
hajjah	YE	15.694	43.606
hakkari	TR	37.574	43.741
hakodate	JP	41.776	140.737
hala	PK	25.815	68.422
halabja	IQ	35.178	45.986
haldia	IN	22.06	88.11
haldwani	IN	29.223	79.529
halesowen	GB	52.449	-2.049
halifax	CA	44.643	-63.577
halifax	GB	53.717	-1.85
halisahar	IN	22.932	88.419
halle  saale	DE	51.482	11.979
halle neustadt	DE	51.479	11.916
halmstad	SE	56.674	12.857
halol	IN	22.503	73.472
haltom city	US	32.8	-97.269
halton hills	CA	43.64	-79.931
halwan	EG	29.841	31.301
hamada	JP	34.883	132.083
hamadan	IR	34.799	48.515
hamah	SY	35.132	36.758
hamakita	JP	34.8	137.783
hamamatsu	JP	34.7	137.733
hamburg	DE	53.551	9.993
hamburg mitte	DE	53.55	10.017
hamburg nord	DE	53.589	9.984
hamden	US	41.396	-72.897
hameenlinna	FI	60.996	24.464
hameln	DE	52.104	9.356
hamhung	KP	39.918	127.536
hami	CN	42.834	93.506
hamilton	CA	43.25	-79.85
hamilton	GB	55.767	-4.033
hamilton	NZ	-37.783	175.283
hamilton	US	39.4	-84.561
hamm	DE	51.68	7.821
hamma bouziane	DZ	36.412	6.596
hammam lif	TN	36.729	10.342
hammam sousse	TN	35.861	10.603
hammamet	TN	36.4	10.617
hammanskraal	ZA	-25.409	28.287
hammond	US	41.583	-87.5
hampton	US	37.03	-76.345
hamura	JP	35.762	139.32
han airike	CN	37.542	80.117
hanam	KR	37.54	127.206
hanamaki	JP	39.383	141.117
hanau am main	DE	50.134	8.914
hancheng	CN	35.46	110.429
hanchuan	CN	30.65	113.767
handa	JP	34.883	136.933
handan	CN	36.61	114.488
handeni	TZ	-5.433	38.017
hanfeng	CN	31.169	108.403
hanford	US	36.327	-119.646
hangu	CN	39.249	117.789
hangzhou	CN	30.294	120.161
haninge	SE	59.168	18.145
hanjia	CN	29.295	108.161
hannan	JP	34.333	135.25
hanno	JP	35.852	139.318
hannover	DE	52.371	9.733
hanoi	VN	21.024	105.841
hansestadt stade	DE	53.594	9.473
hansi	IN	29.102	75.963
hanting	CN	36.771	119.211
hanumangarh	IN	29.582	74.329
hanwang	CN	34.194	117.083
hanyin chengguanzhen	CN	32.891	108.505
hanyu	JP	36.167	139.533
hanyuan	CN	32.834	106.25
hanzhong	CN	33.075	107.022
hapur	IN	28.73	77.781
harar	ET	9.314	42.118
harare	ZW	-17.828	31.053
harbin	CN	45.75	126.65
harburg	DE	53.461	9.984
harda	IN	22.344	77.095
hardenberg	NL	52.576	6.619
harderwijk	NL	52.342	5.621
hardoi	IN	27.395	80.132
hargeysa	SO	9.56	44.065
haridwar	IN	29.948	78.16
harihar	IN	14.513	75.807
haripur	PK	33.998	72.935
harlem	US	40.808	-73.945
harlingen	US	26.191	-97.696
harlow	GB	51.777	0.112
harpanahalli	IN	14.788	75.989
harrisburg	US	40.274	-76.884
harrisonburg	US	38.45	-78.869
harrogate	GB	53.991	-1.537
harrow	GB	51.578	-0.332
harsin	IR	34.272	47.586
hartford	US	41.764	-72.685
hartlepool	GB	54.686	-1.21
harunabad	PK	29.612	73.138
hasanabad	IR	35.367	51.235
hasanpur	IN	28.722	78.284
hashima	JP	35.329	136.681
hashimoto	JP	34.317	135.617
hashtgerd	IR	35.962	50.68
hashtpar	IR	37.797	48.905
hashtsal	IN	28.634	77.058
hasilpur	PK	29.692	72.546
hasimara	IN	26.747	89.354
haskovo	BG	41.934	25.556
hassan	IN	13.007	76.096
hasselt	BE	50.931	5.338
hassi bahbah	DZ	35.071	3.03
hassi messaoud	DZ	31.68	6.073
hastings	GB	50.856	0.58
hastings	NZ	-39.638	176.849
hasuda	JP	35.971	139.649
hat yai	TH	7.008	100.477
hatfield	GB	51.763	-0.224
hathazari	BD	22.505	91.813
hathras	IN	27.596	78.052
hatogaya honcho	JP	35.833	139.743
hatsukaichi	JP	34.35	132.333
hattiesburg	US	31.327	-89.29
hattingen	DE	51.399	7.186
haugesund	NO	59.414	5.268
havana	CU	23.133	-82.383
havant	GB	50.857	-0.986
haveli lakha	PK	30.451	73.694
haverhill	US	42.776	-71.077
haveri	IN	14.794	75.404
havertown	US	39.981	-75.309
havirov	CZ	49.78	18.437
hawalli	KW	29.333	48.029
hawr al  anz	AE	25.277	55.337
hawsh  isa	EG	30.913	30.29
hawthorne	US	33.916	-118.353
hayes	GB	51.516	-0.423
hayward	US	37.669	-122.081
hayy khilda	JO	31.992	35.84
hazaribagh	IN	23.992	85.362
hebi	CN	35.732	114.286
hebron	PS	31.529	35.094
hechi	CN	24.693	108.084
hechuan	CN	29.992	106.265
hecun	CN	36.533	114.111
hede	CN	33.772	120.262
hedensted	DK	55.77	9.701
hedong	CN	23.92	115.78
heerenveen	NL	52.959	5.919
heerhugowaard	NL	52.671	4.849
heerlen	NL	50.884	5.982
hefei	CN	31.864	117.281
hegang	CN	47.347	130.29
hegou	CN	34.408	118.122
heguan	CN	36.89	118.574
heho	MM	20.723	96.823
heidelberg	DE	49.408	8.691
heidelberg	ZA	-26.505	28.359
heidenheim an der brenz	DE	48.678	10.152
heihe	CN	50.244	127.49
heilbronn	DE	49.14	9.221
heinsberg	DE	51.064	6.1
heishan	CN	41.689	122.113
hejiang	CN	28.812	105.834
hejing	CN	42.311	86.391
hekinan	JP	34.883	136.983
hekou	CN	34.578	116.814
heliopolis	DZ	36.504	7.443
hell s kitchen	US	40.765	-73.991
hell ville	MG	-13.397	48.267
hellersdorf	DE	52.533	13.609
helmond	NL	51.482	5.661
helong	CN	42.54	128.997
helsingborg	SE	56.047	12.694
helsinki	FI	60.17	24.935
hemel hempstead	GB	51.754	-0.45
hemet	US	33.748	-116.973
hempstead	US	40.706	-73.619
hendala	LK	6.991	79.883
henderson	US	36.04	-114.982
hendersonville	US	36.305	-86.62
hengbei	CN	23.88	115.725
hengelo	NL	52.266	6.793
hengshan	CN	45.208	130.898
hengshui	CN	37.739	115.683
hengyang	CN	26.889	112.619
hennef  sieg	DE	50.776	7.283
henrietta	US	43.059	-77.612
hepingjie	CN	42.06	126.916
hepo	CN	23.431	115.83
hepu	CN	21.659	109.2
herat	AF	34.348	62.2
hereford	GB	52.057	-2.715
herford	DE	52.115	8.673
hermanus	ZA	-34.419	19.234
hermosillo	MX	29.089	-110.967
hernals	AT	48.225	16.309
herne	DE	51.539	7.226
herning	DK	56.136	8.977
heroica caborca	MX	30.718	-112.158
heroica ciudad de juchitan de zaragoza	MX	16.434	-95.022
heroica guaymas	MX	27.92	-110.899
heroica matamoros	MX	25.88	-97.504
heroica zitacuaro	MX	19.437	-100.356
herten	DE	51.596	7.144
hervey bay	AU	-25.288	152.769
herzliya	IL	32.166	34.825
herzogenrath	DE	50.869	6.093
heshan	CN	28.569	112.347
hesperia	US	34.426	-117.301
hetauda	NP	27.428	85.032
heyuan	CN	23.733	114.683
heze	CN	35.239	115.474
hezhou	CN	24.404	111.567
hezuo	CN	34.986	102.909
hialeah	US	25.858	-80.278
hickory	US	35.733	-81.341
hicksville	US	40.768	-73.525
hidaka	JP	35.917	139.362
hidalgo del parral	MX	26.93	-105.666
hietzing	AT	48.186	16.297
higashi matsuyama	JP	36.033	139.417
higashihiroshima	JP	34.409	132.737
higashikurume	JP	35.752	139.512
higashimurayama	JP	35.755	139.469
higashine	JP	38.439	140.401
higashiosaka	JP	34.667	135.583
higashiyamato	JP	35.763	139.446
high peak	GB	53.368	-1.845
high point	US	35.956	-80.005
high wycombe	GB	51.629	-0.749
highland	US	34.128	-117.209
highlands ranch	US	39.554	-104.969
higuerote	VE	10.483	-66.101
hihya	EG	30.671	31.588
hikari	JP	33.955	131.95
hikone	JP	35.25	136.25
hilden	DE	51.168	6.931
hildesheim	DE	52.151	9.951
hillsboro	US	45.523	-122.99
hilo	US	19.73	-155.091
hilsa	IN	25.316	85.282
hilton head island	US	32.194	-80.738
hilversum	NL	52.223	5.176
himamaylan	PH	10.099	122.871
himatnagar	IN	23.599	72.966
himeji	JP	34.817	134.7
himi	JP	36.847	136.984
himimachi	JP	36.856	136.988
himora	ER	14.304	36.606
hinatuan	PH	8.372	126.334
hinckley	GB	52.539	-1.376
hindaun	IN	26.734	77.035
hindupur	IN	13.828	77.491
hinganghat	IN	20.549	78.84
hingoli	IN	19.715	77.142
hino	JP	35.673	139.4
hinthada	MM	17.649	95.457
hirai	JP	35.708	139.843
hirakata	JP	34.814	135.649
hiratsuka	JP	35.328	139.337
hire	CI	6.189	-5.295
hiriyur	IN	13.945	76.617
hirnytskyi	UA	48.021	37.969
hirosaki	JP	40.593	140.472
hiroshima	JP	34.4	132.45
hisai motomachi	JP	34.667	136.467
hisar	IN	29.154	75.723
hita	JP	33.321	130.941
hitachi	JP	36.6	140.65
hitachi naka	JP	36.397	140.535
hitachi ota	JP	36.551	140.528
hladkivka	UA	48.036	37.81
hlaingthaya	MM	16.85	96.067
hlotse	LS	-28.872	28.045
ho	GH	6.601	0.471
ho chi minh city	VN	10.823	106.63
hoa binh	VN	20.817	105.338
hoa cuong	VN	16.043	108.182
hoa thanh	VN	11.287	106.129
hoan kiem	VN	21.029	105.851
hoan lao	VN	17.584	106.534
hoang liet	VN	20.964	105.841
hoang mai	VN	19.268	105.716
hobart	AU	-42.879	147.329
hoboken	US	40.744	-74.032
hod hasharon	IL	32.159	34.893
hodal	IN	27.892	77.367
hodmezovasarhely	HU	46.417	20.333
hoeryong	KP	42.441	129.746
hof	DE	50.313	11.913
hoffman estates	US	42.043	-88.08
hofu	JP	34.05	131.567
hohhot	CN	40.811	111.652
hohoe	GH	7.152	0.474
hoima	UG	1.433	31.352
hoji ya henda	AO	-8.805	13.29
hokota	JP	36.15	140.517
hokuto	JP	35.835	138.396
holguin	CU	20.887	-76.263
holloway	GB	51.552	-0.125
hollywood	US	34.098	-118.327
holon	IL	32.01	34.779
holosiyiv	UA	50.344	30.552
holyoke	US	42.204	-72.616
homa bay	KE	-0.527	34.457
homburg	DE	49.326	7.339
homestead	US	25.469	-80.478
homnabad	IN	17.771	77.125
homs	SY	34.724	36.726
homyel	BY	52.434	30.975
honcho	JP	35.701	139.986
hondlon	CN	40.648	109.794
hondomachi hondo	JP	32.46	130.167
hong kong	HK	22.278	114.175
hong kong island	HK	22.263	114.184
hong ngu	VN	10.8	105.35
hongch on	KR	37.692	127.886
honggang	CN	46.397	124.884
honghe	CN	36.403	118.918
hongjiang	CN	27.11	109.996
hongkou	CN	31.25	121.489
hongqiao	CN	26.768	112.108
hongseong	KR	36.601	126.665
hongwon	KP	40.025	127.956
honiara	SB	-9.433	159.95
honjo	JP	36.238	139.19
honmachi	JP	32.504	130.6
honolulu	US	21.307	-157.858
hoofddorp	NL	52.303	4.689
hoorn	NL	52.642	5.06
hoover	US	33.405	-86.811
horad zhodzina	BY	54.099	28.333
horishni plavni	UA	49.008	33.629
horizonte	BR	-4.098	-38.486
horlivka	UA	48.3	38.017
horsens	DK	55.861	9.85
horsham	GB	51.063	-0.328
horsholm	DK	55.881	12.501
horta guinardo	ES	41.418	2.168
hortaleza	ES	40.474	-3.641
hortolandia	BR	-22.858	-47.22
hosa ina	ET	7.55	37.854
hosapete	IN	15.27	76.387
hoshiarpur	IN	31.537	75.913
hoskote	IN	13.071	77.798
hosur	IN	12.736	77.833
hougang new town	SG	1.357	103.891
houmt souk	TN	33.876	10.857
hounde	BF	11.5	-3.517
hounslow	GB	51.468	-0.361
houston	US	29.763	-95.363
houzhen	CN	36.991	118.966
hove	GB	50.831	-0.167
howrah	IN	22.577	88.319
hpa an	MM	16.89	97.635
hpakan	MM	25.614	96.315
hradec kralove	CZ	50.209	15.833
hrazdan	AM	40.517	44.756
hrodna	BY	53.676	23.829
hruzkyi	UA	48.065	37.936
hsinchu	TW	24.804	120.969
hua hin	TH	12.571	99.959
huacheng	CN	24.067	115.613
huacho	PE	-11.117	-77.606
huadian	CN	42.972	126.741
huai an	CN	33.589	119.019
huai khwang	TH	13.777	100.579
huaibei	CN	33.974	116.792
huaicheng	CN	23.92	112.176
huaidian	CN	33.433	115.033
huaihua	CN	27.563	110.004
huainan	CN	32.626	116.997
huaiyang	CN	37.761	114.517
huaiyuan chengguanzhen	CN	32.959	117.166
huajing	CN	31.122	121.449
hualien city	TW	23.977	121.604
hualong	CN	36.946	118.589
hualpen	CL	-36.789	-73.102
huamak	TH	13.758	100.647
huamantla	MX	19.315	-97.925
huambo	AO	-12.776	15.739
huanan	CN	46.236	130.546
huancavelica	PE	-12.787	-74.973
huancayo	PE	-12.069	-75.21
huangchuan	CN	32.139	115.043
huanggang	CN	30.451	114.87
huanghua	CN	35.889	119.458
huangji	CN	34.433	116.983
huanglou	CN	36.647	118.606
huangmei	CN	30.192	116.025
huangnihe	CN	43.558	128.024
huangpi	CN	30.885	114.378
huangpu	CN	31.238	121.478
huangshan	CN	29.711	118.312
huangshi	CN	30.247	115.048
huangzhou	CN	30.45	114.8
huankou	CN	34.87	116.67
huanren	CN	41.265	125.367
huanuco	PE	-9.929	-76.24
huaral	PE	-11.495	-77.208
huaraz	PE	-9.526	-77.529
huashan	CN	34.63	116.736
huauchinango	MX	20.174	-98.055
huayin	CN	34.565	110.066
huayuan	CN	28.286	117.207
huazhou	CN	21.633	110.583
hub	PK	25.026	66.885
hubballi	IN	15.348	75.134
huddersfield	GB	53.649	-1.784
huddinge	SE	59.237	17.982
hue	VN	16.462	107.595
huehuetenango	GT	15.321	-91.47
huejutla de reyes	MX	21.14	-98.419
huelva	ES	37.266	-6.94
huerth	DE	50.871	6.868
huesca	ES	42.136	-0.409
hugli	IN	22.909	88.397
huguo	CN	28.586	105.367
huicheng	CN	23.038	116.29
huilong	CN	31.811	121.655
huinan	CN	42.623	126.261
huinong	CN	39.233	106.769
huiqu	CN	36.271	119.049
huixing	CN	29.684	106.615
huixquilucan	MX	19.36	-99.35
huizen	NL	52.299	5.242
huizhou	CN	23.111	114.415
hujra shah muqim	PK	30.742	73.823
hulan	CN	45.893	126.578
hulan ergi	CN	47.204	123.633
hull	CA	45.428	-75.711
hulu langat	MY	3.114	101.814
huludao	CN	40.752	120.836
hulunbuir	CN	49.211	119.756
humaita	BR	-7.517	-63.031
humen	CN	22.819	113.673
hunchun	CN	42.867	130.357
hunedoara	RO	45.75	22.9
hung yen	VN	20.646	106.051
hungnam	KP	39.842	127.632
hunsur	IN	12.304	76.293
huntersville	US	35.411	-80.843
huntington	US	38.419	-82.445
huntington beach	US	33.66	-117.999
huntington park	US	33.982	-118.225
huntsville	US	34.73	-86.586
huocheng	CN	44.053	80.872
huong thuy	VN	16.422	107.64
huong tra	VN	16.525	107.475
huoqiu chengguanzhen	CN	32.355	116.294
hurghada	EG	27.257	33.813
hurlingham	AR	-34.59	-58.629
hurth	DE	50.871	6.868
hushitai	CN	41.942	123.503
hutang	CN	31.534	119.49
hutchinson	US	38.061	-97.93
huyen lam ha	VN	11.816	108.214
huyton	GB	53.411	-2.839
huzhou	CN	30.87	120.093
hvidovre	DK	55.643	12.477
hwadae	KP	40.838	129.497
hwado	KR	37.653	127.308
hwaseong si	KR	37.207	126.817
hwasong	KP	41.256	129.493
hwasun	KR	35.061	126.987
hwawon	KR	35.802	128.501
hyderabad	IN	17.384	78.456
hyderabad	PK	25.397	68.377
hyeres	FR	43.12	6.129
hyesan	KP	41.402	128.178
hyesan dong	KP	41.395	128.187
hyosha	CD	0.698	29.519
hyuga	JP	32.423	131.641
hyvinge	FI	60.633	24.867
hørsholm	DK	55.881	12.501
i zaz	SY	36.587	37.046
iasi	RO	47.167	27.6
ibadan	NG	7.378	3.906
ibague	CO	4.436	-75.203
ibanda	UG	-0.134	30.496
ibara	JP	34.6	133.467
ibaraki	JP	34.816	135.568
ibarra	EC	0.349	-78.125
ibb	YE	13.967	44.183
ibbenbueren	DE	52.28	7.715
ibipora	BR	-23.269	-51.048
ibirite	BR	-20.022	-44.059
ibitinga	BR	-21.758	-48.829
ibiuna	BR	-23.656	-47.222
ibiza	ES	38.909	1.433
ibri	OM	23.226	56.516
ibshaway	EG	29.359	30.681
ica	PE	-14.075	-75.734
icara	BR	-28.713	-49.3
icchannur	IN	11.361	75.778
ichalkaranji	IN	16.691	74.461
icheon si	KR	37.279	127.442
ichihara	JP	35.517	140.083
ichikawa	JP	35.734	139.906
ichinomiya	JP	35.3	136.8
ichinoseki	JP	38.917	141.133
ico	BR	-6.401	-38.862
idah	NG	7.113	6.739
idaho falls	US	43.467	-112.034
idaiyarpalaiyam	IN	11.039	76.924
idanre	NG	7.113	5.116
idappadi	IN	11.586	77.839
idar	IN	23.841	73.001
idiofa	CD	-4.966	19.592
idku	EG	31.307	30.298
idlib	SY	35.931	36.634
ido dong	KR	33.498	126.527
ifakara	TZ	-8.133	36.683
ifo	NG	6.815	3.195
ifrane	MA	33.527	-5.11
iga	JP	34.758	136.135
iganga	UG	0.609	33.469
igarape	BR	-20.07	-44.302
igarape miri	BR	-1.975	-48.96
igarassu	BR	-7.834	-34.906
igbara odo	NG	7.503	5.063
igbo ora	NG	7.434	3.288
igbo ukwu	NG	6.018	7.02
igboho	NG	8.838	3.756
igdir	TR	39.924	44.045
igdır	TR	39.924	44.045
igede ekiti	NG	7.668	5.126
iguala de la independencia	MX	18.345	-99.538
iguatemi	BR	-23.613	-46.427
iguatu	BR	-6.359	-39.299
igunga	TZ	-4.283	33.883
ihiala	NG	5.855	6.859
ihnasiyah	EG	29.093	31.02
ihnasya al madinah	EG	29.09	30.943
ihosy	MG	-22.403	46.126
iida	JP	35.52	137.821
iizuka	JP	33.637	130.687
ijebu igbo	NG	6.972	3.999
ijebu jesa	NG	7.683	4.818
ijebu ode	NG	6.819	3.917
ijero ekiti	NG	7.815	5.067
ijok	MY	3.317	101.4
ijui	BR	-28.388	-53.915
ikare	NG	7.526	5.753
ikeda	JP	34.822	135.43
ikeja	NG	6.597	3.342
ikere ekiti	NG	7.497	5.23
ikire	NG	7.37	4.186
ikirun	NG	7.913	4.667
ikom	NG	5.967	8.706
ikoma	JP	34.683	135.7
ikot ekpene	NG	5.182	7.715
iksan	KR	35.944	126.954
ikwiriri	TZ	-7.956	38.972
ila orangun	NG	8.017	4.904
ilagan	PH	17.149	121.889
ilam	IR	33.637	46.423
ilaro	NG	6.889	3.014
ile ife	NG	7.482	4.56
ilebo	CD	-4.331	20.586
ilesa	NG	7.628	4.742
ilford	GB	51.558	0.073
ilheus	BR	-14.799	-39.032
ilidza	BA	43.831	18.307
iligan	PH	8.229	124.243
iligan city	PH	8.25	124.4
ilion	GR	38.033	23.7
ilioupoli	GR	37.931	23.768
ilkal	IN	15.959	76.114
ilkeston	GB	52.971	-1.31
ilo	PE	-17.632	-71.341
ilobu	NG	7.839	4.487
iloilo	PH	10.697	122.564
ilorin	NG	8.497	4.542
imabari	JP	34.07	133.0
imaichi	JP	36.717	139.683
imara daima estate	KE	-1.323	36.88
imaricho ko	JP	33.274	129.879
imbituba	BR	-28.24	-48.67
imerintsiatosika	MG	-18.983	47.317
imizu	JP	36.768	137.126
imola	IT	44.359	11.713
impasugong	PH	8.31	125.002
imperatriz	BR	-5.526	-47.492
imperia	IT	43.889	8.039
impfondo	CG	1.618	18.06
imphal	IN	24.808	93.944
imus	PH	14.43	120.937
imzouren	MA	35.146	-3.851
ina	JP	35.828	137.954
inabanga	PH	10.031	124.067
inabe	JP	35.113	136.572
inada	JP	36.433	140.517
inagi	JP	35.633	139.5
inaruwa	NP	26.607	87.148
inashiki	JP	35.956	140.324
inazawa	JP	35.25	136.783
incheon	KR	37.456	126.705
inda silase	ET	14.103	38.283
indaial	BR	-26.898	-49.232
indaiatuba	BR	-23.088	-47.212
indang	PH	14.195	120.877
independence	US	39.091	-94.416
indianapolis	US	39.768	-86.158
indio	US	33.721	-116.217
indore	IN	22.718	75.833
indralaya	ID	-3.252	104.676
indramayu	ID	-6.326	108.32
industrialnyi	UA	49.955	36.369
inegol	TR	40.078	29.513
inezgane	MA	30.355	-9.536
inglewood	US	33.962	-118.353
ingolstadt	DE	48.765	11.424
ingombota	AO	-8.818	13.229
inhambane	MZ	-23.865	35.383
inhambupe	BR	-11.784	-38.353
inhulets	UA	47.73	33.252
inhumas	BR	-16.358	-49.496
inisa	NG	7.849	4.33
injibara	ET	11.0	36.917
inkisi	CD	-5.131	15.054
innisfil	CA	44.3	-79.65
innsbruck	AT	47.263	11.395
inongo	CD	-1.927	18.288
inowroclaw	PL	52.799	18.264
inowrocław	PL	52.799	18.264
insein	MM	16.889	96.103
international city	AE	25.164	55.41
inuyama	JP	35.38	136.943
invercargill	NZ	-46.4	168.35
inverness	GB	57.479	-4.224
inzai	JP	35.835	140.164
ioannina	GR	39.663	20.852
iowa city	US	41.661	-91.53
ipatinga	BR	-19.468	-42.537
ipiales	CO	0.825	-77.64
ipiau	BR	-14.134	-39.739
ipira	BR	-12.158	-39.737
ipiranga	BR	-23.6	-46.616
ipixuna do para	BR	-2.558	-47.495
ipoh	MY	4.584	101.083
ipojuca	BR	-8.399	-35.064
ipoti	NG	7.874	5.077
ipswich	GB	52.059	1.155
ipu	BR	-4.322	-40.711
iquique	CL	-20.213	-70.15
iquitos	PE	-3.748	-73.253
irakleio	GR	38.053	23.765
irakleion	GR	35.328	25.143
iranduba	BR	-3.285	-60.186
iranshahr	IR	27.202	60.685
irapuato	MX	20.671	-101.356
irati	BR	-25.467	-50.651
irbid	JO	32.556	35.85
irbin	SY	33.537	36.366
irbit	RU	57.669	63.071
irece	BR	-11.304	-41.856
irewe	NG	6.417	3.141
iriba	TD	15.117	22.25
iriga city	PH	13.432	123.412
iringa	TZ	-7.767	35.7
irkutsk	RU	52.296	104.291
irondequoit	US	43.213	-77.58
irpin	UA	50.522	30.24
irqah	SA	24.68	46.611
iruma	JP	35.818	139.368
irun	ES	43.339	-1.789
irvine	US	33.669	-117.823
irving	US	32.814	-96.949
irving park	US	41.953	-87.736
irvington	US	40.732	-74.235
isahaya	JP	32.841	130.043
ise	JP	34.483	136.7
ise ekiti	NG	7.465	5.423
isehara	JP	35.399	139.31
iserlohn	DE	51.375	7.703
isesaki	JP	36.317	139.2
iseyin	NG	7.97	3.596
isfahan	IR	32.652	51.675
isfara	TJ	40.126	70.625
ishaka	UG	-0.543	30.137
ishigaki	JP	24.345	124.157
ishikari	JP	43.24	141.354
ishim	RU	56.113	69.487
ishimbay	RU	53.448	56.039
ishinomaki	JP	38.417	141.3
ishioka	JP	36.183	140.267
ishwardi	BD	24.129	89.066
isidro casanova	AR	-34.7	-58.587
isieke	NG	6.382	8.037
isiolo	KE	0.355	37.582
isiro	CD	2.774	27.616
iskandar puteri	MY	1.393	103.623
iskenderun	TR	36.587	36.173
iskitim	RU	54.643	83.304
islamabad	PK	33.721	73.043
islampur	IN	26.265	88.19
islington	GB	51.536	-0.103
islington city centre west	CA	43.633	-79.543
ismailia	EG	30.604	32.272
isparta	TR	37.764	30.552
issia	CI	6.492	-6.586
issy les moulineaux	FR	48.821	2.277
istalif	AF	34.833	69.078
istanbul	TR	41.014	28.95
istaravshan	TJ	39.914	69.003
istgah e rah ahan e garmsar	IR	35.235	52.309
istok	XK	42.781	20.488
istres	FR	43.513	4.987
isulan	PH	6.629	124.605
itabaiana	BR	-10.685	-37.425
itabaianinha	BR	-11.274	-37.79
itabashi	JP	35.749	139.715
itaberaba	BR	-12.527	-40.307
itaberai	BR	-16.02	-49.81
itabira	BR	-19.619	-43.227
itabirito	BR	-20.253	-43.801
itaborai	BR	-22.744	-42.859
itabuna	BR	-14.786	-39.28
itacoatiara	BR	-3.143	-58.444
itaguai	BR	-22.852	-43.775
itaguei	CO	6.185	-75.599
itagui	CO	6.185	-75.599
itahari	NP	26.664	87.274
itaim bibi	BR	-23.586	-46.682
itaim paulista	BR	-23.503	-46.386
itaituba	BR	-4.276	-55.984
itajai	BR	-26.908	-48.662
itajuba	BR	-22.426	-45.453
itamaraju	BR	-17.039	-39.531
itami	JP	34.784	135.401
itanagar	IN	27.087	93.61
itanhaem	BR	-24.183	-46.789
itapage	BR	-3.687	-39.586
itapecerica da serra	BR	-23.717	-46.849
itapecuru mirim	BR	-3.393	-44.359
itapema	BR	-27.09	-48.611
itaperuna	BR	-21.205	-41.888
itapetinga	BR	-15.249	-40.248
itapetininga	BR	-23.592	-48.053
itapeva	BR	-23.982	-48.876
itapevi	BR	-23.549	-46.934
itapipoca	BR	-3.494	-39.579
itapira	BR	-22.436	-46.822
itapoa	BR	-15.749	-47.769
itaquaquecetuba	BR	-23.486	-46.348
itaquera	BR	-23.532	-46.444
itarare	BR	-24.113	-49.332
itarema	BR	-2.92	-39.915
itarsi	IN	22.615	77.762
itatiba	BR	-23.006	-46.839
itaugua	PY	-25.393	-57.354
itauna	BR	-20.075	-44.576
itay al barud	EG	30.887	30.667
iten	KE	0.67	35.508
ito	JP	34.967	139.083
itogon	PH	16.364	120.677
itoigawa	JP	37.033	137.85
itoman	JP	26.126	127.669
itoshima	JP	33.542	130.184
itsa	EG	29.238	30.789
itu	BR	-23.264	-47.299
ituiutaba	BR	-18.974	-49.462
itumbiara	BR	-18.419	-49.215
itupiranga	BR	-5.135	-49.327
ituzaingo	AR	-27.585	-56.687
ivano frankivsk	UA	48.923	24.712
ivanovo	RU	57.0	40.973
ivanovskoye	RU	55.767	37.833
ivanteyevka	RU	55.971	37.921
ivato	MG	-18.8	47.483
ivory park	ZA	-25.996	28.197
ivry sur seine	FR	48.816	2.385
iwade	JP	34.25	135.317
iwai	JP	36.05	139.9
iwaki	JP	37.05	140.883
iwakuni	JP	34.163	132.22
iwakura	JP	35.283	136.867
iwamizawa	JP	43.2	141.76
iwanuma	JP	38.105	140.859
iwata	JP	34.7	137.85
iwatsuki	JP	35.965	139.696
iwo	NG	7.635	4.182
ixelles	BE	50.833	4.367
ixtapa zihuatanejo	MX	17.643	-101.552
ixtapaluca	MX	19.316	-98.883
izbat  ali as sayyid	EG	31.157	30.148
izberbash	RU	42.567	47.875
izeh	IR	31.83	49.868
izhevsk	RU	56.852	53.199
izmayil	UA	45.351	28.838
izmaylovo	RU	55.797	37.782
izmir	TR	38.413	27.138
izmit	TR	40.765	29.929
iztacalco	MX	19.395	-99.098
iztapalapa	MX	19.355	-99.062
izucar de matamoros	MX	18.602	-98.462
izumi	JP	34.483	135.433
izumiotsu	JP	34.5	135.4
izumisano	JP	34.417	135.317
izumo	JP	35.367	132.767
izunokuni	JP	35.039	138.951
izyum	UA	49.207	37.277
jabalpur	IN	23.167	79.95
jabalya	PS	31.527	34.483
jabaquara	BR	-23.651	-46.646
jablah	SY	35.362	35.928
jablonec nad nisou	CZ	50.724	15.171
jaboatao dos guararapes	BR	-8.113	-35.015
jaboticabal	BR	-21.255	-48.322
jacana	BR	-23.46	-46.575
jacarei	BR	-23.305	-45.966
jacarezinho	BR	-23.161	-49.969
jackson	US	32.299	-90.185
jackson heights	US	40.756	-73.885
jacksonville	US	30.332	-81.656
jacmel	HT	18.236	-72.537
jacobabad	PK	28.282	68.438
jacobina	BR	-11.181	-40.514
jacobo hunter	PE	-16.441	-71.553
jacona de plancarte	MX	19.956	-102.306
jacunda	BR	-4.447	-49.116
jaen	ES	37.769	-3.79
jaen	PE	-5.707	-78.808
jaervenpaeae	FI	60.474	25.09
jafarabad	IN	28.679	77.271
jaffa	IL	32.05	34.752
jaffna	LK	9.668	80.007
jagadhri	IN	30.167	77.304
jagdalpur	IN	19.081	82.021
jaggaiahpet	IN	16.892	80.096
jaggayyapeta	IN	16.894	80.098
jagraon	IN	30.788	75.474
jagtial	IN	18.795	78.917
jaguaquara	BR	-13.531	-39.971
jaguare	BR	-23.544	-46.749
jaguariuna	BR	-22.706	-46.986
jagueey grande	CU	22.526	-81.129
jaguey grande	CU	22.526	-81.129
jahanabad	IN	25.214	84.987
jahangira	PK	33.964	72.221
jahangirabad	IN	28.405	78.106
jahanian	PK	30.039	71.817
jahrom	IR	28.5	53.56
jaigaon	IN	26.848	89.376
jaipur	IN	26.92	75.788
jaisalmer	IN	26.918	70.904
jaisingpur	IN	16.776	74.554
jaitpur	IN	28.506	77.33
jajmau	IN	26.43	80.409
jajpur	IN	20.849	86.337
jakarta	ID	-6.215	106.845
jalai nur	CN	49.45	117.7
jalalabad	AF	34.426	70.452
jalalpur jattan	PK	32.641	74.206
jalalpur pirwala	PK	29.505	71.222
jalandhar	IN	31.326	75.579
jalandhar cantonment	IN	31.294	75.62
jalapa	GT	14.635	-89.991
jalarpet	IN	12.57	78.573
jalaun	IN	26.145	79.337
jales	BR	-20.269	-50.546
jalgaon	IN	21.003	75.566
jalingo	NG	8.894	11.36
jalna	IN	19.841	75.886
jalor	IN	25.346	72.616
jalpaiguri	IN	26.517	88.733
jamaame	SO	0.07	42.745
jamaica	US	40.691	-73.806
jamalpur	BD	24.92	89.948
jamalpur	IN	25.313	86.489
jambi city	ID	-1.6	103.617
jambusar	IN	22.052	72.801
jamjamal	IQ	35.534	44.834
jamkhandi	IN	16.505	75.291
jammalamadugu	IN	14.847	78.383
jammu	IN	32.735	74.862
jamnagar	IN	22.473	70.067
jamner	IN	20.809	75.778
jampur	PK	29.642	70.595
jamrud	PK	34.002	71.38
jamshedpur	IN	22.803	86.185
jamui	IN	24.926	86.225
jamundi	CO	3.262	-76.54
jamuria	IN	23.705	87.079
janakpur	NP	26.729	85.926
janauba	BR	-15.803	-43.309
jandira	BR	-23.527	-46.903
janesville	US	42.683	-89.019
jangaon	IN	17.726	79.152
jangipur	IN	24.47	88.077
jangseong	KR	35.298	126.784
januaria	BR	-15.479	-44.365
janzur	LY	32.819	13.017
jaora	IN	23.638	75.127
japekrom	GH	7.576	-2.785
japeri	BR	-22.643	-43.653
jaragua	BR	-23.441	-46.738
jaragua do sul	BR	-26.486	-49.067
jaramana	SY	33.486	36.346
jaranwala	PK	31.333	73.419
jardim angela	BR	-23.716	-46.769
jardim botanico	BR	-15.865	-47.815
jardim helena	BR	-23.484	-46.413
jardim paulista	BR	-23.567	-46.664
jardim sao luis	BR	-23.681	-46.739
jardines de la silla	MX	25.629	-100.188
jardinopolis	BR	-21.018	-47.764
jaru	BR	-10.439	-62.466
jarvenpaa	FI	60.474	25.09
jasdan	IN	22.037	71.208
jaspur	IN	29.279	78.828
jastrzebie zdroj	PL	49.955	18.575
jatai	BR	-17.879	-51.722
jatani	IN	20.16	85.707
jatibarang	ID	-6.475	108.315
jatiroto	ID	-7.883	111.117
jatiwangi	ID	-6.734	108.263
jatoi shimali	PK	29.518	70.845
jau	BR	-22.296	-48.558
jauharabad	PK	32.29	72.282
jaunpur	IN	25.754	82.687
javanrud	IR	34.807	46.491
jawaharnagar	IN	17.51	78.566
jawhar	SO	2.781	45.5
jaworzno	PL	50.205	19.275
jaxaay parcelle niakoul rap	SN	14.775	-17.28
jayapura	ID	-2.534	140.718
jebel ali	AE	25.003	55.108
jeddah	SA	21.49	39.186
jedeida	TN	36.831	9.924
jefferson city	US	38.577	-92.174
jeffersonville	US	38.278	-85.737
jega	NG	12.223	4.38
jeju city	KR	33.51	126.522
jelenia gora	PL	50.9	15.729
jelgava	LV	56.65	23.713
jelutong	MY	5.39	100.319
jember	ID	-8.172	113.7
jena	DE	50.929	11.59
jendouba	TN	36.501	8.78
jeongeup	KR	35.6	126.917
jeonju	KR	35.822	127.149
jepara	ID	-6.592	110.671
jequie	BR	-13.859	-40.085
jerada	MA	34.31	-2.16
jeremie	HT	18.65	-74.117
jerez de garcia salinas	MX	22.65	-102.99
jerez de la frontera	ES	36.686	-6.136
jersey city	US	40.728	-74.078
jerusalem	IL	31.769	35.216
jessore	BD	23.17	89.214
jesus maria	MX	21.961	-102.343
jesus maria	PE	-12.07	-77.045
jesus menendez	CU	21.162	-76.478
jetpur	IN	21.755	70.623
jette	BE	50.873	4.334
jeypore	IN	18.856	82.572
jhajha	IN	24.771	86.379
jhajjar	IN	28.606	76.656
jhalawar	IN	24.596	76.165
jhang sadr	PK	31.27	72.317
jhansi	IN	25.459	78.58
jhargram	IN	22.454	86.995
jharia	IN	23.741	86.415
jharsuguda	IN	21.855	84.007
jhelum	PK	32.934	73.731
jhingergacha	BD	23.111	89.091
jhumri telaiya	IN	24.435	85.53
jhunjhunun	IN	28.126	75.398
ji an	CN	27.117	114.979
ji parana	BR	-10.885	-61.952
jiading	CN	31.386	121.245
jiagedaqi	CN	50.417	124.117
jiamusi	CN	46.797	130.311
jian ou	CN	27.041	118.319
jianchang	CN	27.558	116.64
jiang an	CN	28.733	105.068
jiangbei	CN	29.728	106.635
jiangkou	CN	25.487	119.198
jiangmen	CN	22.583	113.083
jiangping	CN	21.6	108.15
jiangshan	CN	36.678	120.529
jianguang	CN	28.194	115.784
jiangyan	CN	32.506	120.143
jiangyin	CN	31.911	120.263
jiangyou	CN	31.767	104.717
jiangzhuang	CN	36.494	119.794
jianshui	CN	24.277	101.224
jiaohe	CN	43.721	127.335
jiaojiang	CN	28.698	121.473
jiaozhou	CN	36.284	120.003
jiaozuo	CN	35.239	113.239
jiashan	CN	30.849	120.926
jiawang	CN	34.433	117.442
jiawang zhen	CN	34.422	117.468
jiaxing	CN	30.752	120.75
jiayue	CN	36.024	119.176
jiayuguan	CN	39.811	98.286
jiazi	CN	22.879	116.073
jidd hafs	BH	26.219	50.548
jidong	CN	45.256	131.116
jiehu	CN	35.543	118.455
jielong	CN	29.249	106.777
jieshi	CN	22.81	115.831
jieshou	CN	33.263	115.361
jietou	CN	25.427	98.653
jiexiu	CN	37.024	111.912
jieyang	CN	23.542	116.366
jiguani	CU	20.368	-76.429
jihlava	CZ	49.396	15.591
jijel	DZ	36.821	5.764
jijiang	CN	29.29	106.25
jijiga	ET	9.35	42.8
jilib	SO	0.488	42.785
jilin	CN	43.847	126.561
jimeta	NG	9.279	12.458
jimma	ET	7.673	36.834
jimo	CN	36.39	120.462
jinan	CN	36.668	116.997
jinchang	CN	38.501	102.194
jincheng	CN	35.502	112.833
jind	IN	29.316	76.315
jinding	CN	26.439	99.441
jinfeng	CN	28.238	116.601
jing an	CN	31.22	121.416
jingdezhen	CN	29.295	117.208
jinggou	CN	36.282	119.552
jingguan	CN	29.895	106.564
jingling	CN	30.65	113.1
jingmen	CN	31.034	112.205
jingzhi	CN	36.31	119.388
jingzhou	CN	30.35	112.19
jinhua	CN	29.107	119.644
jining	CN	35.405	116.581
jinja	UG	0.439	33.203
jinji	CN	23.228	110.826
jinjiang	CN	24.82	118.574
jinka	ET	5.65	36.65
jinniu	CN	25.801	100.574
jinotega	NI	13.091	-86.002
jinsha	CN	32.09	121.074
jinshan	CN	30.836	121.294
jinshanlu	CN	47.85	88.133
jinshi	CN	29.605	111.87
jintur	IN	19.612	76.687
jinxiang	CN	27.433	120.606
jinzhong	CN	37.684	112.755
jinzhou	CN	41.108	121.142
jirapa	GH	10.537	-2.702
jiroft	IR	28.678	57.741
jishou	CN	28.319	109.733
jishu	CN	44.317	126.8
jishui	CN	33.733	115.4
jitai	CN	36.757	118.739
jitra	MY	6.268	100.422
jiudian	CN	36.992	120.204
jiujiang	CN	29.705	116.002
jiupu	CN	41.067	122.95
jiuquan	CN	39.743	98.517
jiushan	CN	36.196	118.465
jiutai	CN	44.151	125.83
jiutepec	MX	18.881	-99.178
jiwanpur	IN	28.714	77.285
jixi	CN	45.293	130.962
jixian	CN	46.726	131.133
jiyuan	CN	35.089	112.588
jizan	SA	16.889	42.551
jizhou	CN	37.551	115.569
jizzax	UZ	40.134	67.83
joal	SN	14.173	-16.849
joao monlevade	BR	-19.81	-43.174
joao pessoa	BR	-7.115	-34.863
joao pinheiro	BR	-17.742	-46.172
jobabo	CU	20.91	-77.285
joda	IN	22.017	85.422
jodhpur	IN	26.268	73.006
joenkoeping	SE	57.781	14.156
joensuu	FI	62.601	29.763
joetsu	JP	37.148	138.236
johannesburg	ZA	-26.202	28.044
johns creek	US	34.029	-84.199
johnson city	US	36.313	-82.353
johor bahru	MY	1.466	103.758
johor jaya	MY	1.539	103.809
joint base pearl harbor hickam	US	21.349	-157.947
joinville	BR	-26.304	-48.846
joliet	US	41.525	-88.083
jolo	PH	6.052	121.002
jombang	ID	-7.546	112.233
jomvu	KE	-3.986	39.608
jonesboro	US	35.842	-90.704
jonkoping	SE	57.781	14.156
jonquiere	CA	48.416	-71.249
joplin	US	37.084	-94.513
jora	IN	26.342	77.809
jordan	HK	22.305	114.17
jorhat	IN	26.758	94.203
jos	NG	9.928	8.892
jose bonifacio	BR	-23.567	-46.433
jose c  paz	AR	-34.515	-58.768
jose rizal	PH	8.877	117.504
joso	JP	36.036	139.961
jounieh	LB	33.981	35.618
jovellanos	CU	22.805	-81.192
joyo	JP	34.844	135.806
joypur hat	BD	25.101	89.027
jozsefvaros	HU	47.489	19.073
juan diaz	PA	9.041	-79.441
juan les pins	FR	43.569	7.113
juazeiro	BR	-9.412	-40.499
juazeiro do norte	BR	-7.213	-39.315
juba	SS	4.852	31.582
juegang	CN	32.317	121.186
juexi	CN	28.924	104.262
jugsalai	IN	22.777	86.184
juhaynah	EG	26.674	31.497
juigalpa	NI	12.106	-85.365
juina	BR	-11.42	-58.755
juiz de fora	BR	-21.764	-43.35
juja	KE	-1.101	37.013
juliaca	PE	-15.5	-70.133
junagadh	IN	21.52	70.46
jundiai	BR	-23.186	-46.884
junin	AR	-34.594	-60.946
junlian	CN	28.171	104.512
jupiter	US	26.934	-80.094
jurmala	LV	56.968	23.77
jurong east	SG	1.329	103.74
jurong town	SG	1.334	103.723
jurong west	SG	1.35	103.723
juruti	BR	-2.152	-56.092
jutiapa	GT	14.285	-89.888
juventino rosas	MX	20.643	-100.995
juwana	ID	-6.715	111.151
juye	CN	35.387	116.072
jyvaeskylae	FI	62.241	25.721
jyvaskyla	FI	62.241	25.721
k olito	ET	7.317	38.083
ka ersai	CN	37.484	79.596
kaambooni	SO	-1.638	41.587
kaarst	DE	51.229	6.619
kabale	UG	-1.249	29.99
kabalo	CD	-6.053	26.914
kabanjahe	ID	3.1	98.491
kabankalan	PH	9.984	122.814
kabba	NG	7.827	6.075
kabbasin	SY	36.433	37.569
kabeya kamwanga	CD	-5.999	23.254
kabin buri	TH	13.951	101.717
kabinda	CD	-6.138	24.482
kabirwala	PK	30.405	71.863
kabkabiyah	SD	13.65	24.083
kabul	AF	34.528	69.172
kabwe	ZM	-14.447	28.446
kachkanar	RU	58.7	59.484
kadapa	IN	14.48	78.823
kadayanallur	IN	9.073	77.342
kadi	IN	23.299	72.334
kadiri	IN	14.112	78.16
kadirli	TR	37.374	36.096
kadiyivka	UA	48.568	38.644
kadoma	JP	34.738	135.574
kadoma	ZW	-18.333	29.915
kadugli	SD	11.011	29.718
kaduna	NG	10.526	7.439
kaech on	KP	39.701	125.893
kaedi	MR	16.151	-13.506
kaesong	KP	37.971	126.554
kafanchan	NG	9.581	8.293
kaffrine	SN	14.106	-15.551
kafr ad dawwar	EG	31.134	30.13
kafr al battikh	EG	31.404	31.738
kafr al kurdi	EG	31.168	31.765
kafr ash shaykh	EG	31.112	30.94
kafr az zayyat	EG	30.825	30.818
kafr saqr	EG	30.793	31.626
kafranbel	SY	35.614	36.564
kafrul	BD	23.788	90.374
kafue	ZM	-15.769	28.181
kaga	JP	36.3	136.333
kaga bandoro	CF	6.99	19.187
kagaznagar	IN	19.332	79.466
kageleke	CN	37.301	79.601
kagoro	NG	9.608	8.39
kagoshima	JP	31.567	130.55
kahama	TZ	-3.833	32.6
kahna nau	PK	31.367	74.369
kahnuj	IR	27.94	57.7
kahramanmaras	TR	37.585	36.926
kahror pakka	PK	29.624	71.914
kahta	TR	37.786	38.624
kai	JP	35.685	138.51
kai tak	HK	22.324	114.197
kaifeng	CN	34.799	114.307
kaihua	CN	23.369	104.277
kaili	CN	26.586	107.98
kainan	JP	34.152	135.214
kairana	IN	29.395	77.205
kairouan	TN	35.678	10.096
kaiserslautern	DE	49.443	7.772
kaithal	IN	29.802	76.4
kaitong	CN	44.809	123.081
kaiyuan	CN	23.698	103.304
kaizuka	JP	34.45	135.35
kajang	MY	2.994	101.789
kajansi	UG	0.215	32.535
kakamega	KE	0.284	34.752
kakamigahara	JP	35.417	136.867
kakata	LR	6.531	-10.354
kakegawa	JP	34.767	138.017
kakinada	IN	16.96	82.238
kakkodi	IN	11.32	75.801
kakogawacho honmachi	JP	34.769	134.829
kalaa srira	TN	35.822	10.557
kalaban koro	ML	12.573	-8.029
kalaburagi	IN	17.336	76.838
kalamansig	PH	6.552	124.051
kalamaria	GR	40.583	22.95
kalamassery	IN	10.061	76.326
kalamata	GR	37.039	22.113
kalamazoo	US	42.292	-85.587
kalasin	TH	16.433	103.507
kalaw	MM	20.635	96.565
kalemie	CD	-5.947	29.195
kalemyo	MM	23.19	94.064
kalia	BD	23.043	89.631
kalibo	PH	11.709	122.365
kaliganj	BD	23.41	89.138
kalihi palama	US	21.326	-157.876
kalima	CD	-5.485	28.216
kalimpong	IN	27.035	88.631
kaliningrad	RU	54.706	20.511
kalininskiy	RU	59.997	30.39
kalisz	PL	51.761	18.091
kaliyaganj	IN	25.634	88.327
kallakkurichchi	IN	11.74	78.959
kallakurichi	IN	11.734	78.959
kallang	SG	1.333	103.867
kallithea	GR	37.95	23.7
kalliyoor	IN	8.431	77.013
kalmiuskyi	UA	47.11	37.544
kalmunai	LK	7.409	81.835
kalna	IN	23.219	88.363
kalol	IN	23.247	72.495
kalpi	IN	26.117	79.733
kaluga	RU	54.531	36.27
kalulushi	ZM	-12.842	28.095
kalush	UA	49.024	24.372
kalyan	IN	19.244	73.136
kalyani	IN	22.976	88.434
kalynivskyi	UA	48.007	37.854
kamagaya	JP	35.77	140.002
kamaishi	JP	39.277	141.868
kamakura	JP	35.311	139.547
kamal pur majra burari	IN	28.747	77.193
kamalia	PK	30.727	72.646
kamalshahr	IR	35.862	50.874
kamareddi	IN	18.32	78.342
kamarhati	IN	22.671	88.375
kambar	PK	27.588	68.001
kambove	CD	-10.874	26.597
kamen	DE	51.592	7.664
kamen  na obi	RU	53.789	81.332
kamensk shakhtinsky	RU	48.318	40.259
kamensk ural skiy	RU	56.406	61.933
kameoka	JP	35.0	135.583
kameyama	JP	34.85	136.45
kamifukuoka	JP	35.873	139.514
kamigyo ku	JP	35.03	135.757
kamikoizumi	JP	36.264	139.429
kamina	CD	-8.735	24.998
kamirenjaku	JP	35.694	139.555
kamisu	JP	35.897	140.667
kamloops	CA	50.666	-120.319
kamoke	PK	31.975	74.223
kampala	UG	0.316	32.582
kampen	NL	52.555	5.911
kamphaeng phet	TH	16.483	99.522
kampong baharu cheras batu sebelas	MY	3.05	101.767
kampong cham	KH	11.993	105.463
kampong chhnang	KH	12.25	104.667
kampong dungun	MY	3.217	101.317
kampong pasir ris	SG	1.378	103.932
kampong sidam	MY	5.533	100.567
kampung baru balakong	MY	3.029	101.747
kampung baru subang	MY	3.15	101.533
kampung bukit baharu	MY	2.215	102.285
kampung kangkar teberau	MY	1.532	103.755
kampung larkin lama	MY	1.502	103.744
kampung manjoi	MY	4.619	101.069
kampung pasir gudang baru	MY	1.473	103.878
kampung perak	MY	3.868	102.586
kampung sungai ara	MY	5.327	100.273
kampung sungai glugur	MY	5.37	100.314
kampung sungai kajang	MY	3.416	101.173
kamra	PK	33.855	72.394
kamsar	GN	10.65	-14.617
kamthi	IN	21.216	79.197
kamuli	UG	0.947	33.12
kamyanets podilskyi	UA	48.679	26.585
kamyanobridskyi	UA	48.587	39.281
kamyanske	UA	48.517	34.606
kamyaran	IR	34.795	46.937
kamyshin	RU	50.089	45.413
kan onjicho	JP	34.128	133.646
kanakapura	IN	12.547	77.42
kanaker zeytun	AM	40.22	44.538
kananga	CD	-5.896	22.417
kanash	RU	55.51	47.491
kanasin	MX	20.935	-89.558
kanata	CA	45.3	-75.916
kanayannur	IN	9.967	76.267
kanazawa	JP	36.6	136.617
kanbe	MM	16.707	96.002
kanchanaburi	TH	14.004	99.548
kanchipuram	IN	12.835	79.7
kanchrapara	IN	22.96	88.428
kandahar	AF	31.613	65.71
kandhkot	PK	28.246	69.18
kandhla	IN	29.321	77.271
kandi	BJ	11.134	2.939
kandi	IN	23.959	88.04
kandiaro	PK	27.059	68.21
kandukur	IN	15.215	79.904
kandy	LK	7.291	80.634
kanegusuku	JP	26.197	127.726
kanevskaya	RU	46.095	38.977
kanganpur	PK	30.765	74.123
kangar	MY	6.441	100.199
kangavar	IR	34.504	47.965
kangding	CN	30.002	101.957
kanggye	KP	40.969	126.585
kangnyong	KP	37.907	125.51
kangson	KP	38.936	125.581
kanhangad	IN	12.308	75.106
kani	JP	35.404	137.056
kanjia	CN	36.372	119.582
kankan	GN	10.385	-9.306
kannabecho yahiro	JP	34.558	133.418
kannad	IN	20.257	75.138
kannamangalam	IN	11.075	75.985
kannapolis	US	35.487	-80.622
kannauj	IN	27.055	79.919
kannur	IN	11.868	75.358
kano	NG	12.0	8.517
kanoya	JP	31.383	130.85
kanpur	IN	26.465	80.35
kanpur cantonment	IN	26.459	80.375
kansanshi	ZM	-12.095	26.427
kansas city	US	39.1	-94.579
kansk	RU	56.202	95.718
kanuma	JP	36.55	139.733
kanuru	IN	16.499	80.691
kanyama	CD	-7.517	24.174
kanye	BW	-24.967	25.333
kanyobagonga	CD	-0.7	29.172
kaohsiung	TW	22.616	120.313
kaolack	SN	14.152	-16.073
kapadvanj	IN	23.023	73.071
kapar	MY	3.133	101.383
kapas herd	IN	28.526	77.084
kapchorwa	UG	1.401	34.45
kapenguria	KE	1.239	35.112
kapiri mposhi	ZM	-13.971	28.67
kaposvar	HU	46.367	17.8
kapsabet	KE	0.204	35.105
kapurthala town	IN	31.38	75.381
kara	TG	9.551	1.186
kara balta	KG	42.814	73.848
karabaglar	TR	38.382	27.132
karabuek	TR	41.205	32.628
karabuk	TR	41.205	32.628
karacabey	TR	40.213	28.361
karachi	PK	24.861	67.01
karachi university employees co operative housing society	PK	24.963	67.119
karad	IN	17.289	74.182
karagandy	KZ	49.802	73.102
karaikal	IN	10.917	79.833
karaikkudi	IN	10.066	78.768
karaj	IR	35.833	50.992
karakol	KG	42.49	78.392
karaman	TR	37.181	33.215
karamay	CN	45.585	84.887
karanganom	ID	-7.649	110.625
karangsembung	ID	-6.849	108.642
karanja	IN	20.483	77.489
karapinar	TR	37.716	33.551
karapınar	TR	37.716	33.551
karatsu	JP	33.443	129.97
karauli	IN	26.498	77.028
karawalnagar	IN	28.727	77.27
karawang	ID	-6.305	107.32
karbala	IQ	32.616	44.025
kardzhali	BG	41.645	25.366
kariega	ZA	-33.756	25.401
karimganj	IN	24.869	92.355
karimnagar	IN	18.439	79.129
kariya	JP	34.983	136.983
karlovac	HR	45.492	15.55
karlovy vary	CZ	50.233	12.871
karlskrona	SE	56.162	15.587
karlsruhe	DE	49.009	8.404
karlstad	SE	59.379	13.504
karmi el	IL	32.91	35.298
karnal	IN	29.692	76.984
karnaphuli	BD	22.691	92.235
karol bagh	IN	28.651	77.191
karonga	MW	-9.933	33.933
kars	TR	40.598	43.085
karsiyaka	TR	38.458	27.114
karsıyaka	TR	38.458	27.114
kartasura	ID	-7.552	110.738
karur	IN	10.958	78.081
karuri	KE	-1.176	36.756
karvina	CZ	49.854	18.542
karwar	IN	14.814	74.13
kas	SD	12.51	24.285
kasai	JP	34.926	134.845
kasama	JP	36.383	140.267
kasama	ZM	-10.213	31.181
kasangati	UG	0.438	32.602
kasangulu	CD	-4.583	15.166
kasanje	UG	0.153	32.401
kasaoka	JP	34.506	133.504
kasaragod	IN	12.498	74.99
kasba tadla	MA	32.598	-6.268
kasese	UG	0.183	30.083
kasganj	IN	27.809	78.646
kashan	IR	33.982	51.428
kashgar	CN	39.467	75.987
kashiba	JP	34.535	135.709
kashihara	JP	34.583	135.617
kashihara shi	JP	34.509	135.793
kashima shi	JP	35.965	140.645
kashipur	IN	29.214	78.957
kashira	RU	54.848	38.182
kashiwa	JP	35.862	139.977
kashiwara	JP	34.45	135.767
kashiwazaki	JP	37.367	138.55
kashmar	IR	35.238	58.466
kasibugga	IN	18.759	84.416
kasihan	ID	-7.827	110.329
kasipalaiyam	IN	11.32	77.71
kasoa	GH	5.534	-0.417
kasongo	CD	-4.427	26.667
kaspiysk	RU	42.882	47.639
kassala	SD	15.451	36.4
kassel	DE	51.317	9.5
kasserine	TN	35.168	8.837
kastamonu	TR	41.378	33.775
kasuga	JP	33.526	130.461
kasugai	JP	35.248	136.972
kasukabe	JP	35.983	139.75
kasulu	TZ	-4.577	30.102
kasumigaura	JP	36.153	140.246
kasungu	MW	-13.033	33.483
kasur	PK	31.119	74.45
katabi	UG	0.084	32.47
katanawa	JP	33.521	130.424
katanda	CD	-0.825	29.365
katano	JP	34.793	135.686
katerini	GR	40.27	22.506
katete	ZM	-14.05	32.083
kathmandu	NP	27.702	85.321
kathua	IN	32.369	75.525
kati	ML	12.744	-8.073
katihar	IN	25.539	87.57
katiola	CI	8.137	-5.101
kato	JP	34.924	135.026
kato lakatameia	CY	35.118	33.325
katol	IN	21.274	78.586
katori shi	JP	35.898	140.499
katoro	TZ	-3.0	31.933
katowice	PL	50.26	19.022
katoya	IN	23.646	88.133
katras	IN	23.798	86.298
katsina	NG	12.991	7.602
katsushika	JP	35.733	139.85
katsuta	JP	36.383	140.533
kattaqo rg on shahri	UZ	39.905	66.266
kattipparutti	IN	10.874	76.053
katumba	TZ	-9.233	33.617
katunayaka	LK	7.17	79.888
katwa	CD	0.089	29.309
kaufbeuren	DE	47.882	10.622
kaunas	LT	54.902	23.909
kaura namoda	NG	12.594	6.586
kavakli	TR	41.093	28.332
kavaklı	TR	41.093	28.332
kavala	GR	40.94	24.407
kavali	IN	14.916	79.994
kavanur	IN	12.996	80.075
kawachi nagano	JP	34.441	135.583
kawagoe	JP	35.909	139.485
kawaguchi	JP	35.805	139.711
kawalu	ID	-7.382	108.208
kawanishi	JP	34.817	135.417
kawardha	IN	22.009	81.231
kawasaki	JP	35.521	139.717
kawit	PH	14.444	120.902
kawkareik	MM	16.555	98.237
kawm hamadah	EG	30.761	30.7
kawthoung	MM	9.982	98.55
kaya	BF	13.088	-1.084
kayalpattinam	IN	8.571	78.12
kayamkulam	IN	9.182	76.501
kayan	MM	16.908	96.56
kayes	CG	-4.205	13.286
kayes	ML	14.448	-11.444
kayna	CD	-0.609	29.172
kayseri	TR	38.732	35.485
kazan	RU	55.789	49.122
kazanlak	BG	42.617	25.4
kazerun	IR	29.619	51.654
kazo	JP	36.117	139.6
kearny	US	40.768	-74.145
kebomas	ID	-7.167	112.633
kebri dahar	ET	6.74	44.278
kecskemet	HU	46.906	19.691
kediri	ID	-7.817	112.017
kedungwaru	ID	-8.067	111.917
kedungwuni	ID	-6.97	109.648
kedzierzyn kozle	PL	50.35	18.226
keelung	TW	25.131	121.741
kefamenanu	ID	-9.447	124.478
keffi	NG	8.847	7.874
keighley	GB	53.868	-1.907
kekri	IN	25.971	75.15
kelaa kebira	TN	35.873	10.537
kelar	IQ	34.628	45.319
kelenfoeld	HU	47.466	19.031
kelenfold	HU	47.466	19.031
kelibia	TN	36.848	11.094
keller	US	32.935	-97.252
kelo	TD	9.309	15.807
kelowna	CA	49.883	-119.486
kembangan	SG	1.322	103.911
kemerovo	RU	55.354	86.104
kemise	ET	10.717	39.87
kempas	MY	1.549	103.697
kempten  allgaeu	DE	47.727	10.314
kempten  allgau	DE	47.727	10.314
kencong	ID	-8.283	113.367
kendale lakes	US	25.708	-80.407
kendall	US	25.679	-80.317
kendari	ID	-3.978	122.515
kendraparha	IN	20.502	86.422
kenema	SL	7.877	-11.19
keng tung	MM	21.631	99.927
kenge	CD	-5.765	13.657
keningau	MY	5.338	116.16
kenitra	MA	34.261	-6.58
kennedy	CO	4.617	-74.146
kenner	US	29.994	-90.242
kennewick	US	46.211	-119.137
kenol	KE	-0.937	37.123
kenosha	US	42.585	-87.821
kenscoff	HT	18.448	-72.284
kensington cedar cottage	CA	49.25	-123.067
kent	US	47.381	-122.235
kentau	KZ	43.517	68.505
kentron	AM	40.178	44.513
kentwood	US	42.869	-85.645
keonjhargarh	IN	21.632	85.597
kepanjen	ID	-8.13	112.573
kepong	MY	3.214	101.64
keratsini	GR	37.962	23.62
kerch	UA	45.357	36.475
keren	ER	15.778	38.451
kericho	KE	-0.368	35.283
kerkrade	NL	50.866	6.062
kerman	IR	30.283	57.079
kermanshah	IR	34.314	47.065
kerou	BJ	10.826	2.105
kerpen	DE	50.87	6.697
kertosono	ID	-7.583	112.1
kesan	TR	40.855	26.633
kesennuma	JP	38.901	141.577
keshod	IN	21.303	70.249
keskin	TR	39.673	33.614
kesklinn	EE	59.435	24.757
ketanggungan	ID	-6.938	108.891
kettering	GB	52.398	-0.726
kettering	US	39.69	-84.169
keur medoune	SN	14.758	-15.904
keurmedoune	SN	14.758	-15.904
kfar saba	IL	32.175	34.907
khabarovsk	RU	48.462	135.097
khadki	IN	18.564	73.852
khagaria	IN	25.502	86.467
khagaul	IN	25.579	85.046
khagrachhari	BD	23.108	91.97
khairabad	IN	27.527	80.755
khairpur	PK	28.064	69.704
khairpur mir s	PK	27.529	68.759
khajoori khas	IN	28.71	77.259
khalandrion	GR	38.024	23.801
khalifah a city	AE	24.426	54.605
khalilabad	IN	26.773	83.072
khalis	IQ	33.808	44.533
khalkhal	IR	37.618	48.529
khambhaliya	IN	22.207	69.65
khambhat	IN	22.317	72.619
khamgaon	IN	20.707	76.568
khamis mushait	SA	18.3	42.733
khammam	IN	17.248	80.144
khan na yao	TH	13.826	100.677
khan shaykhun	SY	35.442	36.651
khan yunis	PS	31.34	34.306
khanabad	AF	36.683	69.113
khanapuram haveli	IN	17.262	80.168
khanaqin	IQ	34.348	45.391
khandwa	IN	21.824	76.351
khanna	IN	30.705	76.222
khanpur	PK	28.647	70.657
khanty mansiysk	RU	61.002	69.027
khanzhonkivskyi	UA	48.095	38.042
khanzhonkove	UA	48.094	38.076
kharagpur	IN	22.34	87.325
kharakvasla	IN	18.44	73.775
kharar	IN	30.746	76.647
khardah	IN	22.719	88.378
kharghar	IN	19.05	73.07
khargone	IN	21.823	75.614
kharian	PK	32.816	73.887
kharkiv	UA	49.982	36.255
kharkivskyi masyv	UA	50.408	30.66
khartoum	SD	15.552	32.532
khartoum north	SD	15.649	32.535
khartsyzk	UA	48.043	38.14
khasavyurt	RU	43.249	46.586
khash	IR	28.221	61.216
khashm al qirbah	SD	14.967	35.917
khasnahzan	IQ	36.201	44.142
khatauli	IN	29.278	77.733
khawr fakkan	AE	25.331	56.342
khekra	IN	28.866	77.284
khemis el khechna	DZ	36.65	3.331
khemis miliana	DZ	36.261	2.22
khemisset	MA	33.824	-6.066
khenchela	DZ	35.436	7.143
khenifra	MA	32.935	-5.662
kherson	UA	46.637	32.615
khewra	PK	32.649	73.011
khimki	RU	55.9	37.428
khirdalan	AZ	40.448	49.755
khlong chan	TH	13.781	100.645
khlong kum	TH	13.788	100.68
khlong luang	TH	14.065	100.646
khlong sam wa	TH	13.871	100.737
khlong san	TH	13.73	100.509
khlong toei	TH	13.71	100.582
khmelnytskyi	UA	49.418	26.979
khobar	SA	26.279	50.208
kholodna hora	UA	50.004	36.176
khomeyn	IR	33.639	50.08
khomeyni shahr	IR	32.686	51.536
khon kaen	TH	16.447	102.833
khopoli	IN	18.786	73.346
khordha	IN	20.183	85.616
khoroshevo mnevniki	RU	55.784	37.471
khorramabad	IR	33.488	48.356
khorramdarreh	IR	36.208	49.195
khorramshahr	IR	30.441	48.184
khost	AF	33.34	69.92
khouribga	MA	32.881	-6.906
khrustalnyi	UA	48.142	38.924
khujand	TJ	40.283	69.622
khulm	AF	36.697	67.698
khulna	BD	22.81	89.564
khuong gjinh	VN	20.984	105.815
khuong đinh	VN	20.984	105.815
khurai	IN	24.044	78.33
khurarianwala	PK	31.499	73.268
khuraybat as suq	JO	31.879	35.921
khurja	IN	28.254	77.855
khurmuj	IR	28.654	51.38
khushab	PK	32.297	72.353
khuy	IR	38.55	44.952
khuzdar	PK	27.812	66.611
khwisero	KE	0.171	34.595
kiambu	KE	-1.171	36.836
kibaha	TZ	-6.767	38.917
kibaigwa	TZ	-6.081	36.647
kibre mengist	ET	5.883	38.983
kibungo	RW	-2.16	30.543
kibuye	RW	-2.06	29.348
kidal	ML	18.443	1.409
kidapawan	PH	7.008	125.089
kidderminster	GB	52.388	-2.25
kiel	DE	54.321	10.135
kielce	PL	50.87	20.628
kien an	VN	20.805	106.626
kien hung	VN	20.958	105.79
kiffa	MR	16.621	-11.402
kifisia	GR	38.074	23.811
kigali	RW	-1.95	30.059
kigoma	TZ	-4.877	29.627
kikinda	RS	45.83	20.465
kikolo	AO	-8.781	13.334
kikuchi	JP	32.983	130.817
kikugawa	JP	34.703	138.12
kikuyu	KE	-1.246	36.663
kikwit	CD	-5.041	18.816
kilamba	AO	-8.849	13.275
kilifi	KE	-3.63	39.85
kilis	TR	36.716	37.115
kilju	KP	40.964	129.328
killeen	US	31.117	-97.728
kilmarnock	GB	55.612	-4.496
kilosa	TZ	-6.833	36.983
kima kieza	AO	-8.834	13.295
kimberley	ZA	-28.732	24.762
kimhae	KR	35.234	128.881
kimilili	KE	0.788	34.716
kimitsu	JP	35.35	139.87
kimje	KR	35.802	126.889
kimpese	CD	-5.561	14.432
kimry	RU	56.875	37.36
kindia	GN	10.057	-12.866
kindrativskyi	UA	48.303	38.055
kindu	CD	-2.944	25.922
kineshma	RU	57.437	42.128
king faisal military city	SA	28.45	45.967
king s lynn	GB	52.752	0.395
kingisepp	RU	59.376	28.614
kings bridge	US	40.879	-73.905
kingsport	US	36.548	-82.562
kingston	CA	44.23	-76.481
kingston	JM	17.997	-76.794
kingston upon hull	GB	53.745	-0.335
kingswood	GB	51.453	-2.508
kinoi	KE	-1.656	37.375
kinokawa	JP	34.27	135.41
kinshasa	CD	-4.328	15.314
kintampo	GH	8.056	-1.731
kipamba	CD	-8.206	26.42
kipushi	CD	-11.761	27.251
kira	UG	0.4	32.633
kirambo	RW	-2.316	29.142
kirari sulemannagar	IN	28.697	77.065
kiratpur	IN	29.507	78.206
kirchheim unter teck	DE	48.647	9.454
kirdasah	EG	30.031	31.111
kirecocagi	TR	37.05	35.233
kirecocagı	TR	37.05	35.233
kirikhan	TR	36.499	36.358
kirikkale	TR	39.845	33.506
kirishi	RU	59.474	32.04
kirishima	JP	31.741	130.763
kirkby	GB	53.481	-2.892
kirkcaldy	GB	56.117	-3.16
kirkkonummi	FI	60.124	24.439
kirkland	US	47.681	-122.209
kirklareli	TR	41.735	27.225
kirkuk	IQ	35.468	44.392
kirov	RU	58.598	49.658
kirovo chepetsk	RU	58.551	50.031
kirsehir	TR	39.146	34.164
kirtipur	NP	27.679	85.276
kirumba	CD	-1.091	29.293
kiryat gat	IL	31.61	34.764
kiryu	JP	36.4	139.333
kisangani	CD	0.515	25.191
kisaran	ID	2.985	99.616
kisarazu	JP	35.383	139.933
kisela voda	MK	41.949	21.503
kiselevsk	RU	53.99	86.662
kiserian	KE	-1.427	36.687
kishanganj	IN	26.102	87.955
kishangarh	IN	26.59	74.854
kishiwada	JP	34.467	135.367
kishorganj	BD	24.439	90.783
kisi	NG	9.083	3.852
kisii	KE	-0.682	34.767
kisilevsk	RU	53.996	86.648
kislovodsk	RU	43.913	42.721
kismayo	SO	-0.358	42.545
kispest	HU	47.452	19.14
kissidougou	GN	9.185	-10.1
kissimmee	US	28.305	-81.417
kisumu	KE	-0.102	34.762
kita	JP	35.753	139.733
kita	ML	13.039	-9.488
kitahiroshima	JP	42.976	141.567
kitaibaraki	JP	36.787	140.749
kitakami	JP	39.283	141.117
kitakata	JP	37.65	139.867
kitakyushu	JP	33.852	130.85
kitale	KE	1.016	35.006
kitami	JP	43.803	143.891
kitamoto	JP	36.033	139.538
kitanagoya	JP	35.247	136.878
kitchener	CA	43.425	-80.511
kitengela	KE	-1.476	36.961
kitgum	UG	3.278	32.887
kitob	UZ	39.122	66.886
kitsilano	CA	49.267	-123.167
kituku	CD	-7.582	30.206
kitwe	ZM	-12.802	28.213
kiyose	JP	35.78	139.53
kiyosu	JP	35.217	136.833
kizhake chalakudi	IN	10.301	76.338
kiziltepe	TR	37.188	40.577
kizlyar	RU	43.847	46.71
kizugawa	JP	34.737	135.84
kladno	CZ	50.147	14.103
klaeng	TH	12.78	101.649
klagenfurt am woerthersee	AT	46.625	14.305
klagenfurt am worthersee	AT	46.625	14.305
klaipeda	LT	55.707	21.139
klang	MY	3.037	101.443
klangenan	ID	-6.709	108.44
klaten	ID	-7.706	110.606
klerksdorp	ZA	-26.852	26.667
kleve	DE	51.788	6.139
klimovsk	RU	55.364	37.53
klin	RU	56.332	36.729
klinteby frihed	DK	55.197	11.596
klintsy	RU	52.76	32.239
kluang	MY	2.03	103.317
klungkung	ID	-8.533	115.4
knoxville	US	35.961	-83.921
knysna	ZA	-34.036	23.047
ko samui	TH	9.536	99.936
kobanya	HU	47.484	19.139
kobayashi	JP	31.983	130.983
kobe	JP	34.691	135.183
koblenz	DE	50.354	7.579
kobo	ET	10.028	39.853
koboko	UG	3.414	30.96
kobryn	BY	52.212	24.356
koch ang	KR	35.433	126.7
koch bihar	IN	26.325	89.445
kochi	IN	9.94	76.26
kochi	JP	33.55	133.533
kodaira	JP	35.726	139.485
kodar	IN	16.998	79.966
kodinar	IN	20.794	70.702
kodungallur	IN	10.233	76.195
kodur	IN	11.015	76.07
koeln	DE	50.933	6.95
koenigswinter	DE	50.677	7.192
koeniz	CH	46.924	7.415
koepenick	DE	52.446	13.575
koerfez	TR	40.767	29.783
koesan	KR	36.811	127.795
koforidua	GH	6.094	-0.259
kofu	JP	35.667	138.567
koga	JP	36.183	139.717
kogalym	RU	62.265	74.479
koganei	JP	35.7	139.511
kogon shahri	UZ	39.727	64.555
kohat	PK	33.582	71.449
kohima	IN	25.675	94.111
koidu	SL	8.644	-10.971
koka	JP	34.98	136.158
kokkola	FI	63.838	23.131
kokomo	US	40.486	-86.134
kokshetau	KZ	53.284	69.394
kokstad	ZA	-30.547	29.424
kokubu matsuki	JP	31.733	130.767
kokubunji	JP	35.702	139.476
kol chugino	RU	56.304	39.377
kolaboui	GN	10.796	-14.4
kolar	IN	13.138	78.13
kolda	SN	12.894	-14.941
kolding	DK	55.49	9.472
kolea	DZ	36.639	2.768
kolhapur	IN	16.696	74.232
kolkata	IN	22.563	88.363
kollam	IN	8.881	76.585
kollegal	IN	12.154	77.111
koln	DE	50.933	6.95
kolobrzeg	PL	54.176	15.583
kolokani	ML	13.574	-8.033
kolomna	RU	55.071	38.784
kolomyia	UA	48.525	25.037
kolonnawa	LK	6.933	79.885
kolpino	RU	59.751	30.589
kolwezi	CD	-10.715	25.467
kom ombo	EG	24.477	32.946
komae	JP	35.634	139.575
komaki	JP	35.283	136.917
komalapuram	IN	9.542	76.342
komatsu	JP	36.403	136.451
kombolcha	ET	11.082	39.743
komendantsky aerodrom	RU	60.004	30.275
komono	JP	35.0	136.517
komoro	JP	36.317	138.433
komotini	GR	41.118	25.406
komsomolsk on amur	RU	50.55	137.01
kon tum	VN	14.355	108.008
konak	TR	38.4	27.1
konakovo	RU	56.702	36.773
konan	JP	35.332	136.87
konarak	IR	25.36	60.4
konayev	KZ	43.867	77.063
konch	IN	25.995	79.151
kondoa	TZ	-4.9	35.783
kongolo	CD	-5.385	27.0
kongoussi	BF	13.326	-1.535
kongtan	CN	29.144	104.675
konibodom	TJ	40.294	70.431
konigswinter	DE	50.677	7.192
konin	PL	52.223	18.251
koniz	CH	46.924	7.415
konnagar	IN	22.705	88.344
konongo	GH	6.617	-1.217
konosu	JP	36.069	139.517
konotop	UA	51.233	33.2
konstanz	DE	47.66	9.176
kontagora	NG	10.403	5.471
konya	TR	37.871	32.485
kopali	IN	22.837	86.192
kopargaon	IN	19.882	74.476
kopavogur	IS	64.112	-21.913
kopenick	DE	52.446	13.575
kopeysk	RU	55.117	61.618
koppal	IN	15.345	76.155
korabelna storona	UA	44.609	33.543
koraput	IN	18.812	82.71
koratla	IN	18.822	78.712
korba	IN	22.346	82.696
korba	TN	36.579	10.859
korce	AL	40.619	20.781
koreatown	US	34.058	-118.301
korenovsk	RU	45.467	39.449
korfez	TR	40.767	29.783
korhogo	CI	9.458	-5.63
koriyama	JP	37.4	140.383
korkino	RU	54.892	61.392
korla	CN	41.761	86.152
korogwe	TZ	-5.15	38.483
korolev	RU	55.914	37.826
korolyov	UA	50.245	28.7
koronadal	PH	6.503	124.847
korosten	UA	50.951	28.639
kortrijk	BE	50.828	3.265
koryazhma	RU	61.312	47.148
korydallos	GR	37.985	23.647
kosai	JP	34.701	137.523
koshi	JP	32.893	130.776
koshigaya	JP	35.89	139.789
kosi	IN	27.794	77.437
kosice	SK	48.714	21.258
koson	UZ	39.038	65.585
kosong	KR	38.379	128.468
kosonsoy	UZ	41.249	71.547
kostanay	KZ	53.214	63.625
kosti	SD	13.163	32.663
kostroma	RU	57.766	40.928
kostyantynivka	UA	48.527	37.706
koszalin	PL	54.194	16.172
kot addu	PK	30.469	70.967
kot kapura	IN	30.581	74.826
kot malik barkhurdar	PK	30.204	66.987
kot mumin	PK	32.188	73.03
kot radha kishan	PK	31.171	74.101
kota	IN	25.183	75.839
kota	JP	34.875	137.171
kota bharu	MY	6.124	102.243
kota damansara	MY	3.155	101.58
kota kinabalu	MY	5.975	116.072
kota kuala muda	MY	5.588	100.371
kota sambas	ID	1.363	109.301
kota tinggi	MY	1.738	103.9
kotabumi	ID	-4.825	104.882
kotamobagu	ID	0.742	124.312
kotari	JP	34.921	135.705
kotharia	IN	22.234	70.819
kotido	UG	2.981	34.133
kotikawatta	LK	6.927	79.909
kotka	FI	60.466	26.946
kotkapura	IN	30.582	74.833
kotlas	RU	61.257	46.654
kotli	PK	33.518	73.902
kotlovka	RU	55.659	37.604
koto	JP	32.779	130.745
kotputli	IN	27.702	76.199
kotri	PK	25.366	68.308
kottagudem	IN	17.551	80.618
kottakkal	IN	11.001	76.006
kottangara	IN	8.924	76.647
kottayam	IN	9.587	76.521
kottuvalli	IN	10.111	76.246
koudougou	BF	12.252	-2.367
koulikoro	ML	12.863	-7.56
koumassi	CI	5.297	-3.968
koumbia	GN	11.8	-13.5
koumra	TD	8.916	17.55
koupela	BF	12.179	-0.351
kousseri	CM	12.077	15.031
koutiala	ML	12.387	-5.465
kouvola	FI	60.867	26.7
kovel	UA	51.215	24.701
kovilpatti	IN	9.172	77.87
kovpakivskyi	UA	50.925	34.795
kovrov	RU	56.358	41.319
kovvur	IN	17.016	81.729
kowloon	HK	22.317	114.183
kowloon city	HK	22.33	114.192
kowloon city centre	HK	22.33	114.189
kowloon west end	HK	22.328	114.185
koyilandy	IN	11.438	75.693
koysinceq	IQ	36.083	44.629
kozan	TR	37.455	35.816
kozeyevo	RU	55.867	37.617
kozhikode	IN	11.248	75.78
kozhukhovo	RU	55.706	37.676
kołobrzeg	PL	54.176	15.583
kpalime	TG	6.9	0.633
kraaifontein	ZA	-33.848	18.717
kragujevac	RS	44.017	20.917
krakow	PL	50.061	19.937
kraljevo	RS	43.726	20.689
kralovske vinohrady	CZ	50.074	14.444
kramatorsk	UA	48.731	37.568
krasnaya glinka	RU	53.738	52.939
krasnodar	RU	45.045	38.982
krasnogorsk	RU	55.819	37.33
krasnogvargeisky	RU	59.973	30.476
krasnokamensk	RU	50.093	118.032
krasnokamsk	RU	58.079	55.756
krasnoturinsk	RU	59.767	60.209
krasnoufimsk	RU	56.614	57.769
krasnoyarsk	RU	56.037	92.931
krasnoye selo	RU	59.738	30.089
krasnyy sulin	RU	47.892	40.072
krathum baen	TH	13.653	100.26
krefeld	DE	51.336	6.554
kremenchuk	UA	49.063	33.405
kresek	ID	-6.131	106.38
kreuzberg	DE	52.5	13.403
kribi	CM	2.937	9.908
krishnagiri	IN	12.519	78.214
krishnanagar	IN	23.406	88.491
kristiansand	NO	58.147	7.996
kronstadt	RU	59.992	29.776
kroonstad	ZA	-27.65	27.235
kropotkin	RU	45.437	40.57
kropyvnytskyi	UA	48.508	32.266
krosno	PL	49.689	21.771
krugersdorp	ZA	-26.086	27.775
kruje	AL	41.509	19.793
krusevac	RS	43.58	21.334
krymsk	RU	44.926	37.99
kryukiv	UA	49.029	33.438
kryvyy rih	UA	47.906	33.394
ksar	MR	18.099	-15.957
ksar chellala	DZ	35.212	2.319
ksar el boukhari	DZ	35.889	2.749
ksar el kebir	MA	35.0	-5.904
ksar hellal	TN	35.648	10.89
kstovo	RU	56.148	44.199
kuacjok	SS	8.303	27.98
kuala krai	MY	5.531	102.199
kuala kubu baharu	MY	3.564	101.658
kuala lumpur	MY	3.141	101.687
kuala nerus	MY	5.373	103.021
kuala selangor	MY	3.35	101.25
kuala terengganu	MY	5.33	103.141
kuandian	CN	40.729	124.785
kuantan	MY	3.808	103.326
kuchai lama	MY	3.085	101.691
kuchaman	IN	27.147	74.857
kuching	MY	1.55	110.333
kucukcekmece	TR	40.991	28.771
kudamatsu	JP	34.01	131.866
kudappanakkunnu	IN	8.551	76.961
kudus	ID	-6.805	110.841
kuecuekcekmece	TR	40.991	28.771
kuetahya	TR	39.424	29.983
kufa	IQ	32.051	44.44
kuhdasht	IR	33.533	47.61
kuils river	ZA	-33.942	18.707
kuiya	CN	37.296	79.636
kuje	NG	8.88	7.228
kukatpally	IN	17.485	78.414
kukichuo	JP	36.067	139.675
kulai	MY	1.656	103.603
kulathummal	IN	8.507	77.081
kulim	MY	5.365	100.562
kulob	TJ	37.915	69.785
kulti	IN	23.732	86.844
kulu	TR	39.095	33.08
kumagaya	JP	36.135	139.39
kumamoto	JP	32.806	130.692
kumanovo	MK	42.133	21.716
kumarapalayam	IN	11.445	77.711
kumasi	GH	6.688	-1.624
kumba	CM	4.636	9.447
kumbakonam	IN	10.962	79.391
kumbalangy	IN	9.88	76.284
kumbo	CM	6.2	10.667
kumertau	RU	52.765	55.788
kumi	UG	1.461	33.936
kundian	PK	32.458	71.479
kundla	IN	21.342	71.306
kunduz	AF	36.729	68.857
kungsholmen	SE	59.332	18.041
kungur	RU	57.414	56.972
kuningan	ID	-6.976	108.483
kunitachi	JP	35.683	139.438
kuniyamuttur	IN	10.964	76.953
kunjah	PK	32.53	73.975
kunming	CN	25.039	102.718
kunnamangalam	IN	11.305	75.878
kunnamkulam	IN	10.647	76.067
kunri	PK	25.179	69.566
kunshan	CN	31.378	120.954
kuntsevo	RU	55.742	37.402
kunyang	CN	27.666	120.566
kuopio	FI	62.892	27.677
kupang	ID	-10.171	123.607
kupchino	RU	59.859	30.388
kurashiki	JP	34.583	133.767
kurayoshi	JP	35.433	133.817
kurchatov	RU	51.654	35.687
kure	JP	34.232	132.567
kurgan	RU	55.449	65.343
kurganinsk	RU	44.884	40.589
kurichchi	IN	10.961	76.974
kurihama	JP	35.228	139.702
kurihara	JP	38.75	141.0
kurnool	IN	15.829	78.036
kurobe shi	JP	36.901	137.45
kuroiso	JP	36.967	140.05
kurortnyy	RU	60.166	29.908
kurseong	IN	26.883	88.277
kursk	RU	51.727	36.185
kurume	JP	33.317	130.517
kusadasi	TR	37.86	27.257
kusadası	TR	37.86	27.257
kusatsu	JP	35.017	135.967
kushinagar	IN	26.741	83.887
kushiro	JP	42.975	144.375
kushtia	BD	23.903	89.119
kut e  abdollah	IR	31.239	48.656
kutahya	TR	39.424	29.983
kutaisi	GE	42.268	42.695
kutloanong	ZA	-27.833	26.75
kutno	PL	52.231	19.364
kutu	CD	-2.725	18.148
kuwait city	KW	29.367	47.974
kuwana	JP	35.052	136.67
kuybyshev	RU	55.448	78.319
kuz minki	RU	55.7	37.8
kuznetsk	RU	53.117	46.6
kwadukuza	ZA	-29.328	31.29
kwaggafontein	ZA	-25.327	28.942
kwai chung	HK	22.368	114.139
kwail up	KP	38.446	125.019
kwangyang	KR	34.975	127.589
kwekwe	ZW	-18.928	29.815
ky anh	VN	18.062	106.298
kyaikkami	MM	16.077	97.564
kyaiklat	MM	16.445	95.724
kyaikto	MM	17.309	97.011
kyathampalle	IN	19.668	78.529
kyaukpadaung	MM	20.842	95.127
kyaukpyu	MM	19.428	93.551
kyaukse	MM	21.606	96.135
kyauktan	MM	16.637	96.325
kyela	TZ	-9.583	33.85
kyengera	UG	0.295	32.502
kyimyindine	MM	16.809	96.124
kyiv	UA	50.455	30.524
kyivskyi	UA	50.045	36.289
kyosai	KR	34.85	128.589
kyotanabe	JP	34.804	135.767
kyotango	JP	35.606	135.044
kyoto	JP	35.021	135.754
kyshtym	RU	55.716	60.551
kyustendil	BG	42.283	22.692
kyzyl	RU	51.711	94.438
kyzylorda	KZ	44.853	65.509
kırklareli	TR	41.735	27.225
kırsehir	TR	39.146	34.164
kırıkhan	TR	36.499	36.358
kırıkkale	TR	39.845	33.506
kızıltepe	TR	37.188	40.577
l amoreaux	CA	43.796	-79.314
l antiga esquerra de l eixample	ES	41.389	2.155
l hospitalet de llobregat	ES	41.36	2.1
la calera	CL	-32.787	-71.198
la carlota	PH	10.424	122.921
la ceiba	HN	15.76	-86.782
la chorrera	PA	8.878	-79.78
la cite limoilou	CA	46.829	-71.226
la concepcion	VE	10.619	-71.838
la crosse	US	43.801	-91.24
la dolorita	VE	10.488	-66.786
la dorada	CO	5.448	-74.663
la estrella	CO	6.158	-75.643
la fria	VE	8.215	-72.249
la gi	VN	10.66	107.772
la goulette	TN	36.819	10.306
la habana vieja	CU	23.13	-82.353
la habra	US	33.932	-117.946
la haute saint charles	CA	46.89	-71.372
la jolla	US	32.847	-117.274
la laguna	ES	28.485	-16.32
la libertad	EC	-2.233	-80.91
la lima	HN	15.433	-87.917
la linea de la concepcion	ES	36.168	-5.348
la louviere	BE	50.487	4.188
la marsa	TN	36.878	10.325
la mesa	US	32.768	-117.023
la mirada	US	33.917	-118.012
la mohammedia	TN	36.674	10.156
la nova esquerra de l eixample	ES	41.383	2.149
la orotava	ES	28.391	-16.523
la paz	BO	-16.5	-68.15
la paz	MX	24.142	-110.313
la paz	PH	15.441	120.729
la piedad de cabadas	MX	20.341	-102.023
la pintana	CL	-33.583	-70.634
la plata	AR	-34.921	-57.954
la puente	US	34.02	-117.95
la quinta	US	33.663	-116.31
la rioja	AR	-29.413	-66.856
la roche sur yon	FR	46.67	-1.428
la rochelle	FR	46.163	-1.152
la romana	DO	18.423	-68.966
la serena	CL	-29.906	-71.25
la seyne sur mer	FR	43.103	5.878
la spezia	IT	44.103	9.824
la trinidad	PH	16.455	120.588
la union	CO	4.533	-76.103
la vega	DO	19.22	-70.531
la victoria	VE	10.227	-67.331
la vila de gracia	ES	41.403	2.157
la villa del rosario	VE	10.326	-72.313
laascaanood	SO	8.477	47.36
laatzen	DE	52.315	9.797
laayoune	EH	27.142	-13.188
labe	GN	11.318	-12.283
labinsk	RU	44.636	40.736
labrea	BR	-7.264	-64.796
labuan	MY	5.28	115.248
labuan bajo	ID	-8.496	119.888
labuhan deli	ID	3.879	98.633
lacey	US	47.034	-122.823
ladnun	IN	27.653	74.4
ladysmith	ZA	-28.559	29.779
lae	PG	-6.723	146.996
laem chabang	TH	13.088	100.884
lafayette	US	30.224	-92.02
laferrere	AR	-34.75	-58.585
lafia	NG	8.494	8.515
lafiagi	NG	8.853	5.416
lagarto	BR	-10.917	-37.65
lages	BR	-27.816	-50.326
laghouat	DZ	33.8	2.865
lago da pedra	BR	-4.56	-45.132
lago norte	BR	-15.739	-47.857
lagoa da prata	BR	-20.023	-45.544
lagoa santa	BR	-19.63	-43.901
lagos	NG	6.454	3.395
lagos de moreno	MX	21.359	-101.933
laguna	BR	-28.483	-48.781
laguna	US	38.421	-121.424
laguna niguel	US	33.523	-117.708
lagunillas	VE	10.13	-71.259
lahad datu	MY	5.023	118.329
lahan	NP	26.72	86.483
laharpur	IN	27.708	80.903
lahat	ID	-3.785	103.543
lahbab	AE	25.038	55.591
lahijan	IR	37.204	50.009
lahore	PK	31.558	74.351
lahr	DE	48.34	7.869
lahraouyine	MA	33.541	-7.528
lahti	FI	60.983	25.662
lai chau	VN	22.396	103.458
lai vung	VN	10.257	105.593
laibin	CN	23.747	109.222
laisu	CN	29.266	105.778
laiwu	CN	36.193	117.657
laixi	CN	36.859	120.527
laiyang	CN	36.976	120.714
laizhou	CN	37.181	119.942
lajeado	BR	-23.534	-46.409
lajedo	BR	-8.664	-36.32
lak si	TH	13.887	100.579
lakang	MM	24.661	97.189
lake charles	US	30.213	-93.204
lake elsinore	US	33.668	-117.327
lake forest	US	33.647	-117.689
lake havasu city	US	34.484	-114.322
lake ridge	US	38.688	-77.298
lakeland	US	28.039	-81.95
lakeville	US	44.65	-93.243
lakewood	CA	52.108	-106.59
lakewood	US	39.705	-105.081
lakhdaria	DZ	36.565	3.593
lakhimpur	IN	27.948	80.779
laksham	BD	23.24	91.121
lakshmipur	BD	22.944	90.83
lal bahadur nagar	IN	17.348	78.558
lala musa	PK	32.701	73.957
lalian	PK	31.825	72.801
lalitpur	IN	24.69	78.419
lalmohan	BD	22.338	90.737
lalmonirhat	BD	25.917	89.446
lalupon	NG	7.468	4.066
lambare	PY	-25.347	-57.606
lambarene	GA	-0.7	10.241
lambayeque	PE	-6.701	-79.906
lambayong	PH	6.519	125.044
lamezia terme	IT	38.963	16.309
lamia	GR	38.899	22.433
lamongan	ID	-7.117	112.417
lampa	CL	-33.286	-70.876
lampang	TH	18.292	99.493
lamphun	TH	18.581	99.007
lancaster	GB	54.046	-2.8
lancaster	US	34.698	-118.137
landau in der pfalz	DE	49.198	8.117
lander	VE	10.183	-66.7
landshut	DE	48.53	12.162
landstrasse	AT	48.202	16.388
landstraße	AT	48.202	16.388
lang ata	KE	-1.367	36.733
lang son	VN	21.853	106.761
langarud	IR	37.195	50.153
langenfeld	DE	51.108	6.948
langenhagen	DE	52.442	9.737
langenhorn	DE	53.667	10.017
langepas	RU	61.254	75.212
langfang	CN	39.521	116.715
langford	CA	48.45	-123.503
langley	CA	49.101	-122.659
langsa	ID	4.468	97.968
langtoucun	CN	40.041	124.335
langxiang	CN	46.95	128.868
langzhong	CN	31.55	105.994
lankaran	AZ	38.754	48.851
lankwitz	DE	52.436	13.346
lanshan	CN	33.936	117.725
lansing	US	42.733	-84.556
lanus	AR	-34.708	-58.391
lanxi	CN	29.216	119.472
lanzhou	CN	36.057	103.84
lao cai	VN	22.486	103.971
laoag	PH	18.198	120.596
laohekou	CN	32.386	111.668
laojunmiao	CN	39.833	97.733
lapa	BR	-23.524	-46.707
lappeenranta	FI	61.059	28.189
lapu lapu city	PH	10.31	123.949
lar	IR	27.683	54.342
larache	MA	35.193	-6.156
larbaa	DZ	36.565	3.154
laredo	US	27.506	-99.508
largo	US	27.91	-82.788
larisa	GR	39.628	22.421
larkana	PK	27.559	68.212
larnaca	CY	34.922	33.628
las aguilas	ES	40.382	-3.771
las choapas	MX	17.912	-94.096
las cruces	US	32.312	-106.778
las cumbres	PA	9.092	-79.539
las palmas de gran canaria	ES	28.102	-15.416
las piedras	UY	-34.73	-56.219
las pinas	PH	14.451	120.983
las rozas de madrid	ES	40.493	-3.874
las tejerias	VE	10.254	-67.173
las tunas	CU	20.961	-76.952
las vegas	US	36.175	-115.137
lashibi	GH	5.685	-0.04
lashio	MM	22.936	97.75
lashkar gah	AF	31.594	64.372
lasnamae	EE	59.434	24.86
lasnamaee	EE	59.434	24.86
lat krabang	TH	13.722	100.785
lat phrao	TH	13.803	100.607
lat yao	TH	13.847	100.564
latacunga	EC	-0.934	-78.615
latakia	SY	35.531	35.791
latina	ES	40.389	-3.746
latina	IT	41.466	12.904
latkrabang	TH	13.728	100.746
latur	IN	18.397	76.568
lauderhill	US	26.14	-80.213
launceston	AU	-41.439	147.135
lauro de freitas	BR	-12.894	-38.327
lausanne	CH	46.516	6.633
lautoka	FJ	-17.617	177.45
laval	CA	45.57	-73.692
laval	FR	48.072	-0.77
lavapies	ES	40.408	-3.701
lavras	BR	-21.245	-45.0
lawang	ID	-7.835	112.695
lawrence	US	38.972	-95.235
lawton	US	34.609	-98.39
laxmangarh	IN	27.823	75.028
layton	US	41.06	-111.971
layyah	PK	30.961	70.939
le bardo	TN	36.811	10.135
le blanc mesnil	FR	48.939	2.461
le cannet	FR	43.577	7.019
le havre	FR	49.493	0.108
le kram	TN	36.836	10.316
le lamentin	MQ	14.613	-61.0
le mans	FR	48.002	0.203
le plateau mont royal	CA	45.528	-73.581
le sud ouest	CA	45.472	-73.59
le tampon	RE	-21.277	55.518
le vieux longueuil	CA	45.537	-73.508
league city	US	29.507	-95.095
leander	US	30.579	-97.853
leatherhead	GB	51.297	-0.334
lebowakgomo	ZA	-24.315	29.501
lecce	IT	40.355	18.172
lecco	IT	45.856	9.397
lecheng	CN	25.128	113.35
lecherias	VE	10.192	-64.692
lee s summit	US	38.911	-94.382
leeds	GB	53.796	-1.548
leesburg	US	39.116	-77.564
leeuwarden	NL	53.203	5.81
lefortovo	RU	55.767	37.7
leganes	ES	40.327	-3.764
legaspi	PH	13.141	123.741
legionowo	PL	52.401	20.927
legnano	IT	45.598	8.915
legnica	PL	51.21	16.162
lehi	US	40.392	-111.851
lehigh acres	US	26.625	-81.625
lehrte	DE	52.372	9.979
leicester	GB	52.639	-1.132
leiden	NL	52.158	4.493
leidsche rijn	NL	52.095	5.046
leigh	GB	53.496	-2.52
leighton buzzard	GB	51.917	-0.658
leinfelden echterdingen	DE	48.694	9.168
leipzig	DE	51.34	12.371
leiria	PT	39.744	-8.807
leiyang	CN	26.402	112.859
lekki	NG	6.446	3.477
lelystad	NL	52.508	5.475
lembang	ID	-6.812	107.618
leme	BR	-22.186	-47.39
lemgo	DE	52.028	8.899
lencois paulista	BR	-22.599	-48.8
lenexa	US	38.954	-94.734
lengshuijiang	CN	27.688	111.429
lengshuitan	CN	26.411	111.596
leninogorsk	RU	54.597	52.451
leninsk kuznetsky	RU	54.657	86.174
leo	BF	11.1	-2.107
leogane	HT	18.511	-72.633
leominster	US	42.525	-71.76
leon	ES	42.6	-5.57
leon	NI	12.435	-86.879
leon de los aldama	MX	21.122	-101.683
leonberg	DE	48.8	9.017
leopoldina	BR	-21.532	-42.643
lerdo	MX	25.536	-103.525
lere	NG	10.386	8.573
lerik	AZ	38.774	48.415
les abymes	GP	16.273	-61.505
les cayes	HT	18.192	-73.749
les corts	ES	41.387	2.13
les rivieres	CA	46.818	-71.272
leshan	CN	29.562	103.764
leskovac	RS	42.998	21.946
lesnoy	RU	57.62	63.078
lesosibirsk	RU	58.235	92.484
lesozavodsk	RU	45.472	133.398
leszno	PL	51.84	16.575
lethbridge	CA	49.7	-112.819
leticia	CO	-4.211	-69.939
letlhabile	ZA	-25.482	27.839
leuven	BE	50.88	4.701
levallois perret	FR	48.894	2.289
leverkusen	DE	51.03	6.984
levis	CA	46.803	-71.178
levittown	US	40.155	-74.829
levoberezhnyy	RU	55.865	37.473
lewisville	US	33.046	-96.994
lexington	US	37.989	-84.478
lexington fayette	US	38.05	-84.459
leytonstone	GB	51.569	0.008
lhasa	CN	29.65	91.1
lhoka	CN	29.243	91.772
lhokseumawe	ID	5.18	97.151
lhuenzhub	CN	29.893	91.262
lhunzhub	CN	29.893	91.262
liancheng	CN	25.718	116.749
lianghu	CN	29.992	120.898
liangji	CN	33.964	117.969
liangping	CN	30.661	107.766
liangxiang	CN	39.736	116.133
liangzhai	CN	34.5	116.75
lianhe	CN	47.133	129.274
lianjiang	CN	21.647	110.282
lianozovo	RU	55.898	37.587
lianshan	CN	40.764	120.853
lianyuan	CN	27.688	111.664
lianyungang	CN	34.598	119.216
lianzhou	CN	24.782	112.371
liaocheng	CN	36.451	116.002
liaolan	CN	36.674	119.875
liaoyang	CN	41.272	123.173
liaozhong	CN	41.506	122.724
libaspur	IN	28.751	77.146
liberdade	BR	-23.563	-46.632
liberec	CZ	50.767	15.056
liberia	CR	10.635	-85.438
libertad	PH	8.944	125.502
libertador general san martin	AR	-23.813	-64.794
libon	PH	13.3	123.439
libreville	GA	0.392	9.454
licha	CN	36.057	119.783
licheng	CN	23.295	113.825
lichinga	MZ	-13.313	35.241
lichtenberg	DE	52.514	13.5
lichtenburg	ZA	-26.152	26.16
lichtenrade	DE	52.398	13.406
lichterfelde	DE	52.433	13.308
lichuan	CN	30.3	108.85
lida	BY	53.883	25.3
lidingo	SE	59.367	18.133
lidingoe	SE	59.367	18.133
lido di ostia	IT	41.732	12.277
lidu	CN	29.739	107.295
liege	BE	50.634	5.567
liepaja	LV	56.505	21.011
ligezhuang	CN	36.358	120.143
liguo	CN	34.553	117.333
lijiang	CN	26.869	100.221
likasi	CD	-10.983	26.738
likhobory	RU	55.85	37.567
lille	FR	50.634	3.055
lillestrom	NO	59.956	11.049
lillestrøm	NO	59.956	11.049
liloan	PH	10.399	123.999
lilongwe	MW	-13.967	33.787
lima	PE	-12.043	-77.028
limache	CL	-33.013	-71.261
limao	BR	-23.493	-46.669
limassol	CY	34.684	33.038
limay	PH	14.562	120.598
limbdi	IN	22.565	71.811
limbe	CM	4.024	9.206
limeira	BR	-22.565	-47.402
limerick	IE	52.665	-8.623
limoeiro	BR	-7.875	-35.45
limoeiro do norte	BR	-5.146	-38.098
limoges	FR	45.834	1.248
limon	CR	9.991	-83.036
limpio	PY	-25.166	-57.486
limuru	KE	-1.114	36.642
linares	CL	-35.847	-71.593
linares	ES	38.095	-3.636
linares	MX	24.858	-99.568
lincang	CN	23.88	100.095
lincoln	GB	53.227	-0.538
lincoln	US	40.8	-96.667
lincoln park	US	41.922	-87.648
lincoln square	US	41.976	-87.689
linden	GY	6.008	-58.307
linden	US	40.622	-74.245
lindi	TZ	-9.997	39.716
linfen	CN	36.089	111.519
lingao	CN	19.909	109.687
lingayen	PH	16.022	120.232
lingcheng	CN	33.816	118.114
lingdong	CN	46.554	131.145
lingen	DE	52.523	7.326
linghai	CN	41.165	121.367
linghe	CN	36.364	119.077
lingotto	IT	45.033	7.65
lingwu	CN	38.102	106.34
lingyuan	CN	41.24	119.401
linh gjam	VN	20.964	105.831
linh đam	VN	20.964	105.831
linhares	BR	-19.391	-40.072
linjiacun	CN	35.994	119.65
linjiang	CN	31.1	108.22
linkoeping	SE	58.411	15.622
linkoping	SE	58.411	15.622
linkou	CN	45.276	130.273
linping	CN	30.422	120.297
linqiong	CN	30.416	103.461
linqu	CN	36.516	118.54
lins	BR	-21.679	-49.742
linshi	CN	29.667	107.192
linshui	CN	36.425	114.205
lintong	CN	34.378	109.209
linxi	CN	39.712	118.45
linxia chengguanzhen	CN	35.6	103.206
linyi	CN	35.063	118.343
linz	AT	48.306	14.286
lipa city	PH	13.941	121.163
lipetsk	RU	52.588	39.552
liping	CN	26.231	109.131
lippstadt	DE	51.674	8.345
lira	UG	2.25	32.9
lisakovsk	KZ	52.545	62.499
lisala	CD	2.151	21.517
lisbon	PT	38.725	-9.15
lisburn	GB	54.523	-6.035
lishi	CN	29.079	106.262
lishu	CN	43.307	124.334
lishui	CN	28.46	119.91
liski	RU	50.982	39.504
lisovyi masyv	UA	50.472	30.631
little havana	US	25.768	-80.233
little rock	US	34.746	-92.29
littlehampton	GB	50.811	-0.541
littleton	US	39.613	-105.017
liuhe	CN	42.285	125.745
liuji	CN	34.358	117.053
liuku	CN	25.851	98.856
liupanshui	CN	26.594	104.833
liuquan	CN	34.434	117.298
liutuan	CN	36.933	119.383
liuxin	CN	34.369	117.115
liuzhi	CN	26.234	105.426
liuzhou	CN	24.324	109.407
livermore	US	37.682	-121.768
liverpool	GB	53.411	-2.978
livingston	GB	55.903	-3.523
livingstone	ZM	-17.842	25.854
livny	RU	52.424	37.6
livoberezhnyi	UA	47.109	37.643
livonia	US	42.368	-83.353
livorno	IT	43.544	10.326
livramento de nossa senhora	BR	-13.641	-41.843
livyi bereh	UA	48.594	34.56
liwonde	MW	-15.067	35.225
lixian	CN	34.19	105.172
lizhi	CN	29.703	107.395
ljubljana	SI	46.051	14.505
llanelli	GB	51.682	-4.162
llefia	ES	41.438	2.22
lleida	ES	41.617	0.622
lo prado	CL	-33.444	-70.726
loa janan	ID	-0.583	117.095
lobito	AO	-12.364	13.536
lobnya	RU	56.027	37.468
lod	IL	31.947	34.89
lodhran	PK	29.534	71.632
lodi	IT	45.31	9.501
lodi	US	38.13	-121.272
lodja	CD	-3.521	23.601
lodwar	KE	3.12	35.596
lodz	PL	51.771	19.474
loerrach	DE	47.615	7.665
logan	US	41.735	-111.834
logan city	AU	-27.639	153.109
logan square	US	41.923	-87.699
logrono	ES	42.466	-2.451
lohardaga	IN	23.433	84.68
lohas park	HK	22.293	114.272
lohja	FI	60.249	24.065
loja	EC	-3.993	-79.204
lokeren	BE	51.104	3.993
lokoja	NG	7.797	6.74
lokossa	BJ	6.639	1.717
loma bonita	MX	18.108	-95.881
lomas de zamora	AR	-34.757	-58.403
lombard	US	41.88	-88.008
lome	TG	6.129	1.222
lomonosov	RU	59.906	29.773
lompoc	US	34.639	-120.458
lomza	PL	53.178	22.059
lonavla	IN	18.753	73.406
london	CA	42.983	-81.233
london	GB	51.509	-0.126
londonderry county borough	GB	54.997	-7.309
londrina	BR	-23.31	-51.163
long beach	US	33.767	-118.189
long bien	VN	21.033	105.9
long eaton	GB	52.899	-1.271
long khanh	VN	10.927	107.248
long my	VN	9.681	105.572
long xuyen	VN	10.386	105.435
longfeng	CN	46.532	125.104
longgang	CN	22.723	114.263
longgu	CN	34.903	116.807
longjiang	CN	47.336	123.196
longjing	CN	42.771	129.423
longling county	CN	24.587	98.689
longmont	US	40.167	-105.102
longnan	CN	33.398	104.917
longonjo	AO	-12.908	15.248
longquan	CN	24.672	102.161
longshan	CN	42.885	125.137
longshi	CN	30.215	106.457
longshui	CN	29.566	105.762
longtan	CN	28.757	108.964
longueuil	CA	45.515	-73.468
longview	US	32.501	-94.74
longyan	CN	25.075	117.018
loni	IN	28.751	77.29
lop buri	TH	14.798	100.654
lorain	US	41.453	-82.182
lorca	ES	37.671	-1.702
lordegan	IR	31.513	50.827
lorena	BR	-22.731	-45.125
lorica	CO	9.236	-75.814
lorient	FR	47.748	-3.372
lorrach	DE	47.615	7.665
los andes	CL	-32.834	-70.598
los angeles	CL	-37.47	-72.354
los angeles	US	34.052	-118.244
los banos	PH	14.17	121.242
los dos caminos	VE	10.494	-66.829
los mochis	MX	25.791	-108.998
los patios	CO	7.838	-72.504
los polvorines	AR	-34.503	-58.706
los puertos de altagracia	VE	10.715	-71.522
los rastrojos	VE	10.026	-69.242
los reyes acaquilpan	MX	19.364	-98.977
los teques	VE	10.35	-67.043
lota	CL	-37.09	-73.158
loudi	CN	27.734	111.994
louga	SN	15.619	-16.224
loughborough	GB	52.767	-1.2
louis trichardt	ZA	-23.044	29.903
louisville	US	38.254	-85.759
loum	CM	4.718	9.735
loures	PT	38.831	-9.168
loushanguan	CN	28.137	106.822
louveira	BR	-23.086	-46.951
loveland	US	40.398	-105.075
lowell	US	42.633	-71.316
lower hutt	NZ	-41.217	174.917
lower sackville	CA	44.776	-63.679
lowestoft	GB	52.475	1.752
lozova	UA	48.891	36.314
lqoliaa	MA	30.298	-9.466
lu an	CN	31.736	116.517
luancheng	CN	37.885	114.646
luanda	AO	-8.837	13.234
luang prabang	LA	19.893	102.153
luanshya	ZM	-13.137	28.417
luau	AO	-10.707	22.225
lubango	AO	-14.917	13.492
lubao	PH	14.941	120.601
lubbock	US	33.578	-101.855
lubeck	DE	53.869	10.687
lubero	CD	-0.158	29.239
lubin	PL	51.401	16.201
lublin	PL	51.251	22.57
lubny	UA	50.014	33.0
lubu	CN	23.172	112.283
lubuklinggau	ID	-3.295	102.861
lubumbashi	CD	-11.661	27.479
lucapa	AO	-8.419	20.745
lucas do rio verde	BR	-13.071	-55.915
lucaya	BS	26.533	-78.667
lucca	IT	43.844	10.504
lucena	ES	37.409	-4.485
lucena	PH	13.931	121.617
lucheng	CN	31.234	117.281
luckeesarai	IN	25.177	86.095
lucknow	IN	26.839	80.923
ludenscheid	DE	51.22	7.627
ludhiana	IN	30.912	75.854
ludwigsburg	DE	48.897	9.192
ludwigshafen am rhein	DE	49.481	8.446
luebeck	DE	53.869	10.687
luebo	CD	-5.352	21.422
luedenscheid	DE	51.22	7.627
lueeyang chengguanzhen	CN	33.332	106.155
lueleburgaz	TR	41.402	27.357
lueliang	CN	37.519	111.144
luena	AO	-11.783	19.917
lueneburg	DE	53.251	10.415
luenen	DE	51.616	7.529
lueshun	CN	38.8	121.267
lueyang chengguanzhen	CN	33.332	106.155
luga	RU	58.739	29.848
lugano	CH	46.01	8.96
lugazi	UG	0.368	32.938
lugo	ES	43.01	-7.556
lugoj	RO	45.689	21.903
lugulu	KE	0.393	34.304
luhansk	UA	48.568	39.306
luis eduardo magalhaes	BR	-12.091	-45.785
lujan	AR	-34.566	-59.115
lukavac	BA	44.542	18.526
lukula	CD	-3.869	23.883
lulea	SE	65.584	22.155
luleburgaz	TR	41.402	27.357
luliang	CN	37.519	111.144
lulou	CN	34.717	116.767
lumajang	ID	-8.133	113.225
lumiar	PT	38.775	-9.156
lund	SE	55.706	13.193
lundazi	ZM	-12.293	33.178
luneburg	DE	53.251	10.415
lunen	DE	51.616	7.529
lunglei	IN	22.892	92.742
luntai	CN	41.78	84.27
luobei	CN	47.576	130.813
luobuqiongzi	CN	29.167	89.25
luocheng	CN	29.385	104.029
luodian	CN	31.416	121.334
luohe	CN	33.574	114.033
luohu district	CN	22.547	114.131
luohuang	CN	29.347	106.435
luojiang	CN	31.305	104.505
luojing	CN	31.478	121.339
luolong	CN	28.806	104.899
luomen	CN	34.754	105.025
luorong	CN	24.406	109.609
luoyang	CN	34.673	112.437
lupon	PH	6.898	126.01
luputa	CD	-7.162	23.701
luquembo	AO	-10.739	17.718
lusail	QA	25.418	51.508
lusaka	ZM	-15.407	28.287
lusambo	CD	-4.975	23.444
lushar	CN	36.484	101.563
lushnje	AL	40.942	19.705
lushui	CN	25.823	98.859
lushun	CN	38.8	121.267
luton	GB	51.88	-0.417
lutsk	UA	50.758	25.35
luwero	UG	0.849	32.473
luwuk	ID	-0.952	122.787
luxembourg	LU	49.61	6.133
luxor	EG	25.699	32.642
luzern	CH	47.05	8.306
luzhou	CN	28.89	105.426
luziania	BR	-16.253	-47.95
lviv	UA	49.838	24.023
lydenburg	ZA	-25.096	30.444
lynchburg	US	37.414	-79.142
lynn	US	42.467	-70.949
lynwood	US	33.93	-118.211
lyon	FR	45.749	4.848
lyon 03	FR	45.761	4.852
lyon 05	FR	45.761	4.827
lyon 06	FR	45.768	4.851
lyon 07	FR	45.745	4.842
lyon 08	FR	45.736	4.869
lyon 09	FR	45.773	4.803
lys va	RU	58.107	57.811
lysychansk	UA	48.912	38.421
lytham st annes	GB	53.743	-2.997
lytkarino	RU	55.577	37.912
lyubertsy	RU	55.677	37.893
lyublino	RU	55.677	37.76
lyudinovo	RU	53.866	34.448
m sila	DZ	35.709	4.537
ma an	JO	30.196	35.734
ma anshan	CN	31.686	118.51
ma on shan	HK	22.406	114.241
maastricht	NL	50.848	5.689
maba	CN	24.684	113.598
mabai	CN	23.013	104.451
mabalacat city	PH	15.223	120.571
mabopane	ZA	-25.509	28.064
macae	BR	-22.385	-41.783
macaiba	BR	-5.858	-35.354
macapa	BR	0.039	-51.066
macau	MO	22.201	113.546
macaubas	BR	-13.019	-42.699
macclesfield	GB	53.26	-2.126
maceio	BR	-9.666	-35.735
macenta	GN	8.544	-9.471
mach	PK	29.864	67.33
machadinho d oeste	BR	-9.444	-61.981
machakos	KE	-1.522	37.265
machala	EC	-3.259	-79.959
machali	CL	-34.181	-70.649
macheng	CN	31.18	115.022
macherla	IN	16.476	79.435
machida	JP	35.54	139.451
machilipatnam	IN	16.187	81.139
machiques	VE	10.061	-72.552
mackay	AU	-21.153	149.166
maco	PH	7.362	125.855
macon	US	32.841	-83.632
madaba	JO	31.716	35.794
madanapalle	IN	13.55	78.503
madaripur	BD	23.171	90.209
madera	US	36.961	-120.061
madgaon	IN	15.275	73.958
madhavaram	IN	13.148	80.231
madhepura	IN	25.921	86.793
madhubani	IN	26.354	86.072
madhupur	IN	24.274	86.639
madhurampur dehri	IN	24.969	84.196
madhyamgram	IN	22.689	88.446
madhyapur thimi	NP	27.681	85.388
madido	ZM	-15.355	28.374
madinah	SA	24.469	39.614
madinat an nasr	EG	30.067	31.3
madinat as sadat	EG	30.367	30.509
madinat hamad	BH	26.115	50.507
madinat khalifah	QA	25.32	51.478
madinat wadi an natrun	EG	30.377	30.35
madison	US	43.073	-89.401
madiun	ID	-7.63	111.524
madrid	CO	4.732	-74.264
madrid	ES	40.416	-3.703
madrid centro	ES	40.418	-3.703
madurai	IN	9.919	78.12
maduravoyal	IN	13.068	80.163
mae sot	TH	16.717	98.567
maebaru chuo	JP	33.559	130.201
maebashi	JP	36.4	139.083
maerkisches viertel	DE	52.598	13.358
mafeteng	LS	-29.823	27.237
mafikeng	ZA	-25.865	25.644
mafinga	TZ	-8.3	35.294
mafra	BR	-26.111	-49.805
mafraq	JO	32.343	36.208
magadan	RU	59.563	150.802
magalang	PH	15.215	120.66
magangue	CO	9.242	-74.755
magdalena contreras	MX	19.332	-99.211
magdanly	TM	37.812	66.047
magdeburg	DE	52.131	11.632
mage	BR	-22.653	-43.041
magelang	ID	-7.471	110.218
maghaghah	EG	28.648	30.841
maghnia	DZ	34.85	-1.728
magnitogorsk	RU	53.398	59.007
magong	TW	23.565	119.586
magsaysay	PH	6.767	125.183
magugpo poblacion	PH	7.447	125.805
magway	MM	20.15	94.932
maha sarakham	TH	16.185	103.301
mahabad	IR	36.763	45.722
mahajanga	MG	-15.717	46.317
mahalapye	BW	-23.104	26.814
mahallat	IR	33.911	50.453
mahanoro	MG	-19.9	48.8
maharagama	LK	6.848	79.927
mahasamund	IN	21.107	82.095
mahbubabad	IN	17.597	80.002
mahbubnagar	IN	16.744	77.986
mahdasht	IR	35.728	50.813
mahdia	TN	35.505	11.062
mahe	IN	11.702	75.535
mahesana	IN	23.599	72.385
maheshtala	IN	22.509	88.253
mahilyow	BY	53.909	30.34
mahmudabad	IN	27.292	81.118
mahnar bazar	IN	25.61	85.481
mahoba	IN	25.291	79.875
mahuva	IN	21.09	71.769
mai dich	VN	21.033	105.783
maianga	AO	-8.847	13.237
maicao	CO	11.378	-72.24
maidenhead	GB	51.523	-0.72
maidstone	GB	51.267	0.517
maiduguri	NG	11.847	13.157
maihar	IN	24.266	80.761
maijdi	BD	22.867	91.1
mailsi	PK	29.801	72.174
mainpuri	IN	27.229	79.029
mainz	DE	49.982	8.28
maipu	CL	-33.514	-70.765
maiquetia	VE	10.595	-66.956
mairena del aljarafe	ES	37.345	-6.064
mairinque	BR	-23.546	-47.183
mairipora	BR	-23.319	-46.587
maison blanche	FR	48.826	2.351
maisons alfort	FR	48.812	2.439
maitland	AU	-32.733	151.557
maizhokunggar	CN	29.838	91.729
maizuru	JP	35.45	135.333
majadahonda	ES	40.474	-3.872
majalengka	ID	-6.836	108.228
majalgaon	IN	19.155	76.21
majene	ID	-3.54	118.971
majie	CN	25.032	102.638
makakilo   kapolei   honokai hale	US	21.337	-158.097
makassar	ID	-5.149	119.432
makati city	PH	14.55	121.033
makeni	SL	8.886	-12.044
makhachkala	RU	42.978	47.5
makiyivka	UA	48.048	37.926
makkah	SA	21.427	39.826
makoko	NG	6.496	3.388
makrana	IN	27.044	74.724
maku	IR	39.29	44.46
makumbako	TZ	-8.85	34.833
makurdi	NG	7.734	8.521
malabo	GQ	3.756	8.782
malabon	PH	14.673	120.94
malacatan	GT	14.911	-92.058
malacca	MY	2.196	102.24
maladziecna	BY	54.317	26.854
malaga	ES	36.72	-4.42
malakal	SS	9.533	31.66
malambo	CO	10.86	-74.774
malang	ID	-7.98	112.63
malanje	AO	-9.54	16.341
malanville	BJ	11.868	3.383
malapatan	PH	5.969	125.289
malappuram	IN	11.042	76.082
malard	IR	35.666	50.977
malatia sebastia	AM	40.174	44.446
malatya	TR	38.35	38.317
malaybalay	PH	8.158	125.128
malayer	IR	34.302	48.822
malda	IN	25.004	88.146
malden	US	42.425	-71.066
maldonado	UY	-34.898	-54.95
male	MV	4.175	73.509
malegaon	IN	20.55	74.535
malemba	CD	-10.378	24.545
maler kotla	IN	30.531	75.879
malgobek	RU	43.511	44.591
mali	CN	34.665	104.698
malianzhuang	CN	37.075	120.463
malilipot	PH	13.319	123.739
malindi	KE	-3.218	40.117
malingao	PH	7.161	124.475
malingshan	CN	34.204	118.356
malir cantonment	PK	24.943	67.206
malita	PH	6.415	125.612
malkajgiri	IN	17.448	78.526
malkapur	IN	20.886	76.199
mallawi	EG	27.733	30.841
malmesbury	ZA	-33.461	18.727
malmo	SE	55.606	13.001
malmoe	SE	55.606	13.001
malolos	PH	14.844	120.81
malout	IN	30.211	74.482
maltepe	TR	40.936	29.155
malumfashi	NG	11.789	7.621
malungun	PH	6.279	125.282
malur	IN	13.003	77.938
malvern	CA	43.809	-79.223
mamanguape	BR	-6.839	-35.126
mamatid	PH	14.235	121.159
mamou	GN	10.375	-12.091
mamoudzou	YT	-12.782	45.229
mampong	GH	7.063	-1.4
man	CI	7.413	-7.554
man gyongdae ri	KP	38.992	125.659
manacapuru	BR	-3.3	-60.621
manacor	ES	39.57	3.21
manado	ID	1.482	124.849
managua	NI	12.133	-86.25
manakara	MG	-22.149	48.011
manama	BH	26.228	50.586
manaoag	PH	16.044	120.486
manapparai	IN	10.608	78.426
manas	KG	40.945	72.993
manassas	US	38.751	-77.475
manaung	MM	18.855	93.729
manaus	BR	-3.102	-60.025
manavgat	TR	36.787	31.441
manbij	SY	36.528	37.955
mancherial	IN	18.871	79.429
manchester	GB	53.481	-2.237
manchester	US	42.996	-71.455
mandalay	MM	21.975	96.084
mandaluyong	PH	14.578	121.035
mandaluyong city	PH	14.583	121.041
mandamarri	IN	18.965	79.475
mandapeta	IN	16.863	81.929
mandaqui	BR	-23.459	-46.641
mandaue city	PH	10.324	123.922
mandela	GH	5.552	-0.339
mandera	KE	3.937	41.857
mandeville	JM	18.042	-77.507
mandi bahauddin	PK	32.587	73.491
mandi dabwali	IN	29.966	74.7
mandideep	IN	23.082	77.533
mandimba	MZ	-14.352	35.651
mandla	IN	22.599	80.371
mandoli	IN	28.703	77.31
mandsaur	IN	24.072	75.07
mandurah	AU	-32.527	115.722
mandvi	IN	22.833	69.352
mandya	IN	12.522	76.897
maneah	GN	9.733	-13.417
maner	IN	25.646	84.873
manfalut	EG	27.313	30.97
manfredonia	IT	41.631	15.919
mangai	CD	-4.023	19.534
mangalagiri	IN	16.431	80.568
mangaldan	PH	16.07	120.403
mangaluru	IN	12.917	74.856
mangaratiba	BR	-22.96	-44.041
mangbwalu	CD	1.945	30.039
mangina	CD	0.604	29.31
manglaur	IN	29.791	77.878
mango	IN	22.828	86.216
mangochi	MW	-14.478	35.264
mangrol	IN	21.123	70.115
mangshi	CN	24.453	98.57
manhattan	US	40.783	-73.966
manhica	MZ	-25.402	32.807
manhuacu	BR	-20.258	-42.034
manica	MZ	-18.934	32.876
manicaragua	CU	22.15	-79.979
manicore	BR	-5.809	-61.3
manikganj	BD	23.858	90.01
manila	PH	14.604	120.982
manisa	TR	38.612	27.426
maniwa	JP	35.106	133.72
manizales	CO	5.067	-75.507
manjeri	IN	11.12	76.12
manjhand	PK	25.908	68.237
manjo	CM	4.843	9.822
mankato	US	44.159	-94.009
mankesim	GH	5.272	-1.015
mankhul	AE	25.246	55.292
mankweng	ZA	-23.884	29.706
manmad	IN	20.253	74.438
mannarakkat	IN	10.992	76.464
mannargudi	IN	10.666	79.451
mannheim	DE	49.489	8.467
manokwari	ID	-0.863	134.064
manolo fortich	PH	8.37	124.864
manono	CD	-7.299	27.399
manp o	KP	41.155	126.289
manresa	ES	41.728	1.824
mansa	IN	29.988	75.402
mansa	ZM	-11.2	28.894
mansehra	PK	34.33	73.197
mansfield	GB	53.133	-1.2
mansfield	US	32.563	-97.142
mansilingan	PH	10.631	122.979
mansoura	DZ	34.862	-1.339
manta	EC	-0.949	-80.731
mantampay	PH	8.167	124.217
manteca	US	37.797	-121.216
mantes la jolie	FR	48.99	1.717
mantilla	CU	23.068	-82.341
manukau city	NZ	-36.993	174.88
manurewa	NZ	-37.018	174.88
manvi	IN	15.991	77.05
manzanillo	CU	20.342	-77.119
manzanillo	MX	19.117	-104.342
manzhouli	CN	49.6	117.433
manzini	SZ	-26.499	31.38
mao	DO	19.549	-71.078
mao	TD	14.123	15.312
maocun	CN	34.377	117.251
maoming	CN	21.666	110.914
maozhou	CN	22.764	113.813
mapinga	TZ	-6.6	39.067
maple grove	US	45.072	-93.456
maple ridge	CA	49.219	-122.602
maplewood	US	44.953	-92.995
mappilaiurani	IN	8.836	78.135
mapusa	IN	15.592	73.809
maputo	MZ	-25.966	32.583
maputsoe	LS	-28.887	27.899
maqin county	CN	34.474	100.245
maquela do zombo	AO	-6.057	15.11
mar del plata	AR	-38.0	-57.556
mar del tuyu	AR	-36.574	-56.694
mar ino	RU	55.65	37.717
maraba	BR	-5.381	-49.132
maracaibo	VE	10.642	-71.611
maracaju	BR	-21.614	-55.168
maracanau	BR	-3.877	-38.626
maracay	VE	10.25	-67.595
maradi	NE	13.5	7.102
maradu	IN	9.937	76.324
maragheh	IR	37.392	46.239
maragogipe	BR	-12.778	-38.919
maragondon	PH	14.273	120.738
maraimalainagar	IN	12.798	80.025
maramag	PH	7.763	125.005
maran	MY	3.586	102.773
marana	US	32.437	-111.225
marand	IR	38.433	45.775
maranguape	BR	-3.891	-38.686
marano di napoli	IT	40.897	14.188
marau	BR	-28.449	-52.2
marawi city	PH	8.003	124.284
marbella	ES	36.515	-4.886
marburg an der lahn	DE	50.809	8.771
marcianise	IT	41.031	14.299
marcory	CI	5.312	-3.994
mardan	PK	34.198	72.05
mardin	TR	37.313	40.744
marechal candido rondon	BR	-24.556	-54.057
marechal deodoro	BR	-9.71	-35.895
marg ilon	UZ	40.472	71.725
margahayukencana	ID	-6.971	107.567
margareten	AT	48.185	16.354
margate	GB	51.381	1.386
margate	US	26.245	-80.206
marhanets	UA	47.631	34.624
mariana	BR	-20.378	-43.416
marianao	CU	23.074	-82.43
mariano	PH	8.833	125.117
mariano roque alonso	PY	-25.208	-57.532
mariara	VE	10.295	-67.718
maribor	SI	46.556	15.646
marica	BR	-22.919	-42.819
maricopa	US	33.058	-112.048
mariendorf	DE	52.438	13.381
marienthal	DE	53.567	10.083
marietta	US	33.953	-84.55
mariinsk	RU	56.21	87.732
marikina city	PH	14.648	121.113
marilao	PH	14.758	120.948
marilia	BR	-22.214	-49.946
marine parade	SG	1.303	103.908
maringa	BR	-23.425	-51.939
marinilla	CO	6.174	-75.336
marino	IT	41.77	12.659
marituba	BR	-1.355	-48.342
mariupol	UA	47.095	37.541
marivan	IR	35.518	46.183
mariveles	PH	14.434	120.486
marj al hamam	JO	31.903	35.846
marka	SO	1.716	44.772
markala	ML	13.684	-6.074
markapur	IN	15.735	79.268
markham	CA	43.867	-79.266
markisches viertel	DE	52.598	13.358
marl	DE	51.657	7.09
marlboro	US	40.315	-74.246
marne la vallee	FR	48.836	2.642
maroantsetra	MG	-15.435	49.738
marondera	ZW	-18.185	31.552
maroua	CM	10.591	14.316
marousi	GR	38.05	23.8
marovoay	MG	-16.111	46.644
marrakesh	MA	31.634	-8.0
marromeu	MZ	-18.291	35.945
marsa matruh	EG	31.353	27.237
marsala	IT	37.799	12.437
marseille	FR	43.297	5.381
marseille 01	FR	43.298	5.384
marseille 03	FR	43.303	5.376
marseille 04	FR	43.302	5.401
marseille 05	FR	43.296	5.401
marseille 06	FR	43.288	5.379
marseille 08	FR	43.271	5.382
marseille 09	FR	43.254	5.406
marseille 10	FR	43.279	5.415
marseille 11	FR	43.291	5.438
marseille 12	FR	43.296	5.436
marseille 13	FR	43.319	5.408
marseille 14	FR	43.344	5.38
marseille 15	FR	43.372	5.354
martaban	MM	16.528	97.616
martapura	ID	-3.411	114.864
martigues	FR	43.407	5.055
martil	MA	35.617	-5.275
martin	SK	49.067	18.924
martinez de la torre	MX	20.071	-97.061
marudi	MY	4.183	114.317
marugame	JP	34.283	133.783
maruobara	JP	34.739	138.143
marvdasht	IR	29.874	52.803
mary	TM	37.594	61.83
marysville	US	48.052	-122.177
maryvale	US	33.502	-112.178
marzahn	DE	52.545	13.57
masagua	GT	14.203	-90.848
masai	MY	1.491	103.879
masaka	UG	-0.334	31.734
masalani	KE	-1.694	40.17
masan	KR	35.127	126.831
masantol	PH	14.896	120.709
masasi	TZ	-10.717	38.8
masaurhi buzurg	IN	25.354	85.032
masaya	NI	11.973	-86.096
masbate	PH	12.372	123.625
mascara	DZ	35.397	0.14
maseru	LS	-29.317	27.483
mashhad	IR	36.298	59.606
mashtul as suq	EG	30.361	31.378
masi manimba	CD	-4.775	17.891
masina	CD	-4.384	15.391
masindi	UG	1.674	31.715
masinloc	PH	15.536	119.95
masjed soleyman	IR	31.936	49.304
maspeth	US	40.723	-73.913
massa	IT	44.035	10.139
massiogo	ML	10.306	-6.11
mastaga	AZ	40.53	50.006
masuda	JP	34.667	131.85
masumbwe	TZ	-3.633	32.183
masvingo	ZW	-20.064	30.828
mata de sao joao	BR	-12.53	-38.299
matadi	CD	-5.839	13.463
matagalpa	NI	12.928	-85.919
matala	AO	-14.733	15.035
matamoros	MX	25.527	-103.228
matanzas	CU	23.044	-81.583
matao	BR	-21.603	-48.366
matara	LK	5.949	80.535
mataram	ID	-8.583	116.117
mataro	ES	41.542	2.445
matay	EG	28.419	30.779
mateare	NI	12.235	-86.428
matehuala	MX	23.648	-100.643
matera	IT	40.666	16.605
mathura	IN	27.503	77.672
mati	PH	6.955	126.217
matilda estate	SG	1.399	103.903
matli	PK	25.043	68.656
matola	MZ	-25.962	32.459
matsubara	JP	34.567	135.55
matsudo	JP	35.78	139.901
matsue	JP	35.483	133.05
matsulu	ZA	-25.523	31.357
matsumoto	JP	36.233	137.967
matsusaka	JP	34.579	136.537
matsuto	JP	36.517	136.567
matsuyama	JP	33.839	132.766
mattanur	IN	11.93	75.572
matuga	KE	-4.168	39.571
maturin	VE	9.746	-63.183
mau	IN	25.942	83.561
maua	BR	-23.668	-46.461
mauban	PH	14.191	121.731
maubin	MM	16.731	95.654
maues	BR	-3.384	-57.719
maulavi bazar	BD	24.489	91.771
maumere	ID	-8.62	122.211
maun	BW	-19.983	23.417
mauriti	BR	-7.389	-38.774
mawana	IN	29.103	77.922
mawlai mawiong	IN	25.623	91.882
mawlaik	MM	23.643	94.405
mawlamyine	MM	16.491	97.628
maxixe	MZ	-23.86	35.347
may pen	JM	17.965	-77.245
mayagueez	PR	18.201	-67.14
mayaguez	PR	18.201	-67.14
maych ew	ET	12.787	39.542
mayiladuthurai	IN	11.104	79.655
maykop	RU	44.608	40.102
maymana	AF	35.921	64.784
mayyanad	IN	8.837	76.645
mazabuka	ZM	-15.856	27.748
mazar e sharif	AF	36.709	67.111
mazara del vallo	IT	37.655	12.59
mazatenango	GT	14.534	-91.503
mazatlan	MX	23.222	-106.419
mazyr	BY	52.042	29.216
mbabane	SZ	-26.317	31.133
mbake	SN	14.79	-15.908
mbala	ZM	-8.84	31.366
mbale	KE	0.082	34.721
mbale	UG	1.082	34.175
mbalmayo	CM	3.517	11.5
mbandaka	CD	0.049	18.26
mbanga	CM	4.502	9.567
mbanza kongo	AO	-6.267	14.238
mbanza ngungu	CD	-5.258	14.858
mbarara	UG	-0.605	30.649
mbera	MR	15.856	-5.791
mbeya	TZ	-8.9	33.45
mbinga	TZ	-10.933	35.017
mbombela	ZA	-25.475	30.969
mboro	SN	15.141	-16.887
mbouda	CM	5.626	10.254
mbour	SN	14.422	-16.964
mbuguni	TZ	-3.567	36.95
mbuji mayi	CD	-6.136	23.59
mbulu	TZ	-3.85	35.533
mcallen	US	26.203	-98.23
mckinney	US	33.198	-96.615
mclean	US	38.934	-77.177
mdantsane	ZA	-32.933	27.777
mdiq	MA	35.683	-5.329
meads	US	38.413	-82.709
meagui	CI	5.412	-6.56
meaux	FR	48.96	2.879
mechelen	BE	51.026	4.478
mecheria	DZ	33.545	-0.281
medak	IN	18.045	78.261
medan	ID	3.583	98.667
meddappakkam	IN	12.917	80.194
medea	DZ	36.264	2.754
medellin	CO	6.245	-75.572
medemblik	NL	52.772	5.106
medenine	TN	33.355	10.505
medford	US	42.327	-122.876
medgidia	RO	44.25	28.283
medianeira	BR	-25.295	-54.094
medias	RO	46.167	24.35
medicine hat	CA	50.039	-110.677
medina estates	GH	5.666	-0.163
medininagar	IN	24.04	84.066
medinipur	IN	22.421	87.323
meerbusch	DE	51.253	6.688
meerut	IN	28.98	77.706
meftah	DZ	36.62	3.222
megion	RU	61.034	76.107
meguro	JP	35.632	139.702
mehana	NE	14.394	1.134
mehestan	IR	35.989	50.745
mehkar	IN	20.151	76.568
mei foo	HK	22.337	114.139
meiderich	DE	51.467	6.767
meidling	AT	48.167	16.333
meiganga	CM	6.517	14.3
meihekou	CN	42.529	125.679
meikle earnock	GB	55.75	-4.033
meiktila	MM	20.878	95.858
meishan	CN	30.044	103.837
meizhou	CN	24.289	116.118
mejicanos	SV	13.724	-89.188
mek ele	ET	13.497	39.475
mek i	ET	8.15	38.817
meknes	MA	33.894	-5.547
melati	ID	-7.733	110.367
melbourne	AU	-37.814	144.963
melbourne	US	28.084	-80.608
melbourne city centre	AU	-37.815	144.967
meleuz	RU	52.965	55.933
melilla	ES	35.294	-2.938
melipilla	CL	-33.689	-71.215
melitopol	UA	46.847	35.382
melle	DE	52.202	8.338
mellit	SD	14.133	25.55
melmadai	IN	9.926	78.15
melo	UY	-32.368	-54.164
melong	CM	5.122	9.961
melur	IN	10.032	78.339
memari	IN	23.176	88.097
memmingen	DE	47.984	10.185
memphis	US	35.15	-90.049
mendaha	ID	-1.016	103.593
menden	DE	51.443	7.778
mendip	GB	51.237	-2.627
mendoza	AR	-32.889	-68.846
mene grande	VE	9.846	-70.927
menemen	TR	38.608	27.069
mengcheng chengguanzhen	CN	33.266	116.566
menghuan	CN	24.435	98.584
menglang	CN	22.562	99.91
mengmao	CN	24.001	97.865
mengyin	CN	35.707	117.926
mengzi	CN	23.368	103.382
menifee	US	33.728	-117.146
menongue	AO	-14.659	17.691
mentakab	MY	3.485	102.348
mentor	US	41.666	-81.34
mentougou	CN	39.938	116.093
menzel bourguiba	TN	37.154	9.786
mer awi	ET	11.417	37.167
merano	IT	46.668	11.16
merauke	ID	-8.5	140.406
merced	US	37.302	-120.483
mercedes	AR	-34.651	-59.431
mercedes	PH	14.109	123.011
mercedes	UY	-33.252	-58.03
mercier hochelaga maisonneuve	CA	45.572	-73.546
merelani	TZ	-3.562	36.979
merida	ES	38.918	-6.343
merida	MX	20.967	-89.623
merida	VE	8.579	-71.169
meriden	US	41.538	-72.807
meridian	US	43.612	-116.392
merignac	FR	44.842	-0.645
merkezefendi	TR	37.805	29.042
merksem	BE	51.246	4.449
merlo	AR	-34.665	-58.727
merouana	DZ	35.631	5.912
mersin	TR	36.812	34.639
merta	IN	26.649	74.034
merter keresteciler	TR	41.013	28.886
merthyr tydfil	GB	51.748	-3.378
mertoyudan	ID	-7.52	110.226
meru	KE	0.046	37.656
merzifon	TR	40.873	35.463
mesa	US	33.422	-111.823
meshgin shahr	IR	38.399	47.682
meshkin dasht	IR	35.75	50.944
mesquite	US	32.767	-96.599
messaad	DZ	34.154	3.503
messina	IT	38.194	15.553
mestre	IT	45.492	12.245
metairie	US	29.984	-90.153
metairie terrace	US	29.979	-90.164
methuen	US	42.726	-71.191
metpalle	IN	18.847	78.626
metro	ID	-5.113	105.307
metrogorodok	RU	55.81	37.787
metrotown	CA	49.225	-123.0
mettupalayam	IN	11.3	76.935
mettur	IN	11.788	77.801
metu	ET	8.3	35.583
metz	FR	49.119	6.173
meudon	FR	48.814	2.235
meulaboh	ID	4.144	96.127
mexicali	MX	32.628	-115.454
mexico	PH	15.065	120.72
mexico city	MX	19.428	-99.128
meybod	IR	32.25	54.017
meycauayan	PH	14.737	120.961
mezhdurechensk	RU	53.69	88.062
mhow	IN	22.559	75.765
miabi	CD	-6.221	23.393
miami	US	25.774	-80.194
miami beach	US	25.791	-80.13
miami gardens	US	25.942	-80.246
mian channun	PK	30.441	72.357
miandoab	IR	36.967	46.11
mianeh	IR	37.421	47.715
mianwali	PK	32.578	71.528
mianyang	CN	31.468	104.682
mianzhu  deyang  sichuan	CN	31.338	104.221
miaohang	CN	31.325	121.44
miaojie	CN	25.312	100.28
miaoli	TW	24.564	120.824
miass	RU	55.046	60.108
micheng	CN	25.343	100.487
michurinsk	RU	52.908	40.482
mid city	US	34.041	-118.361
middelburg	NL	51.5	3.614
middelburg	ZA	-25.775	29.465
middlesbrough	GB	54.576	-1.235
middleton	GB	53.55	-2.2
middletown	US	40.394	-74.117
midelt	MA	32.685	-4.745
midland	US	31.997	-102.078
midori	JP	36.445	139.284
midrand	ZA	-25.976	28.118
midsayap	PH	7.191	124.53
midwest city	US	35.45	-97.397
midyat	TR	37.419	41.339
mielec	PL	50.287	21.424
mieres	ES	43.25	-5.767
migori	KE	-1.063	34.473
miguel hidalgo	MX	19.434	-99.2
mihara	JP	34.4	133.083
mihe	CN	36.621	118.529
mijas	ES	36.596	-4.637
mikhaylovka	RU	50.062	43.233
mikhaylovsk	RU	45.131	42.027
miki	JP	34.8	134.983
mikkeli	FI	61.689	27.272
mila	DZ	36.45	6.264
milagro	EC	-2.134	-79.593
milan	IT	45.464	9.19
milas	TR	37.316	27.784
milavittan	IN	8.819	78.091
milford	US	41.222	-73.056
miliana	DZ	36.306	2.225
millcreek	US	40.687	-111.875
milpitas	US	37.428	-121.907
milton	CA	43.517	-79.883
milton keynes	GB	52.042	-0.756
milwaukee	US	43.039	-87.906
minab	IR	27.131	57.087
minami alps	JP	35.616	138.463
minami soma	JP	37.629	140.979
minamiarupusu	JP	35.609	138.465
minamiashigara	JP	35.319	139.11
minamiawaji	JP	34.274	134.775
minamirinkan	JP	35.495	139.443
minamishimabara	JP	32.673	130.267
minamiuonuma	JP	37.083	138.874
minatitlan	MX	18.0	-94.557
minato	JP	34.215	135.15
minato city	JP	35.658	139.751
minbu	MM	20.181	94.876
minchinabad	PK	30.164	73.569
mindelo	CV	16.89	-24.98
minden	DE	52.29	8.915
mineiros	BR	-17.569	-52.551
mineralnye vody	RU	44.21	43.135
mingachevir	AZ	40.764	47.062
mingala tangnyunt	MM	16.789	96.172
mingaladon	MM	16.924	96.098
mingcun	CN	36.754	119.641
minggang	CN	32.459	114.049
mingguang	CN	32.78	117.964
minglanilla	PH	10.245	123.796
mingora	PK	34.779	72.363
mingshui	CN	36.717	117.5
minhang	CN	31.109	121.375
minna	NG	9.615	6.548
minneapolis	US	44.98	-93.264
minnetonka	US	44.913	-93.503
minnetonka mills	US	44.941	-93.442
minoh	JP	34.827	135.471
minokamo	JP	35.482	137.022
minot	US	48.233	-101.296
minsk	BY	53.9	27.567
minusinsk	RU	53.701	91.708
minya	EG	28.092	30.758
minya al qamh	EG	30.516	31.346
minyat an nasr	EG	31.126	31.643
mira mesa	US	32.916	-117.144
mirafiori nord	IT	45.042	7.628
miraflores	PE	-12.113	-77.033
miragoane	HT	18.446	-73.09
miramar	MX	22.361	-97.9
miramar	US	25.987	-80.232
miranda	CO	3.25	-76.228
mirassol	BR	-20.819	-49.521
mirdif	AE	25.224	55.414
miri	MY	4.399	113.992
mirny	RU	62.535	113.961
mirpur khas	PK	25.528	69.013
mirpur mathelo	PK	28.021	69.549
mirpur model thana	BD	23.809	90.361
miryalaguda	IN	16.872	79.562
miryang	KR	35.493	128.749
mirzapur	BD	24.103	90.098
mirzapur	IN	25.145	82.565
misato  saitama	JP	35.844	139.883
misawa	JP	40.687	141.39
mishan	CN	45.55	131.883
mishawaka	US	41.662	-86.159
mishima	JP	35.117	138.917
miskolc	HU	48.103	20.778
mislata	ES	39.475	-0.418
misratah	LY	32.375	15.093
misserete	BJ	6.559	2.591
mission	CA	49.133	-122.303
mission	US	26.216	-98.325
mission district	US	37.76	-122.419
mission viejo	US	33.6	-117.672
mississauga	CA	43.579	-79.658
missoula	US	46.872	-113.994
missouri city	US	29.619	-95.538
misterbianco	IT	37.518	15.009
mit ghamr	EG	30.715	31.259
mit salsil	EG	31.168	31.801
mitcham	GB	51.403	-0.168
mithepur	IN	28.497	77.319
mithi	PK	24.737	69.797
mito	JP	36.35	140.45
mitoyo	JP	34.211	133.675
mitrovice	XK	42.883	20.867
mitsukaido	JP	36.017	139.983
mitsuke	JP	37.533	138.933
mitte	DE	52.52	13.405
mityana	UG	0.417	32.023
miura	JP	35.14	139.619
mixco	GT	14.631	-90.607
miyako	JP	39.647	141.941
miyakojima	JP	24.79	125.311
miyakonojo	JP	31.733	131.067
miyang	CN	24.404	103.443
miyazaki	JP	31.917	131.417
miyoshi	JP	35.09	137.09
mizan teferi	ET	6.999	35.589
mizuho	JP	35.394	136.669
mizusawa	JP	39.133	141.133
mkhuhlu	ZA	-24.988	31.238
mkushi	ZM	-13.62	29.394
mlada boleslav	CZ	50.411	14.903
mlolongo	KE	-1.396	36.94
mlowo	TZ	-9.0	32.983
mmabatho	ZA	-25.85	25.633
mnihla	TN	36.848	10.111
moa	CU	20.658	-74.951
moabit	DE	52.526	13.339
moanda	CD	-5.928	12.371
moanda	GA	-1.567	13.199
moatize	MZ	-16.115	33.729
mobara	JP	35.426	140.296
mobarakeh	IR	32.346	51.502
mobile	US	30.694	-88.043
moca	DO	19.393	-70.523
mochudi	BW	-24.417	26.15
mocimboa da praia	MZ	-11.352	40.352
mocoa	CO	1.153	-76.652
mococa	BR	-21.468	-47.005
mocuba	MZ	-16.837	36.986
modakeke	NG	7.383	4.26
modasa	IN	23.463	73.299
model town	PK	31.481	74.326
modena	IT	44.648	10.925
modesto	US	37.639	-120.997
modi in makkabbim re ut	IL	31.894	35.015
modica	IT	36.859	14.76
modiin ilit	IL	31.932	35.044
modimolle	ZA	-24.7	28.4
modinagar	IN	28.831	77.573
moelndal	SE	57.655	12.014
moema	BR	-23.595	-46.664
moenchengladbach	DE	51.185	6.442
moeng la	MM	21.671	100.013
moeng yang	MM	21.848	99.677
moers	DE	51.453	6.633
moga	IN	30.814	75.169
mogadishu	SO	2.037	45.344
mogi das cruzes	BR	-23.523	-46.188
mogi guacu	BR	-22.368	-46.946
mogi mirim	BR	-22.432	-46.958
mogoditshane	BW	-24.627	25.866
mogok	MM	22.918	96.51
mohale s hoek	LS	-30.151	27.477
mohali	IN	30.68	76.722
mohammad shahr	IR	35.763	50.917
mohammadia	DZ	35.589	0.069
mohammadiyeh	IR	36.224	50.182
mohammadpur	BD	24.898	88.528
mohammed bin zayed city	AE	24.348	54.554
mohammedia	MA	33.686	-7.383
mojo	ET	8.587	39.121
mojokerto	ID	-7.466	112.434
moju	BR	-1.884	-48.769
mokameh	IN	25.397	85.922
moknine	TN	35.633	10.9
mokolo	CM	10.742	13.802
mokopane	ZA	-24.194	29.01
mokotow	PL	52.193	21.035
mokpo	KR	34.813	126.392
molarband	IN	28.503	77.314
molenbeek saint jean	BE	50.85	4.312
molepolole	BW	-24.407	25.495
molfetta	IT	41.2	16.599
molina	CL	-35.114	-71.282
molina de segura	ES	38.055	-1.208
moline	US	41.507	-90.515
mollet del valles	ES	41.54	2.213
molndal	SE	57.655	12.014
molo	KE	-0.248	35.732
molodizhne	UA	49.15	33.431
mombasa	KE	-4.055	39.664
mon repos	TT	10.28	-61.446
monapo	MZ	-14.917	40.302
monastir	TN	35.778	10.826
moncalieri	IT	44.999	7.682
monchegorsk	RU	67.94	32.874
monchengladbach	DE	51.185	6.442
moncloa aravaca	ES	40.435	-3.732
monclova	MX	26.907	-101.421
moncton	CA	46.095	-64.796
mondlo	ZA	-27.983	30.718
mong cai	VN	21.525	107.966
mong kok	HK	22.319	114.171
mong la	MM	21.671	100.013
mong yang	MM	21.848	99.677
mongagua	BR	-24.093	-46.621
mongo	TD	12.185	18.688
mongu	ZM	-15.248	23.127
monheim am rhein	DE	51.092	6.892
monkayo	PH	7.815	126.054
monroe	US	32.509	-92.119
monrovia	LR	6.301	-10.797
mons	BE	50.454	3.952
monsanto	PT	39.462	-8.712
montana	BG	43.413	23.222
montauban	FR	44.018	1.354
monte alegre	BR	-2.001	-54.081
monte alto	BR	-21.261	-48.496
monte carmelo	BR	-18.725	-47.499
monte chingolo	AR	-34.73	-58.354
monte mor	BR	-22.947	-47.316
monte rosello	IT	40.735	8.568
monte santo	BR	-10.438	-39.333
montebello	US	34.009	-118.105
montego bay	JM	18.471	-77.919
montelibano	CO	7.979	-75.42
montemorelos	MX	25.189	-99.829
montenegro	BR	-29.689	-51.461
montenegro	CO	4.566	-75.75
montepuez	MZ	-13.126	39.0
monterey park	US	34.063	-118.123
monteria	CO	8.751	-75.878
montero	BO	-17.339	-63.251
monterrey	MX	25.684	-100.317
montes claros	BR	-16.735	-43.862
montesilvano	IT	42.511	14.145
montevideo	UY	-34.903	-56.188
montgomery	US	32.367	-86.3
montlucon	FR	46.34	2.603
montpellier	FR	43.611	3.876
montreal	CA	45.509	-73.588
montreal nord	CA	45.602	-73.631
montreuil	FR	48.864	2.443
monywa	MM	22.109	95.136
monza	IT	45.58	9.272
monze	ZM	-16.271	27.477
mooca	BR	-23.561	-46.596
mooka	JP	36.433	140.017
moonniyur	IN	11.06	75.903
moore	US	35.34	-97.487
moorhead	US	46.874	-96.77
mopti	ML	14.484	-4.183
moquegua	PE	-17.197	-70.936
mora	CM	11.046	14.14
morada nova	BR	-5.107	-38.373
moradabad	IN	28.839	78.777
moramanga	MG	-18.949	48.23
morar	IN	26.226	78.225
moratalaz	ES	40.407	-3.649
moratuwa	LK	6.773	79.882
morden	GB	51.398	-0.198
morecambe	GB	54.068	-2.861
morelia	MX	19.701	-101.184
morena	IN	26.499	77.995
moreno	AR	-34.634	-58.791
moreno	BR	-8.119	-35.092
moreno valley	US	33.938	-117.231
morgan hill	US	37.13	-121.654
moriguchi	JP	34.733	135.567
morioka	JP	39.7	141.15
moriya	JP	35.933	140.0
moriyama	JP	35.067	135.983
morley	GB	53.74	-1.599
mormugao	IN	15.389	73.815
morningside heights	US	40.81	-73.963
moro	PK	26.663	68.0
morogoro	TZ	-6.821	37.661
moroleon	MX	20.13	-101.191
moron	AR	-34.651	-58.622
moron	CU	22.109	-78.627
moron	VE	10.487	-68.201
morondava	MG	-20.289	44.318
morong	PH	14.518	121.238
moroni	KM	-11.702	43.255
morowa	JP	35.1	137.067
morrinhos	BR	-17.731	-49.099
morris heights	US	40.85	-73.92
morshansk	RU	53.443	41.811
morumbi	BR	-23.596	-46.708
morvi	IN	22.817	70.838
moscow	RU	55.752	37.618
moshi	TZ	-3.35	37.333
mosquera	CO	4.706	-74.23
moss	NO	59.434	10.658
mossamedes	AO	-15.196	12.152
mossel bay	ZA	-34.183	22.146
mossoro	BR	-5.188	-37.344
most	CZ	50.503	13.636
mostaganem	DZ	35.931	0.089
mostar	BA	43.343	17.808
mostoles	ES	40.322	-3.865
mosul	IQ	36.335	43.119
mot a	ET	11.083	37.867
mothihari	IN	26.649	84.917
motijheel	BD	23.728	90.419
motril	ES	36.751	-3.518
mott haven	US	40.809	-73.923
mouila	GA	-1.868	11.056
moundou	TD	8.574	16.077
mount laurel	US	39.934	-74.891
mount pleasant	US	32.794	-79.863
mount prospect	US	42.066	-87.937
mount vernon	US	40.913	-73.837
mountain view	US	37.386	-122.084
mouscron	BE	50.745	3.206
moyale	KE	3.527	39.056
moyobamba	PE	-6.034	-76.974
mozambique	MZ	-15.035	40.734
mozdok	RU	43.74	44.652
mozhga	RU	56.446	52.216
mpanda	BI	-3.17	29.403
mpanda	TZ	-6.344	31.07
mpigi	UG	0.225	32.314
mpika	ZM	-11.834	31.453
mpondwe	UG	0.04	29.725
mpulungu	ZM	-8.762	31.114
mpumalanga	ZA	-29.813	30.636
mrirt	MA	33.164	-5.567
msaken	TN	35.729	10.581
msalatah	LY	32.583	14.036
mthatha	ZA	-31.589	28.784
mtsensk	RU	53.279	36.58
mtwapa	KE	-3.939	39.749
mtwara	TZ	-10.267	40.183
mu se	MM	23.997	97.901
muadamiyat al sham	SY	33.465	36.202
muan	KR	34.99	126.479
muana	BR	-1.528	-49.217
muar	MY	2.044	102.569
muara teweh	ID	-0.947	114.896
mubarakpur	IN	26.089	83.291
mubende	UG	0.558	31.395
mubi	NG	10.269	13.267
mucuri	BR	-18.086	-39.551
mudanjiang	CN	44.548	129.626
mudhol	IN	16.334	75.283
mudon	MM	16.256	97.725
mudu	CN	31.256	120.519
mueang nonthaburi	TH	13.861	100.515
muelheim	DE	51.432	6.88
muenster	DE	51.962	7.626
mufulira	ZM	-12.55	28.241
mugla	TR	37.218	28.366
muhanga	RW	-2.023	29.707
mui ne	VN	10.933	108.283
mujiayingzi	CN	42.117	118.783
mukachevo	UA	48.442	22.718
mukalla	YE	14.542	49.124
mukandpur	IN	28.739	77.183
mukdahan	TH	16.545	104.724
mukim pulai	MY	1.533	103.667
muko	JP	34.965	135.704
mukono	UG	0.353	32.755
muktsar	IN	30.474	74.517
mulbagal	IN	13.164	78.393
mulenvos	AO	-8.867	13.334
mulheim	DE	51.432	6.88
mulhouse	FR	47.752	7.329
muling	CN	44.916	130.517
mulongo	CD	-7.835	26.999
multan	PK	30.197	71.478
mulugu	IN	18.191	79.943
mumbai	IN	19.073	72.883
mumbwa	ZM	-14.983	27.062
mumias	KE	0.335	34.488
munakata	JP	33.796	130.559
muncar	ID	-8.433	114.333
muncie	US	40.193	-85.386
mundka	IN	28.68	77.03
munger	IN	25.375	86.475
mungyeong	KR	36.595	128.199
munich	DE	48.137	11.575
munnar	IN	10.088	77.062
munoz	PH	15.716	120.903
munsan	KR	37.859	126.785
munster	DE	51.962	7.626
muntilan	ID	-7.581	110.293
muntinlupa	PH	14.39	121.047
munuf	EG	30.466	30.932
muradnagar	IN	28.781	77.499
murakami	JP	38.233	139.483
murang a	KE	-0.721	37.153
muratpasa	TR	36.892	30.765
murcia	ES	37.987	-1.13
murfreesboro	US	35.846	-86.39
muriae	BR	-21.131	-42.366
muricay	PH	7.827	123.478
muridke	PK	31.803	74.258
murmansk	RU	68.968	33.099
murom	RU	55.569	42.024
muroran	JP	42.317	140.988
murray	US	40.667	-111.888
murrieta	US	33.554	-117.214
murtajapur	IN	20.733	77.367
murwara	IN	23.838	80.394
mus	TR	38.732	41.485
musaffah	AE	24.359	54.483
musanze	RW	-1.5	29.635
musashimurayama	JP	35.742	139.426
musashino	JP	35.706	139.559
muscat	OM	23.584	58.408
mushie	CD	-3.017	16.922
mushin	NG	6.528	3.354
musina	ZA	-22.349	30.041
musoma	TZ	-1.5	33.8
mustafabad	IN	28.72	77.268
mustafabad	PK	30.892	73.499
mustafakemalpasa	TR	40.038	28.409
mustamae	EE	59.405	24.681
mustamaee	EE	59.405	24.681
mut	TR	36.644	33.439
mutang	CN	19.808	109.345
mutare	ZW	-18.971	32.671
mutengene	CM	4.091	9.314
mutsu	JP	41.289	141.217
mutubas	EG	31.294	30.522
muyuka	CM	4.29	9.41
muzaffarabad	PK	34.37	73.471
muzaffargarh	PK	30.073	71.194
muzaffarnagar	IN	29.471	77.703
muzaffarpur	IN	26.123	85.391
mwala	KE	-1.353	37.455
mwandege	TZ	-6.976	39.289
mwanza	TZ	-2.517	32.9
mweka	CD	-4.852	21.559
mwene	CD	-9.817	22.87
mwene ditu	CD	-7.009	23.453
my drarga	MA	30.377	-9.473
my hao	VN	20.917	106.083
my tho	VN	10.36	106.36
myanaung	MM	18.287	95.32
myaungmya	MM	16.599	94.921
myawaddy	MM	16.689	98.509
myaydo	MM	19.368	95.215
myeik	MM	12.44	98.6
myingyan	MM	21.46	95.388
myitkyina	MM	25.383	97.396
mykilska borshchahivka	UA	50.426	30.374
mykolayiv	UA	46.976	31.993
mykytivskyi	UA	48.314	38.004
mymensingh	BD	24.756	90.406
myongch on	KP	41.071	129.429
myonggan dong	KP	41.137	129.495
myrnohrad	UA	48.31	37.265
myski	RU	53.716	87.797
myslowice	PL	50.207	19.167
mysuru	IN	12.298	76.639
mysłowice	PL	50.207	19.167
mytishchi	RU	55.911	37.73
mzuzu	MW	-11.466	34.021
n dalatando	AO	-9.298	14.912
n djamena	TD	12.107	15.044
na di	TH	14.116	101.782
nabari	JP	34.617	136.083
nabaruh	EG	31.098	31.303
nabatiye et tahta	LB	33.379	35.484
naberezhnyye chelny	RU	55.737	52.42
nabeul	TN	36.456	10.738
nabha	IN	30.376	76.153
nabire	ID	-3.36	135.501
nablus	PS	32.221	35.254
nacala	MZ	-14.563	40.685
nada	CN	19.521	109.579
nadapuram	IN	11.685	75.655
nadi	FJ	-17.803	177.416
nadiad	IN	22.694	72.862
nador	MA	35.168	-2.934
nadym	RU	65.533	72.517
naeso	KR	35.25	128.52
naestved	DK	55.23	11.761
nag hammadi	EG	26.049	32.241
naga	PH	13.619	123.181
nagahama	JP	35.383	136.267
nagakute	JP	35.173	137.057
nagano	JP	36.65	138.183
nagaoka	JP	37.45	138.85
nagaon	IN	26.35	92.667
nagapattinam	IN	10.764	79.843
nagar naluakot	BD	24.156	90.773
nagareyama	JP	35.856	139.903
nagari	IN	13.321	79.586
nagarpur	BD	24.058	89.877
nagasaki	JP	32.75	129.883
nagaur	IN	27.202	73.734
nagda	IN	23.458	75.418
nagercoil	IN	8.179	77.432
nageswari	BD	25.968	89.692
nagina	IN	29.444	78.436
nago	JP	26.615	127.985
nagornyy	RU	55.65	37.617
nagoya	JP	35.181	136.906
nagpur	IN	21.146	79.085
nagykanizsa	HU	46.453	16.991
naha	JP	26.213	127.679
nahariyya	IL	33.009	35.098
nahavand	IR	34.191	48.374
nahiyat al iskandariyah	IQ	32.887	44.346
naic	PH	14.318	120.766
naihati	IN	22.894	88.415
naila	IN	22.021	82.567
naini tal	IN	29.397	79.447
nairobi	KE	-1.283	36.817
naivasha	KE	-0.714	36.433
najaf	IQ	32.026	44.346
najafabad	IR	32.635	51.365
najafgarh	IN	28.609	76.98
najibabad	IN	29.612	78.343
najran	SA	17.493	44.128
naju	KR	35.029	126.718
naka	JP	36.05	140.167
nakama	JP	33.817	130.71
nakano	JP	35.704	139.669
nakatogari	JP	35.135	138.903
nakatsu	JP	33.598	131.188
nakatsugawa	JP	35.483	137.5
nakhodka	RU	42.844	132.918
nakhon pathom	TH	13.82	100.044
nakhon ratchasima	TH	14.971	102.102
nakhon sawan	TH	15.705	100.137
nakhon si thammarat	TH	8.433	99.967
nakivale refugee camp	UG	-0.741	30.996
nakonde	ZM	-9.342	32.745
naksalbari	IN	26.683	88.22
nakuru	KE	-0.307	36.072
nalchik	RU	43.498	43.619
nalgonda	IN	17.054	79.267
naliang	CN	21.667	107.867
nallur	IN	11.1	77.391
nam cheong	HK	22.328	114.154
nam gjinh	VN	20.434	106.177
nam đinh	VN	20.434	106.177
namakkal	IN	11.221	78.165
namalombwe	ZM	-15.391	28.19
namangan	UZ	40.998	71.673
namanyere	TZ	-7.517	31.05
nametil	MZ	-15.72	39.343
namp o	KP	38.737	125.408
nampa	US	43.541	-116.563
nampula	MZ	-15.116	39.267
namur	BE	50.467	4.867
namyang nodongjagu	KP	42.954	129.857
namyangju	KR	37.637	127.214
nanaimo	CA	49.166	-123.94
nanao	JP	37.048	136.968
nanbin	CN	29.999	108.109
nanchang	CN	28.684	115.853
nanchong	CN	30.795	106.085
nanchuan	CN	29.152	107.103
nancun	CN	36.533	120.134
nancy	FR	48.684	6.185
nandajie	CN	29.338	105.892
nanded	IN	19.16	77.315
nandikotkur	IN	15.857	78.266
nanding	CN	36.748	118.056
nandu	CN	22.852	110.823
nandura	IN	20.834	76.459
nandurbar	IN	21.367	74.241
nandyal	IN	15.478	78.484
nanfeng	CN	23.727	111.797
nangal	IN	31.39	76.376
nangen	KR	35.41	127.386
nangloi jat	IN	28.68	77.068
nangong	CN	37.355	115.389
nanhai	CN	23.022	113.143
nanhu	CN	35.488	119.346
nani daman	IN	20.414	72.832
nanjangud	IN	12.118	76.684
nanjian	CN	25.045	100.514
nanjin	CN	29.985	106.265
nanjing	CN	32.062	118.778
nanjo	JP	26.144	127.767
nankana sahib	PK	31.45	73.707
nankoku	JP	33.569	133.649
nanlong	CN	31.353	106.063
nanma	CN	36.185	118.155
nanmen	CN	30.962	108.243
nannambra	IN	10.992	75.908
nanning	CN	22.817	108.317
nanpara	IN	27.865	81.5
nanpeng	CN	29.335	106.652
nanpiao	CN	41.098	120.748
nanping	CN	26.645	118.174
nanqiao	CN	30.916	121.449
nansana	UG	0.364	32.529
nanshu	CN	37.02	120.337
nansio	TZ	-2.133	33.05
nantai	CN	40.924	122.804
nanterre	FR	48.892	2.207
nantes	FR	47.217	-1.553
nanto	JP	36.513	136.894
nanto shi	JP	36.569	136.912
nantong	CN	32.03	120.875
nantou	CN	22.722	113.293
nantou	TW	23.916	120.664
nanxi	CN	28.842	104.98
nanyang	CN	33.005	112.547
nanyuki	KE	0.006	37.074
nanzhang chengguanzhen	CN	31.784	111.828
nanzhou	CN	29.364	112.407
napa	US	38.297	-122.286
naperville	US	41.786	-88.147
napier	NZ	-39.493	176.912
naples	IT	40.852	14.268
naqadeh	IR	36.955	45.388
nara shi	JP	34.685	135.805
narail	BD	23.155	89.495
narasapur	IN	16.434	81.698
narasaraopet	IN	16.235	80.049
narashino	JP	35.682	140.042
narathiwat	TH	6.426	101.823
narayanganj	BD	23.614	90.503
narayanpet	IN	16.748	77.495
narbonne	FR	43.184	3.001
narela	IN	28.853	77.093
narita	JP	35.783	140.317
narkatiaganj	IN	27.104	84.462
narmadapuram	IN	22.747	77.727
narnaul	IN	28.044	76.108
naro fominsk	RU	55.388	36.733
narok	KE	-1.081	35.871
narowal	PK	32.102	74.873
narsimhapur	IN	22.949	79.184
narsingdi	BD	23.923	90.718
narutocho mitsuishi	JP	34.199	134.609
narva	EE	59.377	28.19
narwana	IN	29.599	76.119
naryn	KG	41.428	75.996
nashik	IN	19.997	73.791
nashua	US	42.765	-71.468
nashville	US	36.166	-86.784
nasim shahr	IR	35.565	51.163
nasimshahr	IR	35.565	51.158
nasinu	FJ	-18.071	178.513
nasirabad	IN	26.305	74.734
nasiriyah	IQ	31.058	46.257
nassau	BS	25.058	-77.343
nasugbu	PH	14.067	120.632
nasushiobara	JP	36.977	140.066
natal	BR	-5.795	-35.209
natanz	IR	33.511	51.918
nathdwara	IN	24.938	73.824
national city	US	32.678	-117.099
natitingou	BJ	10.304	1.38
natore	BD	24.411	88.987
natori shi	JP	38.167	140.883
naucalpan de juarez	MX	19.479	-99.24
naugachhia	IN	25.388	87.099
naushahra virkan	PK	31.963	73.971
navadwip	IN	23.407	88.369
navegantes	AO	-12.59	13.391
navegantes	BR	-26.899	-48.654
navi mumbai	IN	19.037	73.016
navirai	BR	-23.065	-54.191
navoiy	UZ	40.084	65.379
navojoa	MX	27.071	-109.443
navotas	PH	14.667	120.95
navsari	IN	20.942	72.925
nawa	SY	32.886	36.039
nawabganj	BD	24.59	88.274
nawabganj	IN	26.931	81.198
nawabshah	PK	26.239	68.404
nawada	IN	24.887	85.544
nawalgarh	IN	27.852	75.274
nawanshahr	IN	31.125	76.116
naxcivan	AZ	39.209	45.412
naxcıvan	AZ	39.209	45.412
naxi	CN	28.774	105.365
nay pyi taw	MM	19.745	96.13
naya gaon	IN	30.775	76.793
nayf	AE	25.271	55.303
nayudupet	IN	13.907	79.895
nazarabad	IR	35.954	50.606
nazareth	IL	32.701	35.297
nazarovo	RU	56.011	90.417
naze	JP	28.367	129.483
nazerat  illit	IL	32.708	35.325
nazilli	TR	37.916	28.322
nazran	RU	43.226	44.773
nazret	ET	8.55	39.267
nchelenge	ZM	-9.345	28.734
ndera	RW	-1.95	30.17
ndola	ZM	-12.959	28.637
ndop	CM	5.988	10.439
nea ionia	GR	38.036	23.757
nea smyrni	GR	37.945	23.714
near north side	US	41.9	-87.635
neath	GB	51.663	-3.804
nebbi	UG	2.478	31.089
necochea	AR	-38.554	-58.74
nedumangad	IN	8.603	77.001
neelankarai	IN	12.95	80.259
nefas mewch a	ET	11.733	38.467
neftekamsk	RU	56.089	54.264
nefteyugansk	RU	61.1	72.603
negage	AO	-7.759	15.272
negara	ID	-8.357	114.617
negele	ET	5.317	39.583
negombo	LK	7.208	79.836
nehe	CN	48.479	124.87
neihu	TW	25.081	121.588
neijiang	CN	29.584	105.062
neili	TW	24.973	121.261
neiva	CO	2.93	-75.28
nek emte	ET	9.083	36.55
neka	IR	36.651	53.299
nellikkuppam	IN	11.776	79.67
nellore	IN	14.45	79.987
nelson	NZ	-41.271	173.284
nema	MR	16.617	-7.256
nemby	PY	-25.395	-57.536
nemyshlyanskyi	UA	49.964	36.334
nenjiang	CN	49.174	125.22
nepalgunj	NP	28.05	81.617
nepean	CA	45.336	-75.722
nerkunram	IN	13.062	80.209
nerupperichchal	IN	11.161	77.374
neryungri	RU	56.658	124.725
ness ziona	IL	31.929	34.799
netanya	IL	32.333	34.859
netivot	IL	31.423	34.589
netrakona	BD	24.884	90.729
nettetal	DE	51.317	6.283
nettuno	IT	41.458	12.664
neu hohenschoenhausen	DE	52.567	13.513
neu hohenschonhausen	DE	52.567	13.513
neu ulm	DE	48.393	10.011
neubrandenburg	DE	53.557	13.261
neubruck	DE	51.134	6.639
neubrueck	DE	51.134	6.639
neue neustadt	DE	52.15	11.633
neuilly sur seine	FR	48.885	2.27
neukoelln	DE	52.477	13.431
neukolln	DE	52.477	13.431
neumuenster	DE	54.074	9.985
neumunster	DE	54.074	9.985
neunkirchen	DE	49.344	7.18
neuquen	AR	-38.951	-68.059
neuss	DE	51.198	6.685
neustadt am rubenberge	DE	52.505	9.459
neustadt am ruebenberge	DE	52.505	9.459
neustadt an der weinstrasse	DE	49.35	8.139
neustadt an der weinstraße	DE	49.35	8.139
neuwied	DE	50.434	7.471
nevers	FR	46.99	3.159
nevinnomyssk	RU	44.633	41.944
nevsehir	TR	38.625	34.712
new bedford	US	41.635	-70.927
new braunfels	US	29.703	-98.124
new britain	US	41.661	-72.78
new brunswick	US	40.486	-74.452
new cairo	EG	30.03	31.47
new city	US	41.808	-87.656
new delhi	IN	28.621	77.215
new halfa	SD	15.33	35.599
new haven	US	41.308	-72.928
new kingston	JM	18.007	-76.783
new mirpur city	PK	33.148	73.752
new orleans	US	29.955	-90.075
new plymouth	NZ	-39.067	174.083
new rochelle	US	40.911	-73.782
new south memphis	US	35.087	-90.057
new taipei city	TW	25.062	121.457
new territories	HK	22.424	114.111
new westminster	CA	49.207	-122.911
new york city	US	40.714	-74.006
newark	US	40.736	-74.172
newark on trent	GB	53.067	-0.817
newburn	GB	54.988	-1.744
newcastle	AU	-32.93	151.78
newcastle	ZA	-27.758	29.932
newcastle under lyme	GB	53.0	-2.233
newcastle upon tyne	GB	54.973	-1.614
newmarket	CA	44.05	-79.466
newport	GB	51.588	-2.998
newport beach	US	33.619	-117.929
newport news	US	36.98	-76.43
newton	CA	49.133	-122.85
newton	US	42.337	-71.209
newtownabbey	GB	54.66	-5.909
neyagawa	JP	34.766	135.628
neyriz	IR	29.199	54.328
neyshabur	IR	36.213	58.796
neyveli	IN	11.609	79.499
neyyattinkara	IN	8.399	77.086
nga bay	VN	9.814	105.821
nga nam	VN	9.565	105.599
nga son	VN	20.007	105.97
nganjuk	ID	-7.605	111.903
ngaoundal	CM	6.5	13.267
ngaoundere	CM	7.328	13.585
nghi son	VN	19.327	105.821
nghia gjo	VN	21.05	105.8
nghia lo	VN	21.6	104.517
nghia đo	VN	21.05	105.8
ngong	KE	-1.353	36.67
ngozi	BI	-2.908	29.831
nguekhokh	SN	14.513	-17.004
nguru	NG	12.877	10.455
nha trang	VN	12.245	109.194
nia valencia	PH	7.906	125.094
niagara falls	CA	43.1	-79.066
niagara falls	US	43.094	-79.057
niah	MY	3.862	113.715
niakoul rab	SN	14.784	-17.274
niamey	NE	13.514	2.11
nianbo	CN	36.48	102.416
nianzhuang	CN	34.297	117.772
nianzishan	CN	47.513	122.888
nibong tebal	MY	5.166	100.478
nicastro	IT	38.971	16.313
nice	FR	43.703	7.266
nichelino	IT	45.0	7.653
nichinan	JP	31.6	131.367
nicolas romero	MX	19.642	-99.307
nicosia	CY	35.173	33.354
nidadavole	IN	16.906	81.672
niendorf	DE	53.618	9.95
nieuwegein	NL	52.029	5.081
nigde	TR	37.966	34.679
nigel	ZA	-26.431	28.477
nihammatsu	JP	35.373	139.392
nihommatsu	JP	37.583	140.433
nihtaur	IN	29.324	78.387
niigata	JP	37.923	139.041
niihama	JP	33.96	133.305
niitsu honcho	JP	37.8	139.122
niiza	JP	35.821	139.558
nijmegen	NL	51.843	5.853
nikaia	GR	37.967	23.65
nikki	BJ	9.94	3.211
nikko	JP	36.75	139.617
nikol skoye	RU	55.683	37.483
nikopol	UA	47.568	34.391
niksar	TR	40.592	36.952
niksic	ME	42.773	18.944
nilambur	IN	11.273	76.226
nilithi	IN	28.652	77.056
nilopolis	BR	-22.808	-43.414
niluefer	TR	40.214	28.916
nilufer	TR	40.214	28.916
nimach	IN	24.459	74.866
nimbahera	IN	24.622	74.68
nimes	FR	43.837	4.358
ning er	CN	23.041	101.037
ningbo	CN	29.878	121.549
ningde	CN	26.662	119.523
ningdong	CN	38.161	106.585
ninghai	CN	29.289	121.425
ningyang	CN	35.764	116.791
ninh hoa	VN	12.492	109.125
nioki	CD	-2.72	17.69
nioko i	BF	12.395	-1.439
niono	ML	14.251	-5.987
nioro	ML	15.231	-9.594
niort	FR	46.323	-0.459
nipani	IN	16.399	74.383
nippes	DE	50.965	6.953
nirgua	VE	10.15	-68.565
nirmal	IN	19.097	78.344
nis	RS	43.325	21.903
nishi tokyo shi	JP	35.725	139.538
nishifukuma	JP	33.766	130.475
nishinomiya	JP	34.716	135.332
nishio	JP	34.867	137.05
nisshin	JP	35.137	137.052
niteroi	BR	-22.883	-43.104
nithari	IN	28.705	77.053
nitra	SK	48.308	18.085
nizamabad	IN	18.672	78.099
nizhnekamsk	RU	55.638	51.815
nizhnevartovsk	RU	60.934	76.553
nizhniy novgorod	RU	56.329	44.002
nizhny tagil	RU	57.919	59.965
nizhyn	UA	51.048	31.888
nizip	TR	37.01	37.794
nizwa	OM	22.933	57.533
njala	SL	8.232	-12.016
njeru	UG	0.442	33.179
njombe	TZ	-9.349	34.772
njoro	KE	-0.33	35.944
nkawkaw	GH	6.546	-0.763
nkayi	CG	-4.184	13.286
nkongsamba	CM	4.955	9.94
nkowakowa	ZA	-23.888	30.287
nkpor	NG	6.15	6.83
nkwerre	NG	5.759	7.104
nnewi	NG	6.02	6.917
nobeoka	JP	32.583	131.667
noblesville	US	40.046	-86.009
noboribetsu	JP	42.452	141.179
nocera inferiore	IT	40.745	14.645
noda	JP	35.949	139.868
nogales	MX	31.309	-110.942
nogata	JP	33.741	130.723
noginsk	RU	55.865	38.449
nogoya	AR	-32.394	-59.79
nohar	IN	29.183	74.771
noida	IN	28.58	77.33
noisy le grand	FR	48.85	2.563
nokha	IN	27.562	73.471
nomimachi	JP	36.41	136.485
nong chok	TH	13.856	100.862
nong khae	TH	14.34	100.867
nong khaem	TH	13.706	100.349
nong khai	TH	17.878	102.742
nong prue	TH	14.608	99.458
nongzhang	CN	24.616	97.882
nonoichi	JP	36.533	136.617
nonsan	KR	36.204	127.085
noord	NL	52.391	4.91
nor nork	AM	40.197	44.567
norala	PH	6.522	124.659
norderstedt	DE	53.702	9.993
nordhausen	DE	51.502	10.796
nordhorn	DE	52.431	7.068
norfolk	US	36.847	-76.285
norfolk county	CA	42.833	-80.383
norilsk	RU	69.353	88.203
normal	US	40.514	-88.991
norman	US	35.223	-97.439
norrkoeping	SE	58.594	16.183
norrkoping	SE	58.594	16.183
north bay	CA	46.317	-79.466
north bergen	US	40.804	-74.012
north bethesda	US	39.045	-77.119
north brunswick	US	40.454	-74.482
north charleston	US	32.855	-79.975
north chicopee	US	42.183	-72.6
north delta	CA	49.167	-122.917
north highlands	US	38.686	-121.372
north hills	US	34.236	-118.485
north hollywood	US	34.172	-118.379
north la crosse	US	43.846	-91.248
north lakhimpur	IN	27.235	94.104
north las vegas	US	36.199	-115.118
north lauderdale	US	26.217	-80.226
north little rock	US	34.77	-92.267
north miami	US	25.89	-80.187
north miami beach	US	25.933	-80.163
north peoria	US	40.718	-89.584
north port	US	27.044	-82.236
north richland hills	US	32.834	-97.229
north shore	NZ	-36.8	174.75
north stamford	US	41.138	-73.543
north vancouver	CA	49.316	-123.069
northampton	GB	52.25	-0.883
northridge	US	34.228	-118.537
northwich	GB	53.259	-2.52
norton	ZW	-17.883	30.7
norwalk	US	33.902	-118.082
norwich	GB	52.628	1.298
norzagaray	PH	14.911	121.049
noshiro	JP	40.208	140.027
nossa senhora de fatima	CN	22.208	113.548
nossa senhora do socorro	BR	-10.855	-37.126
notre dame de grace	CA	45.477	-73.614
nottingham	GB	52.954	-1.15
nou barris	ES	41.442	2.177
nouadhibou	MR	20.942	-17.038
nouakchott	MR	18.086	-15.979
noumea	NC	-22.274	166.449
nova andradina	BR	-22.233	-53.343
nova darnytsya	UA	50.424	30.656
nova friburgo	BR	-22.282	-42.531
nova iguacu	BR	-22.759	-43.451
nova kakhovka	UA	46.76	33.356
nova lima	BR	-19.986	-43.847
nova mutum	BR	-13.829	-56.082
nova odessa	BR	-22.777	-47.296
nova serrana	BR	-19.876	-44.984
nova venecia	BR	-18.711	-40.401
nova vicosa	BR	-17.892	-39.372
nova vida	AO	-8.906	13.222
nova zabudova	UA	50.428	30.515
novara	IT	45.447	8.621
novato	US	38.107	-122.57
novaya balakhna	RU	56.49	43.601
noveleta	PH	14.429	120.88
novena	SG	1.317	103.844
novi	US	42.481	-83.475
novi beograd	RS	44.806	20.424
novi pazar	RS	43.137	20.512
novi sad	RS	45.252	19.837
novo gama	BR	-16.059	-48.039
novo hamburgo	BR	-29.678	-51.131
novo peredelkino	RU	55.645	37.336
novo repartimento	BR	-4.331	-49.796
novoaltaysk	RU	53.414	83.941
novobavarskyi	UA	49.951	36.165
novocheboksarsk	RU	56.111	47.478
novocherkassk	RU	47.422	40.094
novodvinsk	RU	64.416	40.817
novogireyevo	RU	55.755	37.818
novokhovrino	RU	55.867	37.5
novokuybyshevsk	RU	53.097	49.94
novokuz minki	RU	55.717	37.783
novokuznetsk	RU	53.758	87.136
novomoskovsk	RU	54.011	38.291
novopolotsk	BY	55.526	28.593
novorossiysk	RU	44.732	37.762
novoshakhtinsk	RU	47.76	39.933
novosibirsk	RU	55.023	82.932
novotroitsk	RU	51.201	58.313
novoural sk	RU	57.255	60.091
novovladykino	RU	55.85	37.583
novovolynsk	UA	50.729	24.16
novozavodskyi	UA	51.489	31.256
novozybkov	RU	52.537	31.937
novyi lviv	UA	49.815	24.032
novyy turtkul	UZ	41.55	61.017
novyy urengoy	RU	66.083	76.633
novyye cheremushki	RU	55.7	37.583
novyye kuz minki	RU	55.7	37.75
nowa sol	PL	51.803	15.717
nowgong	IN	25.061	79.441
nowrangapur	IN	19.231	82.548
nowshahr	IR	36.649	51.496
nowshera kalan	PK	34.019	71.974
nowy sacz	PL	49.622	20.697
noyabrsk	RU	63.193	75.437
nsawam	GH	5.809	-0.35
nsukka	NG	6.858	7.396
ntoum	GA	0.391	9.761
ntuzuma	ZA	-29.739	30.949
nueva guinea	NI	11.688	-84.456
nueve de julio	AR	-35.444	-60.885
nuevitas	CU	21.544	-77.265
nuevo casas grandes	MX	30.416	-107.912
nuevo laredo	MX	27.476	-99.516
nui thanh	VN	15.432	108.659
nukus	UZ	42.459	59.606
numan	NG	9.464	12.031
numancia	ES	40.4	-3.659
numata	JP	36.633	139.05
numazu	JP	35.1	138.867
nuneaton	GB	52.523	-1.465
nungua	GH	5.601	-0.077
nunoa	CL	-33.447	-70.583
nunukan	ID	4.138	117.651
nurabad	IR	34.073	47.972
nuremberg	DE	49.454	11.078
nurmijaervi	FI	60.464	24.807
nurmijarvi	FI	60.464	24.807
nurtingen	DE	48.626	9.342
nusantara	ID	-0.973	116.709
nusaybin	TR	37.07	41.215
nushki	PK	29.552	66.023
nutana sector	CA	52.1	-106.637
nuzvid	IN	16.789	80.846
nyagan	RU	62.141	65.394
nyagatare	RW	-1.295	30.323
nyala	SD	12.049	24.881
nyaung	MM	16.835	96.088
nyaung u	MM	21.201	94.908
nyaungdon	MM	17.045	95.64
nyaunglebin	MM	17.954	96.722
nyeri	KE	-0.42	36.948
nyingchi	CN	29.649	94.355
nyiregyhaza	HU	47.955	21.717
nysa	PL	50.474	17.334
nyunzu	CD	-5.956	28.016
nyvky	UA	50.465	30.406
nyzhnodniprovsk	UA	48.475	35.117
nzagi	AO	-8.385	15.301
nzega	TZ	-4.217	33.183
nzerekore	GN	7.756	-8.818
næstved	DK	55.23	11.761
o fallon	US	38.811	-90.7
o mon	VN	10.11	105.623
oak lawn	US	41.711	-87.758
oak park	US	41.885	-87.784
oakland	US	37.804	-122.271
oakland park	US	26.172	-80.132
oakville	CA	43.45	-79.683
oami	JP	35.517	140.317
oamishirasato	JP	35.512	140.353
oas	PH	13.259	123.496
oaxaca	MX	17.06	-96.725
obala	CM	4.167	11.533
obalende	NG	6.447	3.415
obando	PH	14.71	120.936
obera	AR	-27.487	-55.12
oberhausen	DE	51.478	6.862
oberursel	DE	50.207	8.577
obidos	BR	-1.917	-55.518
obihiro	JP	42.917	143.204
obita	JP	32.817	129.883
obninsk	RU	55.11	36.612
obolon	UA	50.513	30.506
obonoma	NG	4.711	6.791
obra	IN	24.419	82.988
obruchevo	RU	55.659	37.523
obu	JP	35.018	136.949
obuase	GH	6.202	-1.668
obukhovo	RU	59.844	30.451
ocala	US	29.187	-82.14
ocana	CO	8.238	-73.356
oceanside	US	33.196	-117.379
ochakovo matveyevskoye	RU	55.684	37.447
ochota	PL	52.221	20.985
ocoee	US	28.569	-81.544
ocosingo	MX	16.906	-92.093
ocotlan	MX	20.351	-102.768
ocumare del tuy	VE	10.118	-66.775
odate	JP	40.272	140.558
odawara	JP	35.256	139.16
ode	NG	7.79	5.712
odemis	TR	38.228	27.97
odendaalsrus	ZA	-27.874	26.691
odense	DK	55.396	10.388
odesa	UA	46.486	30.744
odessa	US	31.846	-102.368
odienne	CI	9.505	-7.564
odintsovo	RU	55.67	37.277
odivelas	PT	38.793	-9.184
oedemis	TR	38.228	27.97
oerebro	SE	59.274	15.207
oestersund	SE	63.179	14.636
offa	NG	8.149	4.721
offenbach	DE	50.101	8.766
offenburg	DE	48.474	7.945
ogaki	JP	35.35	136.617
ogaminana	NG	7.594	6.218
ogawa	JP	34.967	136.967
ogbomoso	NG	8.134	4.24
ogden	US	41.223	-111.974
ogi	JP	33.28	130.195
ogori	JP	33.387	130.549
ohafia ifigh	NG	5.615	7.812
ohligs	DE	51.15	7.0
ohrid	MK	41.117	20.802
oi	JP	35.851	139.52
oita	JP	33.233	131.6
ojima	JP	35.689	139.833
ojo de agua	MX	19.68	-99.01
okara	PK	30.81	73.452
okaya	JP	36.057	138.045
okayama	JP	34.65	133.933
okazaki	JP	34.95	137.167
okcheon	KR	36.301	127.568
oke kan	MM	16.853	96.066
oke mesi	NG	7.817	4.917
okegawa	JP	36.0	139.557
okene	NG	7.551	6.236
okha	IN	22.468	69.07
okhtyrka	UA	50.309	34.895
okigwe	NG	5.829	7.351
okinawa	JP	26.336	127.801
okino	JP	32.87	130.792
oklahoma city	US	35.468	-97.516
okrika	NG	4.742	7.084
oktyabrsky	RU	54.481	53.471
oku	CM	6.25	10.433
okubo naka	JP	34.404	135.341
ol kalou	KE	-0.271	36.379
olanchito	HN	15.481	-86.574
olathe	US	38.881	-94.819
olavanna	IN	11.218	75.832
olavarria	AR	-36.894	-60.323
olbia	IT	40.923	9.498
oldenburg	DE	53.14	8.215
oldham	GB	53.541	-2.118
oleksandrivskyi	UA	47.968	37.803
oleksandriya	UA	48.675	33.118
oleksiyivka	UA	50.045	36.193
olimpia	BR	-20.737	-48.915
olinda	BR	-8.009	-34.855
olival	PT	38.771	-9.25
oliveira	BR	-20.696	-44.827
olmaliq	UZ	40.845	69.598
olomouc	CZ	49.596	17.252
olongapo	PH	14.829	120.283
olsztyn	PL	53.784	20.493
oltinko l	UZ	43.069	58.904
olupona	NG	7.6	4.193
olympia	US	47.045	-122.902
omaha	US	41.256	-95.94
omdurman	SD	15.645	32.478
ome	JP	35.784	139.243
omidiyeh	IR	30.763	49.702
omihachiman	JP	35.129	136.098
omitama	JP	36.254	140.38
omoa	HN	15.776	-88.038
omsk	RU	54.992	73.369
omura	JP	32.921	129.954
omuta	JP	33.033	130.45
ondjiva	AO	-17.067	15.733
ondo	NG	7.093	4.835
ongata rongai	KE	-1.395	36.764
ongjin	KP	37.935	125.362
ongole	IN	15.504	80.045
onitsha	NG	6.15	6.786
ono	JP	34.85	134.933
onoda	JP	34.001	131.184
onojo	JP	33.536	130.479
onomichi	JP	34.417	133.2
ontario	US	34.063	-117.651
oosterhout	NL	51.645	4.86
ooty	IN	11.413	76.695
opava	CZ	49.939	17.903
opole	PL	50.671	17.926
oradea	RO	47.046	21.918
orai	IN	25.99	79.453
oral	KZ	51.246	51.426
oran	DZ	35.699	-0.636
orang	KP	41.448	129.656
orange	AU	-33.284	149.1
orange	US	33.788	-117.853
orani	PH	14.801	120.537
oranienburg	DE	52.748	13.252
ordos	CN	39.609	109.782
ordu	TR	40.978	37.89
orebro	SE	59.274	15.207
orekhovo borisovo	RU	55.613	37.726
orekhovo borisovo severnoye	RU	55.617	37.683
orekhovo zuyevo	RU	55.812	38.992
orel	RU	52.969	36.079
orem	US	40.297	-111.695
orenburg	RU	51.767	55.099
orhangazi	TR	40.489	29.309
orihuela	ES	38.085	-0.944
orion	PH	14.621	120.582
orita eruwa	NG	7.556	3.441
orito	CO	0.667	-76.873
oriximina	BR	-1.766	-55.866
orizaba	MX	18.852	-97.1
orkney	ZA	-26.98	26.673
orland park	US	41.63	-87.854
orlando	US	28.538	-81.379
orleans	CA	45.457	-75.504
orleans	FR	47.902	1.904
ormoc	PH	11.006	124.608
ormond beach	US	29.286	-81.056
oro valley	US	32.391	-110.966
oroqen zizhiqi	CN	50.567	123.717
oroquieta	PH	8.486	123.805
orsha	BY	54.514	30.404
orsk	RU	51.232	58.488
orumiyeh	IR	37.553	45.076
oruro	BO	-17.972	-67.093
osaka	JP	34.694	135.501
osaki	JP	38.589	140.973
osan	KR	37.152	127.071
osasco	BR	-23.532	-46.792
osh	KG	40.528	72.799
oshakati	NA	-17.788	15.704
oshawa	CA	43.9	-78.85
oshkosh	US	44.025	-88.543
oshnaviyeh	IR	37.04	45.098
oshodi	NG	6.555	3.344
oshu	JP	39.139	141.168
osijek	HR	45.551	18.694
osinniki	RU	53.604	87.332
oslo	NO	59.913	10.746
osmaniye	TR	37.074	36.248
osnabruck	DE	52.273	8.05
osnabrueck	DE	52.273	8.05
osnovyanskyi	UA	49.937	36.241
osogbo	NG	7.771	4.557
osorio	BR	-29.887	-50.27
osorno	CL	-40.574	-73.133
oss	NL	51.765	5.518
ostankinskiy	RU	55.83	37.616
ostend	BE	51.216	2.927
ostersund	SE	63.179	14.636
ostrava	CZ	49.835	18.282
ostroleka	PL	53.086	21.576
ostrow wielkopolski	PL	51.655	17.807
ostrowiec swietokrzyski	PL	50.929	21.385
ostrołeka	PL	53.086	21.576
ostuncalco	GT	14.869	-91.621
osu	GH	5.557	-0.186
ota	JP	35.561	139.716
ota	NG	6.689	3.232
otaru	JP	43.189	141.002
otawara	JP	36.867	140.033
otofuke	JP	42.992	143.2
otradnyy	RU	53.376	51.345
otsu	JP	35.0	135.867
ottakring	AT	48.217	16.3
ottapalam	IN	10.774	76.378
ottawa	CA	45.411	-75.698
ottawa south	CA	45.392	-75.687
otwock	PL	52.106	21.261
ouagadougou	BF	12.366	-1.534
ouahigouya	BF	13.577	-2.418
ouangolodougou	CI	9.968	-5.149
ouargla	DZ	31.949	5.325
ouarzazate	MA	30.919	-6.893
oudtshoorn	ZA	-33.6	22.2
oued fodda	DZ	36.185	1.533
oued lill	TN	36.834	10.041
oued rhiou	DZ	35.961	0.919
oued zem	MA	32.863	-6.574
ouenza	DZ	35.953	8.129
ouesso	CG	1.614	16.052
ouezzane	MA	34.796	-5.578
ouidah	BJ	6.363	2.085
ouislane	MA	33.914	-5.49
oujda	MA	34.681	-1.909
oulad teima	MA	30.395	-9.209
ouled djellal	DZ	34.43	5.061
ouled moussa	DZ	36.684	3.367
oulu	FI	65.012	25.468
oum el bouaghi	DZ	35.875	7.114
oume	CI	6.383	-5.418
ourense	ES	42.337	-7.864
ouricuri	BR	-7.883	-40.082
ourinhos	BR	-22.979	-49.871
ouro preto	BR	-20.395	-43.505
ovalle	CL	-30.601	-71.199
overland park	US	38.982	-94.671
oviedo	ES	43.36	-5.845
owariasahi	JP	35.208	137.03
owendo	GA	0.291	9.505
owensboro	US	37.774	-87.113
owerri	NG	5.484	7.033
owo	NG	7.196	5.587
oxford	GB	51.752	-1.256
oxford circle	US	40.05	-75.072
oxnard	US	34.197	-119.177
oyama	JP	36.3	139.8
oyan	NG	8.05	4.767
oyem	GA	1.599	11.579
oyo	NG	7.854	3.932
ozamiz city	PH	8.148	123.841
ozar	IN	20.095	73.928
ozerki	RU	60.039	30.311
ozersk	RU	55.756	60.703
ozone park	US	40.677	-73.844
ozu	JP	33.5	132.55
ozubulu	NG	5.958	6.853
p yongsong	KP	39.246	125.872
paarl	ZA	-33.734	18.975
pabbi	PK	34.01	71.794
pabianice	PL	51.664	19.355
pabna	BD	24.006	89.237
pacaja	BR	-3.838	-50.638
pacajus	BR	-4.173	-38.461
pacatuba	BR	-3.984	-38.62
pachora	IN	20.667	75.353
pachuca de soto	MX	20.117	-98.733
paco	PH	14.588	120.993
paco do lumiar	BR	-2.532	-44.108
padalarang	ID	-6.838	107.473
padang	ID	-0.949	100.354
padang serai	MY	5.513	100.554
padangpanjang	ID	-0.456	100.405
padangsidempuan	ID	1.38	99.271
paderborn	DE	51.719	8.754
paderno dugnano	IT	45.569	9.165
padra	IN	22.24	73.085
padrauna	IN	26.904	83.981
padre hurtado	CL	-33.568	-70.806
padre las casas	CL	-38.761	-72.598
padua	IT	45.408	11.886
paech on up	KP	37.993	126.301
paek ak	KP	39.463	125.606
paernu	EE	58.386	24.497
pagadian	PH	7.826	123.437
pagar alam	ID	-4.025	103.247
pagbilao	PH	13.967	121.698
paghman	AF	34.588	68.951
pagoh	MY	2.15	102.77
paharpur	PK	32.105	70.971
paicandu	BR	-23.457	-52.049
paignton	GB	50.436	-3.568
pailou	CN	30.796	108.386
paine	CL	-33.808	-70.741
paisley	GB	55.832	-4.433
paita	PE	-5.089	-81.114
paithan	IN	19.475	75.386
pajok	SS	3.865	32.482
pak chong	TH	14.708	101.416
pak kret	TH	13.912	100.498
pakdasht	IR	35.479	51.683
pakenham	AU	-38.07	145.474
pakokku	MM	21.335	95.084
pakpattan	PK	30.343	73.389
pakse	LA	15.12	105.799
pakur	IN	24.639	87.842
pala	TD	9.365	14.907
palaio faliro	GR	37.928	23.701
palakkad	IN	10.773	76.654
palakollu	IN	16.517	81.73
palang	BD	23.218	90.351
palangkaraya	ID	-2.208	113.917
palani	IN	10.45	77.521
palanpur	IN	24.171	72.438
palapye	BW	-22.546	27.125
palasa	IN	18.773	84.41
palatine	US	42.11	-88.034
palembang	ID	-2.917	104.746
palencia	ES	42.01	-4.524
palenque	MX	17.509	-91.981
palermo	AR	-34.589	-58.431
palermo	IT	38.117	13.364
palghar	IN	19.697	72.765
palhoca	BR	-27.645	-48.668
pali	IN	25.773	73.323
palimanan	ID	-6.707	108.424
palin	GT	14.404	-90.697
palitana	IN	21.525	71.823
pallabi	BD	23.825	90.37
palladam	IN	10.992	77.286
pallavaram	IN	12.968	80.15
pallichal	IN	8.45	77.026
pallikal	IN	11.137	75.926
pallikaranai	IN	12.938	80.215
pallipalayam	IN	11.365	77.762
pallisa	UG	1.145	33.709
palm bay	US	28.034	-80.589
palm beach gardens	US	26.823	-80.139
palm coast	US	29.585	-81.208
palm desert	US	33.723	-116.377
palm harbor	US	28.078	-82.764
palm springs	US	33.83	-116.545
palma	ES	39.569	2.65
palma soriano	CU	20.211	-75.994
palmaner	IN	13.2	78.747
palmares	BR	-8.683	-35.592
palmas	BR	-10.167	-48.328
palmdale	US	34.579	-118.116
palmerston north	NZ	-40.356	175.611
palmira	CO	3.535	-76.298
palmira	VE	7.838	-72.228
palo alto	US	37.442	-122.143
palo negro	VE	10.174	-67.542
palomeras bajas	ES	40.385	-3.659
palomeras sureste	ES	40.385	-3.637
paloncha	IN	17.602	80.705
palopo	ID	-2.993	120.197
palpala	AR	-24.258	-65.214
paltan	BD	23.736	90.414
palu	ID	-0.908	119.871
palwal	IN	28.145	77.325
palwancha	IN	17.582	80.677
pamanukan	ID	-6.284	107.811
pamekasan	ID	-7.157	113.475
pameungpeuk	ID	-7.018	107.604
pammal	IN	12.975	80.135
pampan	VE	9.445	-70.476
pampatar	VE	11.001	-63.793
pamplona	CO	7.376	-72.648
pamplona	ES	42.817	-1.643
pamulang	ID	-6.343	106.738
pan an	CN	34.755	105.112
panabo	PH	7.308	125.684
panachikkad	IN	9.53	76.541
panalanoy	PH	11.251	125.006
panama city	PA	8.994	-79.52
panambi	BR	-28.293	-53.502
panauti	NP	27.585	85.521
pancevo	RS	44.872	20.642
panchagarh	BD	26.333	88.558
panchkula	IN	30.695	76.85
pandak	ID	-7.913	110.294
pandamaran	MY	3.011	101.421
pandeglang	ID	-6.308	106.107
pandharpur	IN	17.679	75.331
pandhurna	IN	21.596	78.526
pandi	PH	14.865	120.957
pandit deen dayal upadhyaya nagar	IN	25.283	83.12
panevezys	LT	55.732	24.36
pangkalanbuun	ID	-2.683	111.626
pangkalpinang	ID	-2.129	106.114
panguila	AO	-8.693	13.449
panihati	IN	22.691	88.374
panipat	IN	29.387	76.968
panipat taraf ansar	IN	29.412	76.955
panipat taraf makhdum zadgan	IN	29.416	76.988
paniqui	PH	15.669	120.581
panji	ID	-7.725	114.1
panjim	IN	15.496	73.826
panjin	CN	41.121	122.074
pankow	DE	52.569	13.402
panlong	CN	29.5	105.371
panlongcheng jingji kaifaqu	CN	30.693	114.271
panna	IN	24.721	80.188
pano aqil	PK	27.856	69.111
panruti	IN	11.777	79.553
panshan	CN	41.188	122.049
panshi	CN	42.937	126.057
pantin	FR	48.894	2.409
panuco	MX	22.054	-98.182
panvel	IN	18.989	73.11
panzhihua	CN	26.585	101.713
panzos	GT	15.399	-89.641
paombong	PH	14.831	120.789
paotana hat	BD	25.665	89.503
paoua	CF	7.243	16.441
paoy paet	KH	13.658	102.564
papantla de olarte	MX	20.447	-97.325
papatoetoe	NZ	-36.968	174.84
par naogaon	BD	24.804	88.949
para de minas	BR	-19.86	-44.608
paracambi	BR	-22.608	-43.709
paracatu	BR	-17.222	-46.875
paradip garh	IN	20.316	86.609
paradise	US	36.097	-115.147
paragominas	BR	-2.996	-47.355
paraguacu paulista	BR	-22.413	-50.576
paraiba do sul	BR	-22.158	-43.293
paraiso	MX	18.401	-93.214
paraiso do tocantins	BR	-10.176	-48.867
parakou	BJ	9.337	2.63
paralakhemundi	IN	18.776	84.095
paramagudi	IN	9.546	78.591
paramaribo	SR	5.866	-55.167
paramount	US	33.889	-118.16
parana	AR	-31.733	-60.529
paranagua	BR	-25.516	-48.525
paranaiba	BR	-19.677	-51.191
paranaque city	PH	14.482	121.017
paranavai	BR	-23.073	-52.465
parand	IR	35.472	50.975
parang	PH	7.37	124.27
paranhos	PT	41.173	-8.599
paranoa	BR	-15.776	-47.781
parasia	IN	22.191	78.759
parauapebas	BR	-6.067	-49.902
parbatipur	BD	25.664	88.931
parbhani	IN	19.269	76.771
pardes hanna karkur	IL	32.474	34.978
pardis	IR	35.747	51.812
pardubice	CZ	50.041	15.777
pare	ID	-7.768	112.198
parelheiros	BR	-23.828	-46.727
parella	IT	45.08	7.626
parepare	ID	-4.013	119.626
pariaguan	VE	8.844	-64.711
pariaman	ID	-0.619	100.12
parintins	BR	-2.628	-56.736
paris	FR	48.853	2.349
paris 05 pantheon	FR	48.845	2.347
paris 06 luxembourg	FR	48.849	2.33
paris 07 palais bourbon	FR	48.856	2.321
paris 09 opera	FR	48.872	2.34
paris 10 entrepot	FR	48.871	2.356
paris 10e arrondissement	FR	48.877	2.359
paris 11 popincourt	FR	48.857	2.38
paris 11e arrondissement	FR	48.858	2.38
paris 12 reuilly	FR	48.841	2.388
paris 12e arrondissement	FR	48.835	2.435
paris 13 gobelins	FR	48.832	2.356
paris 13e arrondissement	FR	48.826	2.36
paris 14 observatoire	FR	48.833	2.326
paris 15 vaugirard	FR	48.841	2.3
paris 16 passy	FR	48.864	2.277
paris 17 batignolles monceau	FR	48.883	2.322
paris 18 buttes montmartre	FR	48.892	2.344
paris 19 buttes chaumont	FR	48.882	2.382
paris 20 menilmontant	FR	48.865	2.398
parit	MY	4.483	100.917
parit sulung	MY	1.976	102.883
park slope	US	40.67	-73.986
parkchester	US	40.839	-73.86
parkent	UZ	41.294	69.676
parker	US	39.519	-104.761
parla	ES	40.236	-3.768
parli vaijnath	IN	18.851	76.532
parma	IT	44.799	10.326
parma	US	41.405	-81.723
parnaiba	BR	-2.905	-41.777
parnamirim	BR	-5.916	-35.263
parnas	RU	60.07	30.349
parnu	EE	58.386	24.497
parobe	BR	-29.629	-50.835
parque do carmo	BR	-23.576	-46.463
parsabad	IR	39.648	47.917
parsippany	US	40.858	-74.426
partizansk	RU	43.12	133.123
parung	ID	-6.421	106.733
parvatipuram	IN	18.784	83.426
parys	ZA	-26.903	27.457
pasadena	US	29.691	-95.209
pasaje	EC	-3.326	-79.807
pasarkemis	ID	-6.17	106.53
pasay	PH	14.537	121.001
pascani	RO	47.247	26.723
pasco	US	46.24	-119.101
paseh	ID	-7.068	107.794
pashkovskiy	RU	45.024	39.104
pasig city	PH	14.587	121.061
pasir gudang	MY	1.462	103.905
pasir mas	MY	6.049	102.14
pasir puteh	MY	5.833	102.4
pasir ris new town	SG	1.372	103.948
pasni	PK	25.263	63.469
paso de los libres	AR	-29.713	-57.088
pasrur	PK	32.263	74.663
passaic	US	40.857	-74.128
passau	DE	48.566	13.431
passi	PH	11.108	122.642
passo fundo	BR	-28.263	-52.407
passos	BR	-20.719	-46.61
pasto	CO	1.215	-77.278
pasuruan	ID	-7.645	112.907
pat heung	HK	22.446	114.092
patan	IN	23.851	72.13
patan	NP	27.677	85.314
patancheru	IN	17.533	78.264
paterna	ES	39.503	-0.441
paterno	IT	37.567	14.903
pateros	PH	14.539	121.073
paterson	US	40.917	-74.172
pathankot	IN	32.275	75.653
pathardih	IN	23.666	86.432
pathein	MM	16.779	94.732
pathum wan	TH	13.737	100.523
pati	ID	-6.756	111.038
patiala	IN	30.336	76.392
patiya	BD	22.295	91.979
patna	IN	25.594	85.136
patnos	TR	39.225	42.857
pato branco	BR	-26.229	-52.671
patos	BR	-7.024	-37.28
patos de minas	BR	-18.579	-46.518
patra	GR	38.246	21.735
patrocinio	BR	-18.944	-46.992
pattani	TH	6.868	101.25
pattaya	TH	12.933	100.883
patti	IN	31.281	74.858
pattoki	PK	31.02	73.853
pattukkottai	IN	10.424	79.319
patuakhali	BD	22.368	90.346
patulul	GT	14.423	-91.16
patuto	PH	14.117	120.967
patzcuaro	MX	19.513	-101.61
patzun	GT	14.682	-91.014
pau	FR	43.311	-0.356
paudalho	BR	-7.897	-35.18
paulinia	BR	-22.761	-47.154
paulista	BR	-7.941	-34.873
paulo afonso	BR	-9.406	-38.215
pavia	IT	45.192	9.159
pavlodar	KZ	52.276	76.969
pavlohrad	UA	48.532	35.869
pavlovo	RU	55.969	43.091
pavlovskiy posad	RU	55.782	38.65
pawtucket	US	41.879	-71.383
paya terubong	MY	5.373	100.28
payakumbuh	ID	-0.216	100.633
paysandu	UY	-32.317	-58.081
payyanur	IN	12.094	75.202
pazardzhik	BG	42.199	24.333
pazundaung	MM	16.796	96.175
peabody	US	42.528	-70.929
peachtree corners	US	33.97	-84.222
pearl city	US	21.397	-157.975
pearland	US	29.564	-95.286
pecangaan	ID	-6.698	110.711
pechersk	UA	50.444	30.523
pechora	RU	65.147	57.224
peckham	GB	51.474	-0.07
pecs	HU	46.076	18.228
peddapalli	IN	18.614	79.374
peddapuram	IN	17.077	82.138
pederneiras	BR	-22.352	-48.775
pedra branca	BR	-5.454	-39.717
pedregal	PA	9.066	-79.426
pedreira	BR	-23.707	-46.65
pedro juan caballero	PY	-22.549	-55.739
pedro leopoldo	BR	-19.618	-44.043
peicheng	CN	34.736	116.925
peine	DE	52.319	10.235
peje	XK	42.659	20.288
pekalongan	ID	-6.889	109.675
pekan bahapal	ID	3.113	99.174
pekanbaru	ID	0.517	101.442
pelabuhanratu	ID	-6.987	106.551
pelengana	ML	13.427	-6.222
pelentong	MY	1.524	103.824
pelotas	BR	-31.77	-52.341
pemalang	ID	-6.892	109.383
pemangkat	ID	1.167	108.967
pematangsiantar	ID	2.959	99.069
pemba	MZ	-12.974	40.518
pembroke pines	US	26.003	-80.224
pena grande	ES	40.475	-3.722
penaflor	CL	-33.606	-70.876
penalolen	CL	-33.468	-70.534
penapolis	BR	-21.42	-50.078
penco	CL	-36.741	-72.995
pendang	MY	5.995	100.479
penedo	BR	-10.29	-36.586
pengcheng	CN	36.431	114.17
pengpu	CN	31.285	121.437
pengze	CN	29.899	116.546
penjamo	MX	20.431	-101.724
penn hills	US	40.501	-79.839
pensacola	US	30.421	-87.217
penza	RU	53.196	45.011
penzing	AT	48.2	16.267
peoria	US	33.581	-112.237
perai	MY	5.383	100.383
perambalur	IN	11.233	78.883
peranampattu	IN	12.934	78.719
perbaungan	ID	3.568	98.956
percut	ID	3.625	98.864
perdizes	BR	-23.539	-46.681
pereira	CO	4.814	-75.695
pereslavl  zalesskiy	RU	56.739	38.86
pergamino	AR	-33.891	-60.575
peringathur	IN	11.714	75.586
perintalmanna	IN	10.977	76.225
peristeri	GR	38.015	23.692
periya semur	IN	11.361	77.69
periyakulam	IN	10.123	77.544
perling	MY	1.481	103.684
perm	RU	58.01	56.25
pernik	BG	42.597	23.033
perpignan	FR	42.698	2.895
perris	US	33.783	-117.229
perth	AU	-31.952	115.861
perth	GB	56.395	-3.431
perth amboy	US	40.507	-74.265
perugia	IT	43.112	12.389
peruibe	BR	-24.32	-46.998
perumbaikad	IN	9.618	76.531
perungudi	IN	12.961	80.241
perus	BR	-23.405	-46.755
pervomaysk	UA	48.045	30.848
pervouralsk	RU	56.905	59.944
pesaro	IT	43.909	12.916
pescara	IT	42.458	14.203
peshawar	PK	34.008	71.578
pesqueira	BR	-8.358	-36.696
pessac	FR	44.806	-0.632
pest	HU	47.5	19.083
pestlorinc	HU	47.43	19.216
petah tiqva	IL	32.089	34.887
petaling jaya	MY	3.107	101.607
petaluma	US	38.232	-122.637
petapa	GT	14.502	-90.562
petare	VE	10.477	-66.808
petauke	ZM	-14.241	31.32
peterborough	CA	44.3	-78.316
peterborough	GB	52.574	-0.248
peterhof	RU	59.883	29.9
petionville	HT	18.512	-72.285
petlad	IN	22.477	72.8
petrodvorets	RU	59.896	29.801
petrogradka	RU	59.966	30.312
petrolina	BR	-9.399	-40.501
petropavl	KZ	54.873	69.151
petropavlovsk kamchatsky	RU	53.064	158.628
petropolis	BR	-22.505	-43.179
petrosani	RO	45.417	23.367
petroupolis	GR	38.042	23.685
petrozavodsk	RU	61.785	34.347
petrzalka	SK	48.123	17.129
pflugerville	US	30.439	-97.62
pforzheim	DE	48.884	8.699
phagwara	IN	31.225	75.774
phalaborwa	ZA	-23.943	31.141
phalia	PK	32.431	73.579
phalodi	IN	27.131	72.368
phaltan	IN	17.991	74.432
phan rang thap cham	VN	11.564	108.989
phan thiet	VN	10.929	108.102
pharr	US	26.195	-98.184
phasi charoen	TH	13.715	100.437
phatthalung	TH	7.618	100.078
phaya thai	TH	13.78	100.543
phetchabun	TH	16.419	101.161
phetchaburi	TH	13.112	99.945
philadelphia	US	39.952	-75.164
phitsanulok	TH	16.825	100.259
phnom penh	KH	11.562	104.916
pho yen	VN	21.42	105.89
phoenix	US	33.448	-112.074
phong gjien	VN	16.583	107.364
phong thanh	VN	9.324	105.346
phong đien	VN	16.583	107.364
phool nagar	PK	31.202	73.949
phra khanong	TH	13.702	100.602
phra nakhon	TH	13.765	100.499
phra nakhon si ayutthaya	TH	14.352	100.577
phra phutthabat	TH	14.726	100.796
phra pradaeng	TH	13.659	100.534
phu khuong	VN	11.283	106.133
phu ly	VN	20.545	105.912
phu my	VN	10.633	107.067
phu quoc	VN	10.224	103.972
phu tho	VN	21.4	105.222
phuc loi	VN	21.045	105.929
phuc yen	VN	21.237	105.705
phuket	TH	7.891	98.398
phulwari sharif	IN	25.578	85.072
phumi veal sre	KH	10.981	104.778
phumi youl toung	KH	11.282	104.738
phusro	IN	23.756	86.005
phuthaditjhaba	ZA	-28.524	28.816
piacenza	IT	45.052	9.693
pianura	IT	40.859	14.173
piatra neamt	RO	46.917	26.333
picheng	CN	34.467	117.967
pickering	CA	43.9	-79.133
pico rivera	US	33.983	-118.097
picos	BR	-7.077	-41.467
picpus	FR	48.843	2.4
picsi	PE	-6.718	-79.77
piduguralla	IN	16.479	79.886
piedade	BR	-23.712	-47.428
piedecuesta	CO	6.988	-73.05
piedras negras	MX	28.7	-100.524
piekary slaskie	PL	50.38	18.927
piendamo	CO	2.639	-76.531
pierrefonds	CA	45.46	-73.893
pierrefonds roxboro	CA	45.502	-73.842
piet retief	ZA	-27.007	30.813
pietermaritzburg	ZA	-29.617	30.393
pijijiapan	MX	15.686	-93.209
pikine	SN	14.765	-17.391
pila	PL	53.151	16.738
pilar	AR	-34.459	-58.914
pilar	ES	40.477	-3.71
pileru	IN	13.656	78.939
pilibhit	IN	28.631	79.804
pilkhua	IN	28.713	77.656
pilsen	CZ	49.747	13.378
pimpri	IN	18.623	73.807
pimpri chinchwad	IN	18.619	73.804
pinamalayan	PH	13.046	121.462
pinar del rey	ES	40.472	-3.647
pinar del rio	CU	22.416	-83.697
pindamonhangaba	BR	-22.924	-45.462
pindi bhattian	PK	31.898	73.273
pindi gheb	PK	33.241	72.265
pindiga	NG	9.984	10.952
pine bluff	US	34.228	-92.003
pine hills	US	28.558	-81.453
pinellas park	US	27.843	-82.7
pinetown	ZA	-29.821	30.887
ping shan	HK	22.441	114.006
pingdingshan	CN	33.731	113.316
pingdu	CN	36.784	119.946
pingjin	CN	30.612	107.545
pingli	CN	32.385	109.346
pingliang	CN	35.539	106.686
pingnan	CN	23.542	110.389
pingshan	CN	22.994	114.713
pingwu county	CN	32.407	104.527
pingxiang	CN	27.617	113.854
pingyi	CN	35.501	117.631
pingyin	CN	36.283	116.445
pingzhuang	CN	42.037	119.289
pinhais	BR	-25.445	-49.193
pinheiro	BR	-2.521	-45.083
pinheiros	BR	-23.567	-46.692
pinneberg	DE	53.659	9.797
pinsk	BY	52.122	26.067
pinto	ES	40.241	-3.7
piotrkow trybunalski	PL	51.405	19.703
piparia	IN	22.757	78.355
pir jo goth	PK	27.592	68.618
pir mahal	PK	30.767	72.435
piracicaba	BR	-22.725	-47.649
piraeus	GR	37.942	23.646
piranshahr	IR	36.701	45.141
pirapora	BR	-17.345	-44.942
piraquara	BR	-25.442	-49.068
pirassununga	BR	-21.996	-47.426
pirayiri	IN	10.765	76.632
piripiri	BR	-4.273	-41.777
piritu	VE	9.371	-69.21
pirituba	BR	-23.49	-46.732
pirmasens	DE	49.201	7.605
pirna	DE	50.958	13.937
pirojpur	BD	22.58	89.975
pirot	RS	43.153	22.586
pisa	IT	43.709	10.404
piscataway	US	40.499	-74.399
pisco	PE	-13.71	-76.205
pishva	IR	35.308	51.727
pistoia	IT	43.931	10.924
pita kotte	LK	6.891	79.901
pitalito	CO	1.854	-76.051
pitesti	RO	44.85	24.867
pithampur	IN	22.602	75.696
pithapuram	IN	17.117	82.253
pithoragarh	IN	29.583	80.209
pittsburg	US	38.028	-121.885
pittsburgh	US	40.441	-79.996
pittsfield	US	42.45	-73.245
pittwater	AU	-33.666	151.302
piura	PE	-5.182	-80.657
pivdenna borshchahivka	UA	50.411	30.404
pivnichna saltivka	UA	50.045	36.359
pizhou	CN	34.311	117.95
piła	PL	53.151	16.738
placentia	US	33.872	-117.87
placetas	CU	22.314	-79.654
plainfield	US	40.634	-74.407
planaltina	BR	-15.618	-47.649
planeta rica	CO	8.412	-75.585
plano	US	33.02	-96.699
plano piloto	BR	-15.794	-47.883
plantation	US	26.134	-80.232
plaridel	PH	14.887	120.857
plasencia	ES	40.031	-6.088
plato	CO	9.79	-74.782
plauen	DE	50.497	12.138
playa del carmen	MX	20.627	-87.08
plaza de la revolucion	CU	23.119	-82.392
pleasanton	US	37.662	-121.875
pleiku	VN	13.983	108.0
pleven	BG	43.418	24.617
plock	PL	52.547	19.706
ploiesti	RO	44.95	26.017
plottier	AR	-38.967	-68.233
plovdiv	BG	42.154	24.75
plumbon	ID	-6.705	108.473
plymouth	GB	50.372	-4.143
plymouth	US	45.011	-93.456
poa	BR	-23.528	-46.345
pobe	BJ	6.98	2.665
poblacion	PH	14.379	121.025
poble sec	ES	41.375	2.163
pocatello	US	42.871	-112.446
pocito	AR	-31.683	-68.583
pocoes	BR	-14.53	-40.365
pocos de caldas	BR	-21.788	-46.561
podgorica	ME	42.441	19.263
podilskyi	UA	48.504	32.28
podolsk	RU	55.424	37.555
pogradec	AL	40.903	20.652
pohang	KR	36.029	129.365
pohja tallinn	EE	59.449	24.698
poinciana	US	28.14	-81.458
point cook	AU	-37.915	144.751
point pedro	LK	9.817	80.233
pointe noire	CG	-4.776	11.864
poitiers	FR	46.583	0.343
pok fu lam	HK	22.269	114.129
pokhara	NP	28.267	83.969
pokrovsk	UA	48.28	37.177
pokrovskoye streshnevo	RU	55.808	37.458
polanco	MX	19.433	-99.199
polangui	PH	13.292	123.486
polatli	TR	39.577	32.141
polatlı	TR	39.577	32.141
polavaram	IN	17.248	81.644
poldasht	IR	39.348	45.071
polevskoy	RU	56.442	60.188
polewali	ID	-3.432	119.344
pollachi	IN	10.658	77.008
polokwane	ZA	-23.904	29.469
polomolok	PH	6.222	125.064
polotsk	BY	55.488	28.786
poltava	UA	49.589	34.554
pom prap sattru phai	TH	13.758	100.513
pomona	US	34.055	-117.752
pompano beach	US	26.238	-80.125
ponce	PR	18.01	-66.624
ponferrada	ES	42.547	-6.596
pongch on up	KP	38.124	126.205
ponnani	IN	10.767	75.925
ponnur	IN	16.071	80.549
ponnuru	IN	16.065	80.552
ponorogo	ID	-7.869	111.462
ponta grossa	BR	-25.095	-50.162
ponta pora	BR	-22.536	-55.726
ponte de lima	PT	41.767	-8.584
ponte nova	BR	-20.416	-42.909
ponte rasa	BR	-23.516	-46.494
pontefract	GB	53.691	-1.313
pontes e lacerda	BR	-15.226	-59.335
pontevedra	ES	42.431	-8.644
pontiac	US	42.639	-83.291
pontian besar	MY	1.506	103.382
pontianak	ID	-0.032	109.325
ponticelli	IT	40.854	14.33
poole	GB	50.714	-1.985
poonamalle	IN	13.049	80.115
popayan	CO	2.438	-76.613
poprad	SK	49.061	20.298
por do sol	BR	-15.855	-48.124
porangatu	BR	-13.441	-49.149
porbandar	IN	21.642	69.609
pordenone	IT	45.957	12.661
pori	FI	61.481	21.785
porirua	NZ	-41.133	174.85
porlamar	VE	10.958	-63.87
port area	PH	14.589	120.967
port arthur	US	29.885	-93.942
port au prince	HT	18.543	-72.339
port blair	IN	11.666	92.746
port charlotte	US	26.976	-82.091
port coquitlam	CA	49.266	-122.769
port de paix	HT	19.94	-72.83
port dickson	MY	2.525	101.797
port gentil	GA	-0.719	8.782
port harcourt	NG	4.777	7.013
port loko	SL	8.766	-12.787
port louis	MU	-20.162	57.499
port macquarie	AU	-31.431	152.909
port moresby	PG	-9.477	147.151
port of spain	TT	10.667	-61.519
port orange	US	29.138	-80.996
port said	EG	31.265	32.302
port saint lucie	US	27.294	-80.35
port shepstone	ZA	-30.741	30.455
port sudan	SD	19.617	37.216
portage	US	42.201	-85.58
portage park	US	41.958	-87.765
portel	BR	-1.936	-50.821
porterville	US	36.065	-119.017
portici	IT	40.816	14.337
portland	US	45.523	-122.676
portmore	JM	17.971	-76.887
porto	PT	41.148	-8.611
porto alegre	BR	-30.033	-51.23
porto amboim	AO	-10.733	13.768
porto de moz	BR	-1.748	-52.238
porto feliz	BR	-23.215	-47.524
porto ferreira	BR	-21.854	-47.479
porto nacional	BR	-10.708	-48.417
porto novo	BJ	6.496	2.604
porto seguro	BR	-16.45	-39.065
porto velho	BR	-8.762	-63.904
portoviejo	EC	-1.058	-80.451
portsmouth	GB	50.799	-1.091
portsmouth	US	36.835	-76.298
portsmouth heights	US	36.821	-76.369
portugalete	ES	43.321	-3.021
porur	IN	13.036	80.158
porvoo	FI	60.392	25.665
porz am rhein	DE	50.886	7.058
posadas	AR	-27.392	-55.924
poso	ID	-1.396	120.752
potchefstroom	ZA	-26.717	27.1
potenza	IT	40.642	15.808
poti	GE	42.143	41.674
potiskum	NG	11.714	11.081
potomac	US	39.018	-77.209
potosi	BO	-19.584	-65.753
potsdam	DE	52.399	13.066
pottuvil	LK	6.876	81.827
pouso alegre	BR	-22.23	-45.936
pouytenga	BF	12.252	-0.426
poway	US	32.963	-117.036
poyang	CN	28.992	116.668
poza rica de hidalgo	MX	20.533	-97.459
pozarevac	RS	44.621	21.188
poznan	PL	52.407	16.93
pozniaky	UA	50.403	30.624
pozuelo de alarcon	ES	40.433	-3.813
pozzo strada	IT	45.068	7.625
pozzuoli	IT	40.844	14.095
prabumulih	ID	-3.434	104.231
prachantakham	TH	14.064	101.516
pradera	CO	3.42	-76.242
praga polnoc	PL	52.254	21.035
praga poludnie	PL	52.244	21.085
praga połnoc	PL	52.254	21.035
praga południe	PL	52.244	21.085
prague	CZ	50.088	14.421
praia	CV	14.932	-23.513
praia grande	BR	-24.006	-46.403
pran buri	TH	12.385	99.902
pratapgarh	IN	24.032	74.782
prato	IT	43.88	11.097
pravyi bereh	UA	47.115	37.585
prayagraj	IN	25.445	81.843
preaek prasab	KH	12.354	106.036
prenzlauer berg	DE	52.539	13.424
prenzlauer berg bezirk	DE	52.539	13.424
prerov	CZ	49.455	17.451
prescot	GB	53.429	-2.8
prescott	US	34.54	-112.469
prescott valley	US	34.61	-112.316
presidencia roque saenz pena	AR	-26.791	-60.441
presidente dutra	BR	-5.29	-44.49
presidente franco	PY	-25.564	-54.611
presidente prudente	BR	-22.126	-51.389
presnenskiy	RU	55.759	37.558
presov	SK	48.999	21.235
preston	GB	53.763	-2.705
pretoria	ZA	-25.745	28.188
prievidza	SK	48.774	18.628
prilep	MK	41.346	21.554
prince george	CA	53.917	-122.753
pristina	XK	42.673	21.167
prizren	XK	42.214	20.74
probolinggo	ID	-7.754	113.216
proddatur	IN	14.75	78.548
prokhladnyy	RU	43.757	44.03
prokop yevsk	RU	53.915	86.719
prosperidad	PH	8.58	125.896
prostejov	CZ	49.472	17.112
providence	US	41.824	-71.413
provo	US	40.234	-111.659
prudentopolis	BR	-25.213	-50.978
pruszkow	PL	52.171	20.812
pryluky	UA	50.595	32.384
prymorskyi	UA	47.071	37.5
przemysl	PL	49.785	22.767
psie pole	PL	51.146	17.035
pskov	RU	57.819	28.332
pu an	CN	32.037	105.467
pu er	CN	22.789	100.975
pubal	KR	37.292	127.508
pucallpa	PE	-8.379	-74.554
pucheng	CN	27.923	118.533
puchong	MY	3.0	101.617
pudong	CN	31.24	121.501
puducherry	IN	11.934	79.83
pudukkottai	IN	10.381	78.821
puebla	MX	19.048	-98.207
pueblo	US	38.254	-104.609
pueblo nuevo	ES	40.426	-3.635
pueblo nuevo el chivo	VE	8.962	-71.608
puente alto	CL	-33.612	-70.576
puente de vallecas	ES	40.394	-3.662
puerta del angel	ES	40.41	-3.732
puerto ayacucho	VE	5.66	-67.583
puerto barrios	GT	15.727	-88.598
puerto berrio	CO	6.492	-74.403
puerto cabello	VE	10.473	-68.013
puerto cortez	HN	15.826	-87.93
puerto francisco de orellana	EC	-0.45	-76.997
puerto la cruz	VE	10.214	-64.633
puerto madryn	AR	-42.768	-65.038
puerto maldonado	PE	-12.589	-69.199
puerto montt	CL	-41.469	-72.942
puerto padre	CU	21.196	-76.604
puerto penasco	MX	31.317	-113.538
puerto plata	DO	19.793	-70.688
puerto princesa	PH	9.739	118.735
puerto real	ES	36.528	-6.19
puerto tejada	CO	3.232	-76.418
puerto vallarta	MX	20.617	-105.23
puertollano	ES	38.687	-4.107
pugachev	RU	52.017	48.799
puji	CN	36.132	119.721
pul e khumri	AF	35.945	68.715
pul pehlad	IN	28.499	77.291
pula	HR	44.868	13.848
pulandian	CN	39.395	121.967
pulawy	PL	51.417	21.969
pulheim	DE	51.0	6.806
puli	TW	23.966	120.97
pulilan	PH	14.902	120.849
pulivendla	IN	14.421	78.225
puliyankudi	IN	9.175	77.398
pulong santa cruz	PH	14.273	121.076
punalur	IN	9.02	76.923
punasa	IN	22.235	76.393
pune	IN	18.52	73.855
punganuru	IN	13.367	78.572
punggol	SG	1.414	103.907
puning	CN	23.311	116.169
puno	PE	-15.84	-70.022
punta alta	AR	-38.88	-62.075
punta arenas	CL	-53.163	-70.909
punta cana	DO	18.582	-68.404
punta cardon	VE	11.658	-70.215
punta de mata	VE	9.691	-63.609
punto fijo	VE	11.692	-70.199
puqi	CN	29.717	113.883
purbalingga	ID	-7.388	109.364
puri	IN	19.798	85.825
purisima de bustos	MX	21.03	-101.878
purley	GB	51.337	-0.112
purmerend	NL	52.505	4.96
purnia	IN	25.779	87.474
pursat	KH	12.539	103.919
puruliya	IN	23.331	86.363
purwakarta	ID	-6.557	107.443
purwodadi	ID	-7.087	110.916
purwokerto	ID	-7.421	109.234
puryong up	KP	42.062	129.705
pusad	IN	19.913	77.578
pushkin	RU	59.714	30.396
pushkino	RU	55.995	37.829
putatan	MY	5.926	116.061
putatan	PH	14.399	121.05
puteaux	FR	48.883	2.239
puth kalan	IN	28.712	77.079
puthia	BD	24.365	88.834
putian	CN	25.439	119.01
putney	GB	51.461	-0.218
putra heights	MY	2.994	101.573
putrajaya	MY	2.935	101.691
puttalam	LK	8.036	79.828
puttur	IN	13.442	79.553
putuo	CN	31.251	121.39
puxi	CN	31.244	121.466
puyang	CN	29.457	119.889
puyang chengguanzhen	CN	35.706	115.028
puławy	PL	51.417	21.969
pyapon	MM	16.285	95.679
pyatigorsk	RU	44.05	43.05
pyay	MM	18.82	95.216
pyeongtaek	KR	36.995	127.089
pyin oo lwin	MM	22.035	96.457
pyinmana	MM	19.738	96.207
pyongyang	KP	39.034	125.754
pyt yakh	RU	60.75	72.858
pyu	MM	18.481	96.437
płock	PL	52.547	19.706
qa em shahr	IR	36.467	52.868
qa en	IR	33.727	59.184
qabqa	CN	36.281	100.613
qabula	PK	30.178	73.065
qadirpur ran	PK	30.292	71.672
qal at sukkar	IQ	31.863	46.073
qalqilyah	PS	32.19	34.971
qalyub	EG	30.179	31.206
qamdo	CN	31.13	97.18
qaracuxur	AZ	40.397	49.974
qaraqash	CN	37.272	79.734
qarasu	CN	44.203	80.416
qarchak	IR	35.429	51.578
qarshi	UZ	38.861	65.789
qasr al qarabulli	LY	32.745	13.715
qasr bin ghashir	LY	32.683	13.183
qayroqqum	TJ	40.266	69.796
qazvin	IR	36.269	50.004
qeladize	IQ	36.183	45.13
qeładize	IQ	36.183	45.13
qianjiang	CN	30.421	112.892
qianliu	CN	22.9	100.2
qiantang	CN	30.184	106.317
qiaoguan	CN	36.564	118.884
qiaotou	CN	36.935	101.674
qibao	CN	31.153	121.357
qillin	EG	31.047	30.855
qina	EG	26.164	32.727
qincheng	CN	27.213	116.53
qing an	CN	33.969	117.881
qingdao	CN	36.065	120.38
qingfu	CN	28.437	104.516
qinggang	CN	29.468	106.236
qingnian	CN	36.841	115.711
qingpu	CN	31.154	121.114
qingquan	CN	30.451	115.256
qingshan	CN	40.663	109.882
qingshanquan	CN	34.416	117.363
qingshuping	CN	27.381	112.021
qingxichang	CN	28.404	108.904
qingyang	CN	35.71	107.645
qingyuan	CN	23.7	113.033
qingzhou	CN	36.697	118.48
qinhuangdao	CN	39.941	119.589
qinnan	CN	33.253	119.913
qinzhou	CN	21.982	108.651
qionghai	CN	19.242	110.464
qionghu	CN	28.841	112.355
qiongshan	CN	20.009	110.354
qipan	CN	34.245	118.221
qiqihar	CN	47.339	123.962
qiryat ata	IL	32.811	35.113
qiryat bialik	IL	32.828	35.086
qiryat motsqin	IL	32.837	35.078
qiryatmotsqin	IL	32.837	35.078
qisha	CN	21.575	108.479
qishan	CN	29.844	117.719
qitaihe	CN	45.768	130.995
qiuji	CN	33.8	118.0
qo qon	UZ	40.529	70.942
qods	IR	35.721	51.109
qom	IR	34.64	50.876
qonce	ZA	-32.881	27.394
qorveh	IR	35.166	47.806
qoryooley	SO	1.788	44.53
quan ba	VN	10.775	106.686
quan bon	VN	10.767	106.706
quan gjuc thinh	VN	10.31	105.739
quan muoi	VN	10.768	106.666
quan muoi mot	VN	10.764	106.644
quan nam	VN	10.756	106.667
quan sau	VN	10.747	106.649
quan đuc thinh	VN	10.31	105.739
quang ngai	VN	15.12	108.792
quanzhou	CN	24.914	118.586
quarto oggiaro	IT	45.513	9.143
quartu sant elena	IT	39.229	9.25
quatre bornes	MU	-20.264	57.479
qubo saeed khan	PK	27.874	67.709
quchan	IR	37.106	58.51
quebec	CA	46.812	-71.215
queens	US	40.681	-73.837
queens village	US	40.727	-73.742
queenstown	ZA	-31.898	26.875
queenstown estate	SG	1.294	103.802
queimadas	BR	-7.358	-35.898
queimados	BR	-22.716	-43.555
quelimane	MZ	-17.879	36.888
queluz	PT	38.757	-9.255
quetta	PK	30.184	67.001
quetzaltenango	GT	14.845	-91.523
quevedo	EC	-1.029	-79.463
quezon	PH	7.73	125.099
quezon city	PH	14.649	121.051
qufu	CN	35.597	116.991
qui nhon	VN	13.776	109.224
quibdo	CO	5.692	-76.658
quibor	VE	9.929	-69.62
quilicura	CL	-33.368	-70.714
quillacollo	BO	-17.392	-66.278
quillota	CL	-32.883	-71.249
quilmes	AR	-34.721	-58.255
quilpue	CL	-33.048	-71.442
quimistan	HN	15.348	-88.405
quimper	FR	47.996	-4.098
quincy	US	42.253	-71.002
quinte west	CA	44.107	-77.57
quissecula	AO	-11.392	15.092
quito	EC	-0.23	-78.525
quixada	BR	-4.971	-39.015
quixeramobim	BR	-5.199	-39.293
qujing	CN	25.483	103.783
qulsary	KZ	46.953	54.02
qunghirot	UZ	43.043	58.839
qurayyat	OM	23.263	58.92
qurayyat	SA	31.332	37.343
qus	EG	25.915	32.763
qushi	CN	25.217	98.6
quthbullapur	IN	17.501	78.458
quva	UZ	40.522	72.073
quvasoy	UZ	40.297	71.98
quwaysina	EG	30.565	31.158
quxu	CN	29.355	90.732
quzhou	CN	28.959	118.869
ra anana	IL	32.184	34.874
ra s bayrut	LB	33.9	35.483
rabak	SD	13.181	32.74
rabat	MA	34.013	-6.833
rabigh	SA	22.799	39.035
rabkavi	IN	16.476	75.111
rabkavi banhatti	IN	16.47	75.12
rabwah	PK	31.755	72.914
rach gia	VN	10.012	105.081
raciborz	PL	50.092	18.219
racine	US	42.726	-87.783
rades	TN	36.769	10.275
radom	PL	51.403	21.147
radomsko	PL	51.067	19.445
raduzhny	RU	62.096	77.475
raebareli	IN	26.231	81.233
rafaela	AR	-31.253	-61.491
rafah	EG	31.282	34.239
rafah	PS	31.297	34.244
rafsanjan	IR	30.407	55.994
raghogarh	IN	24.443	77.198
ragusa	IT	36.926	14.724
raha	ID	-4.838	122.721
rahim yar khan	PK	28.42	70.303
rahimah	SA	26.708	50.062
rahlstedt	DE	53.602	10.157
raichur	IN	16.205	77.356
raiganj	IN	25.613	88.124
raigarh	IN	21.898	83.397
raipur	BD	23.039	90.768
raipur	IN	21.233	81.633
raisen	IN	23.33	77.781
raj nandgaon	IN	21.097	81.029
raja jang	PK	31.221	74.255
rajamahendravaram	IN	17.005	81.778
rajanpur	PK	29.104	70.33
rajapalayam	IN	9.453	77.553
rajbiraj	NP	26.54	86.748
rajgangpur	IN	22.2	84.583
rajgarh	IN	28.642	75.386
rajgir	IN	25.028	85.421
rajin	KP	42.256	130.283
rajkot	IN	22.292	70.793
rajpur sonarpur	IN	22.438	88.432
rajpura	IN	30.479	76.593
rajsamand	IN	25.071	73.88
rajshahi	BD	24.374	88.601
raleigh	US	35.772	-78.639
ramachandrapuram	IN	16.836	82.029
ramadi	IQ	33.421	43.308
ramagundam	IN	18.755	79.474
ramallah	PS	31.9	35.204
ramanathapuram	IN	9.372	78.831
ramapuram	IN	13.032	80.182
ramat gan	IL	32.082	34.811
ramat hasharon	IL	32.146	34.839
ramenki	RU	55.7	37.5
ramenskoye	RU	55.563	38.242
rameswaram	IN	9.289	79.313
ramganj	BD	23.101	90.85
ramganj mandi	IN	24.646	75.943
ramgarh	IN	23.63	85.522
ramgundam	IN	18.801	79.452
ramhormoz	IR	31.28	49.604
ramiros	AO	-9.063	13.046
ramla	IL	31.926	34.864
ramna maidan	BD	23.733	90.4
ramnagar	IN	29.392	79.128
ramnicu valcea	RO	45.1	24.367
ramos arizpe	MX	25.539	-100.947
rampur	IN	28.81	79.027
rampur hat	IN	24.177	87.783
rampura	IN	30.256	75.241
rampura phul	IN	30.276	75.243
ramsgate	GB	51.336	1.418
ranaghat	IN	23.176	88.567
ranavav	IN	21.687	69.745
rancagua	CL	-34.169	-70.741
ranchi	IN	23.343	85.309
rancho cordova	US	38.589	-121.303
rancho cucamonga	US	34.106	-117.593
rancho palos verdes	US	33.744	-118.387
rancho penasquitos	US	32.959	-117.115
rancho santa margarita	US	33.641	-117.603
ranchuelo	CU	22.373	-80.15
randburg	ZA	-26.094	28.001
randers	DK	56.461	10.036
randfontein	ZA	-26.184	27.702
ranebennur	IN	14.622	75.63
rangamati	BD	22.643	92.192
rangel	AO	-8.826	13.263
rangkasbitung	ID	-6.359	106.249
rangpur	BD	25.747	89.252
raniganj	IN	17.428	78.494
ranipet	IN	12.925	79.333
ranjangaon s	IN	19.844	75.215
rantauprapat	ID	2.1	99.833
rantepao	ID	-2.97	119.898
ranyah	IQ	36.255	44.882
ranyah	SA	21.25	42.848
rapid city	US	44.081	-103.231
raposo tavares	BR	-23.592	-46.786
ras al khaimah	AE	25.79	55.943
ras el oued	DZ	35.944	5.031
ras gharib	EG	28.358	33.078
ras tanura	SA	26.707	50.067
rasapudipalem	IN	17.733	83.316
rasht	IR	37.276	49.589
rasipuram	IN	11.46	78.186
rasskazovo	RU	52.664	41.889
rastatt	DE	48.859	8.21
rat burana	TH	13.682	100.506
ratangarh	IN	28.081	74.619
ratchaburi	TH	13.537	99.817
ratchathewi	TH	13.759	100.534
rath	IN	25.595	79.567
ratingen	DE	51.297	6.849
ratlam	IN	23.33	75.04
ratnagiri	IN	16.992	73.31
ratnapura	LK	6.686	80.404
ratodero	PK	27.802	68.289
raub	MY	3.79	101.857
raurkela industrial township	IN	22.2	84.862
ravar	IR	31.266	56.805
ravenna	IT	44.413	12.201
ravensburg	DE	47.782	9.611
rawad	TN	36.895	10.186
rawalakot	PK	33.858	73.76
rawalpindi	PK	33.597	73.048
rawang	MY	3.321	101.577
rawson	AR	-31.582	-68.542
raxaul	IN	26.98	84.851
rayachoti	IN	14.057	78.751
rayadrug	IN	14.7	76.852
rayagada	IN	19.171	83.414
rayon khtz	UA	49.943	36.37
rayong	TH	12.681	101.258
razam	IN	18.449	83.66
razampeta	IN	14.195	79.159
reading	GB	51.456	-0.971
reading	US	40.336	-75.927
recanto das emas	BR	-15.909	-48.064
rechytsa	BY	52.362	30.392
recife	BR	-8.054	-34.881
recklinghausen	DE	51.614	7.197
recodo	PH	6.952	121.964
reconquista	AR	-29.15	-59.65
red deer	CA	52.267	-113.802
redcliff	ZW	-19.033	29.783
redding	US	40.587	-122.392
redditch	GB	52.306	-1.946
redencao	BR	-8.029	-50.031
redford	US	42.383	-83.297
redhill	GB	51.24	-0.17
redlands	US	34.056	-117.183
redmond	US	47.674	-122.122
redondo beach	US	33.849	-118.388
redruth	GB	50.233	-5.224
redwood city	US	37.485	-122.236
reef al fujairah city	AE	25.145	56.248
regensburg	DE	49.015	12.102
reggio calabria	IT	38.11	15.661
reggio nell emilia	IT	44.698	10.631
reghaia	DZ	36.736	3.34
regina	CA	50.45	-104.618
registro	BR	-24.488	-47.844
regla	CU	23.126	-82.331
rego park	US	40.726	-73.853
rehnan	IR	32.683	51.602
rehovot	IL	31.894	34.812
reims	FR	49.265	4.029
reinickendorf	DE	52.564	13.336
reino de bandim	GW	11.85	-15.6
rejon placu swietego macieja	PL	51.121	17.038
relizane	DZ	35.737	0.556
remanso	BR	-9.622	-42.081
rembangan	ID	-6.704	111.342
remedios de escalada de san martin	AR	-34.726	-58.397
remscheid	DE	51.18	7.192
renala khurd	PK	30.879	73.599
renca	CL	-33.402	-70.706
renfrew collingwood	CA	49.245	-123.038
rengasdengklok	ID	-6.159	107.298
rennes	FR	48.111	-1.674
reno	US	39.53	-119.814
renqiu	CN	38.709	116.101
renton	US	47.483	-122.217
renukut	IN	24.216	83.036
renzhao	CN	36.639	120.204
repalle	IN	16.018	80.83
repentigny	CA	45.742	-73.45
republica	BR	-23.545	-46.641
reseda	US	34.201	-118.536
resende	BR	-22.469	-44.447
reservoir	AU	-37.717	145.0
resistencia	AR	-27.464	-58.987
resita	RO	45.301	21.889
ressano garcia	MZ	-25.443	31.995
reston	US	38.969	-77.341
retalhuleu	GT	14.536	-91.678
retiro	ES	40.413	-3.683
reuleuet	ID	5.217	96.283
reus	ES	41.156	1.107
reutlingen	DE	48.491	9.204
reutov	RU	55.763	37.863
revda	RU	56.802	59.938
revere	US	42.408	-71.012
rewa	IN	24.533	81.292
rewari	IN	28.199	76.618
reyhanli	TR	36.268	36.567
reyhanlı	TR	36.268	36.567
reykjavik	IS	64.135	-21.895
reynosa	MX	26.08	-98.285
rheda wiedenbruck	DE	51.85	8.3
rheda wiedenbrueck	DE	51.85	8.3
rheine	DE	52.285	7.441
rheinhausen	DE	51.401	6.712
rho	IT	45.532	9.04
rhodes	GR	36.436	28.222
rhondda	GB	51.659	-3.449
riacho fundo ii	BR	-15.898	-48.047
rialto	US	34.106	-117.37
ribeira do pombal	BR	-10.834	-38.536
ribeirao das neves	BR	-19.767	-44.087
ribeirao pires	BR	-23.711	-46.413
ribeirao preto	BR	-21.177	-47.81
riberalta	BO	-11.01	-66.053
ribnita	MD	47.768	29.01
richard toll	SN	16.462	-15.701
richards bay	ZA	-28.783	32.038
richardson	US	32.948	-96.73
richland	US	46.286	-119.284
richmond	CA	49.17	-123.137
richmond	US	37.554	-77.46
richmond hill	CA	43.871	-79.437
richmond hill	US	40.7	-73.831
ridder	KZ	50.345	83.516
ridderkerk	NL	51.873	4.603
ridgewood	US	40.7	-73.906
riga	LV	56.946	24.106
rijeka	HR	45.327	14.442
rijswijk	NL	52.036	4.325
rikaze	CN	29.25	88.883
rimini	IT	44.058	12.565
rimouski	CA	48.449	-68.524
rio blanco	MX	18.83	-97.156
rio bonito	BR	-22.709	-42.61
rio branco	BR	-9.975	-67.81
rio claro	BR	-22.411	-47.561
rio cuarto	AR	-33.13	-64.353
rio das ostras	BR	-22.527	-41.945
rio de janeiro	BR	-22.906	-43.182
rio de mouro	PT	38.766	-9.328
rio do sul	BR	-27.214	-49.643
rio gallegos	AR	-51.625	-69.252
rio grande	AR	-53.788	-67.71
rio grande	BR	-32.035	-52.099
rio grande da serra	BR	-23.744	-46.398
rio largo	BR	-9.478	-35.853
rio pequeno	BR	-23.571	-46.759
rio rancho	US	35.233	-106.664
rio real	BR	-11.485	-37.933
rio tercero	AR	-32.177	-64.113
rio tinto	PT	41.179	-8.56
rio verde	BR	-17.798	-50.928
riobamba	EC	-1.665	-78.659
riohacha	CO	11.544	-72.907
rionegro	CO	6.155	-75.374
rioverde	MX	21.931	-99.995
rishikesh	IN	30.108	78.293
rishon letsiyyon	IL	31.971	34.789
rishra	IN	22.724	88.346
ritto	JP	35.027	136.0
rivas vaciamadrid	ES	40.326	-3.511
rivera	UY	-30.905	-55.551
riverside	US	33.953	-117.396
riverton	US	40.522	-111.939
riverview	US	27.866	-82.326
riviere des prairies pointe aux trembles	CA	45.641	-73.585
rivne	UA	50.62	26.237
rivoli	IT	45.071	7.515
riyadh	SA	24.688	46.722
rize	TR	41.021	40.522
rizhao	CN	35.414	119.529
rizhuang	CN	36.951	120.383
roanoke	US	37.271	-79.941
robat karim	IR	35.485	51.083
robertsonpet	IN	12.956	78.275
rochdale	GB	53.618	-2.155
rochester	US	43.155	-77.616
rochester hills	US	42.658	-83.15
rock hill	US	34.925	-81.025
rockford	US	42.271	-89.094
rockhampton	AU	-23.38	150.506
rocklin	US	38.791	-121.236
rockville	US	39.084	-77.153
rockwall	US	32.931	-96.46
rocky mount	US	35.938	-77.791
rodenkirchen	DE	50.893	6.995
rodgau	DE	50.026	8.886
rodovre	DK	55.681	12.454
rodriguez	PH	14.76	121.2
roermond	NL	51.194	5.987
roeselare	BE	50.947	3.123
rogers	US	36.332	-94.119
rogers park	US	42.009	-87.667
roha	IN	18.437	73.12
rohini	IN	28.743	77.068
rohnert park	US	38.34	-122.701
rohri	PK	27.692	68.895
rohtak	IN	28.894	76.589
rolandia	BR	-23.31	-51.369
rolim de moura	BR	-11.804	-61.803
roman	RO	46.921	26.926
rome	IT	41.892	12.511
romford	GB	51.575	0.186
rompin	MY	2.708	102.505
rondon do para	BR	-4.776	-48.067
rondonopolis	BR	-16.471	-54.636
roodepoort	ZA	-26.163	27.872
roorkee	IN	29.866	77.891
roosendaal	NL	51.531	4.465
ropar	IN	30.969	76.527
roquetas de mar	ES	36.764	-2.615
roquette	FR	48.858	2.381
rosa zarate	EC	0.328	-79.474
rosales	PH	15.894	120.633
rosario	AR	-32.947	-60.639
rosario	BR	-2.94	-44.249
rosario	PH	13.632	121.221
rosarito	MX	32.36	-117.046
rosemead	US	34.081	-118.073
rosemont la petite patrie	CA	45.537	-73.607
rosenheim	DE	47.856	12.122
rosetta	EG	31.4	30.417
roseville	US	38.752	-121.288
rosh ha ayin	IL	32.095	34.954
roshanpura	IN	28.601	76.989
roskilde	DK	55.642	12.08
roslavl	RU	53.954	32.864
rosny sous bois	FR	48.87	2.499
rossendale	GB	53.685	-2.277
rossosh	RU	51.121	38.512
rostock	DE	54.089	12.14
rostov on don	RU	47.22	39.708
roswell	US	34.023	-84.362
rotherham	GB	53.43	-1.357
rotorua	NZ	-38.139	176.245
rottenburg	DE	48.476	8.935
rotterdam	NL	51.922	4.479
rouached	DZ	36.458	6.043
roubaix	FR	50.694	3.175
rouen	FR	49.443	1.099
rouge	CA	43.804	-79.166
rouiba	DZ	36.738	3.281
rouissat	DZ	31.924	5.35
round rock	US	30.508	-97.679
rourkela	IN	22.225	84.864
rovaniemi	FI	66.499	25.689
rovenky	UA	48.083	39.377
rovigo	IT	45.07	11.79
rowland heights	US	33.976	-117.905
rowlett	US	32.903	-96.564
roxas city	PH	11.585	122.751
royal leamington spa	GB	52.285	-1.52
royal oak	US	42.489	-83.145
royal tunbridge wells	GB	51.133	0.263
rtishchevo	RU	52.26	43.787
rubi	ES	41.492	2.033
rubio	VE	7.702	-72.356
rubizhne	UA	49.008	38.38
rubtsovsk	RU	51.515	81.206
ruda slaska	PL	50.258	18.856
rudnyy	KZ	52.972	63.111
rudow	DE	52.424	13.485
rudrapur	IN	28.98	79.4
rudsar	IR	37.137	50.292
rueil malmaison	FR	48.877	2.19
ruesselsheim am main	DE	49.99	8.423
rufisque	SN	14.715	-17.273
rufisque est	SN	14.716	-17.273
rugao	CN	32.37	120.576
rugby	GB	52.371	-1.264
rui an	CN	27.776	120.659
ruiru	KE	-1.147	36.961
rujewa	TZ	-8.7	34.383
rukban	JO	33.314	38.703
rumia	PL	54.571	18.388
rumonge	BI	-3.974	29.439
runan	CN	33.0	114.346
runcorn	GB	53.342	-2.731
rundu	NA	-17.918	19.773
ruqi	SO	9.973	43.428
ruropolis	BR	-4.096	-54.91
ruse	BG	43.849	25.953
russas	BR	-4.94	-37.976
russeifa	JO	32.018	36.046
russelsheim am main	DE	49.99	8.423
rustaq	OM	23.391	57.424
rustavi	GE	41.563	44.979
rustenburg	ZA	-25.668	27.242
rutchenkivskyi	UA	47.976	37.697
ruteng	ID	-8.611	120.464
rutoma	UG	-0.567	30.383
rutshuru	CD	-1.187	29.447
ruwa	ZW	-17.89	31.245
ruzayevka	RU	54.06	44.949
rwamagana	RW	-1.949	30.435
rwamwanja refugee camp	UG	0.348	30.654
ryazan	RU	54.627	39.704
ryazanskiy	RU	55.733	37.767
rybatskoye	RU	59.839	30.499
rybinsk	RU	58.046	38.838
rybnik	PL	50.097	18.542
ryogoku	JP	35.717	140.367
ryugasaki	JP	35.9	140.183
ryuo	JP	35.65	138.5
rzeszow	PL	50.041	21.999
rzhev	RU	56.263	34.329
rødovre	DK	55.681	12.454
s hertogenbosch	NL	51.699	5.304
sa dah	YE	16.94	43.764
sa dec	VN	10.291	105.756
saaba	BF	12.371	-1.415
saanich	CA	48.55	-123.369
saarbrucken	DE	49.233	7.01
saarbruecken	DE	49.233	7.01
sabac	RS	44.747	19.69
sabadell	ES	41.543	2.109
sabae	JP	35.946	136.185
sabah as salim	KW	29.257	48.057
sabalgarh	IN	26.249	77.408
sabanalarga	CO	10.631	-74.922
sabaneta	CO	6.152	-75.617
sabang	ID	5.89	95.316
sabara	BR	-19.886	-43.807
sabbashahr	IR	35.58	51.114
sabha	LY	27.038	14.428
sabinas	MX	27.856	-101.117
sablayan	PH	12.835	120.769
sabratah	LY	32.793	12.488
sabt alalayah	SA	19.577	41.964
sabya	SA	17.149	42.625
sabzevar	IR	36.213	57.682
sacaba	BO	-17.398	-66.038
sacoma	BR	-23.631	-46.598
sacramento	US	38.582	-121.494
sadao	TH	6.639	100.423
sadasivpet	IN	17.619	77.953
sadatpur gujran	IN	28.728	77.248
saddiqabad	PK	28.309	70.127
sado	JP	38.025	138.359
sadr city	IQ	33.389	44.458
safaga	EG	26.749	33.939
safi	MA	32.299	-9.237
safonovo	RU	55.111	33.237
safwa	SA	26.65	49.955
saga	JP	33.233	130.3
sagae	JP	38.373	140.273
sagaing	MM	21.879	95.98
sagamihara	JP	35.567	139.242
sagar	IN	14.165	75.029
sagay	PH	10.945	123.424
saginaw	US	43.419	-83.951
sagrada familia	ES	41.404	2.173
sagua la grande	CU	22.806	-80.074
saguenay	CA	48.417	-71.066
sagunto	ES	39.683	-0.267
sahab	JO	31.87	36.005
sahagun	CO	8.946	-75.443
saham	OM	24.172	56.889
sahand	IR	37.951	46.11
saharanpur	IN	29.968	77.545
saharsa	IN	25.875	86.596
sahaswan	IN	28.072	78.751
sahibabad daulotpur	IN	28.747	77.115
sahibganj	IN	25.244	87.635
sahiwal	PK	31.974	72.331
sahuayo de morelos	MX	20.057	-102.716
sai mai	TH	13.921	100.646
saida	DZ	34.83	0.152
saidpur	BD	25.778	88.892
saijo	JP	33.917	133.183
saiki	JP	32.95	131.9
saint andre	RE	-20.963	55.65
saint brieuc	FR	48.515	-2.768
saint charles	US	38.784	-90.481
saint clair shores	US	42.497	-82.889
saint cloud	US	45.561	-94.162
saint croix	VI	17.728	-64.747
saint denis	FR	48.936	2.354
saint denis	RE	-20.882	55.45
saint etienne	FR	45.434	4.39
saint eustache	CA	45.565	-73.906
saint george	US	37.104	-113.584
saint germain en laye	FR	48.896	2.09
saint gilles	BE	50.828	4.344
saint herblain	FR	47.212	-1.651
saint hubert	CA	45.5	-73.416
saint hyacinthe	CA	45.631	-72.957
saint jean sur richelieu	CA	45.307	-73.263
saint jerome	CA	45.78	-74.004
saint john	CA	45.271	-66.056
saint john s	AG	17.121	-61.843
saint joseph	US	39.769	-94.847
saint laurent	CA	45.5	-73.666
saint leonard	CA	45.588	-73.595
saint louis	RE	-21.286	55.411
saint louis	SN	16.018	-16.49
saint louis de terrebonne	CA	45.702	-73.787
saint louis park	US	44.948	-93.348
saint malo	FR	48.647	-2.009
saint marc	HT	19.111	-72.701
saint maur des fosses	FR	48.794	2.493
saint michel	CA	45.568	-73.622
saint michel de l atalaye	HT	19.371	-72.335
saint nazaire	FR	47.275	-2.218
saint paul	RE	-21.01	55.271
saint paul	US	44.944	-93.093
saint peters	GB	51.367	1.417
saint peters	US	38.8	-90.627
saint petersburg	RU	59.939	30.314
saint pierre	RE	-21.339	55.478
saint priest	FR	45.697	4.944
saint quentin	FR	49.849	3.288
saint quentin en yvelines	FR	48.772	2.019
saint thomas mount	IN	13.003	80.196
sainte foy	CA	46.781	-71.292
sainthia	IN	23.948	87.68
saipan	MP	15.212	145.755
saitama	JP	35.908	139.657
sakado	JP	35.957	139.389
sakai	JP	34.582	135.467
sakaidecho	JP	34.323	133.836
sakakah	SA	29.97	40.206
sakata	JP	38.917	139.855
sakete	BJ	6.736	2.659
sakhipur	BD	24.32	90.169
saki	NG	8.668	3.394
sakiet ed daier	TN	34.794	10.806
sakiet ez zit	TN	34.802	10.764
sakon nakhon	TH	17.161	104.147
sakrand	PK	26.138	68.274
saku	JP	36.217	138.483
sakura	JP	35.717	140.233
sakurai	JP	34.5	135.85
sal sk	RU	46.475	41.542
salaberry de valleyfield	CA	45.25	-74.133
salalah	OM	17.015	54.092
salama	GT	15.102	-90.319
salamanca	ES	40.43	-3.68
salamanca	MX	20.57	-101.198
salaqi	CN	40.541	110.511
salatiga	ID	-7.332	110.493
salavat	RU	53.383	55.911
salcedo	DO	19.378	-70.417
saldanha	ZA	-33.012	17.944
sale	GB	53.425	-2.324
sale	MA	34.053	-6.798
sale al jadida	MA	33.997	-6.74
salehieh	IR	35.505	51.191
salekhard	RU	66.534	66.61
salem	IN	11.654	78.155
salem	US	44.943	-123.035
salerno	IT	40.675	14.793
salford	GB	53.488	-2.29
salgueiro	BR	-8.074	-39.119
sali	SN	14.441	-17.019
salihli	TR	38.483	28.148
salima	MW	-13.78	34.459
salina	US	38.84	-97.611
salina cruz	MX	16.175	-95.194
salinas	BR	-16.17	-42.29
salinas	EC	-2.215	-80.952
salinas	US	36.678	-121.656
salinopolis	BR	-0.621	-47.354
salisbury	GB	51.069	-1.796
salmas	IR	38.197	44.765
salo	FI	60.383	23.133
salon de provence	FR	43.642	5.095
salt lake city	US	40.761	-111.891
salta	AR	-24.806	-65.42
saltillo	MX	25.426	-100.98
saltivka	UA	50.022	36.349
saltivskyi	UA	49.999	36.316
salto	BR	-23.201	-47.287
salto	UY	-31.388	-57.96
salto de pirapora	BR	-23.649	-47.573
salur	IN	18.517	83.205
salvador	BR	-12.976	-38.491
salvaleon de higueey	DO	18.615	-68.708
salvaleon de higuey	DO	18.615	-68.708
salwa	KW	29.296	48.079
salzburg	AT	47.799	13.044
salzgitter	DE	52.157	10.415
sam son	VN	19.733	105.9
sama il	OM	23.298	57.953
samal	PH	7.074	125.708
samalkot	IN	17.057	82.176
samalut	EG	28.312	30.71
samambaia	BR	-15.882	-48.104
samana	IN	30.154	76.199
samandag	TR	36.08	35.976
samaniego	CO	1.338	-77.596
samannud	EG	30.962	31.241
samar	UA	48.629	35.259
samara	ET	11.793	41.006
samara	RU	53.208	50.136
samarinda	ID	-0.492	117.146
samarkand	UZ	39.655	66.964
samarra	IQ	34.196	43.886
samastipur	IN	25.862	85.78
samba	AO	-8.88	13.196
sambalpur	IN	21.465	83.976
sambava	MG	-14.267	50.167
sambhal	IN	28.585	78.57
sambizanga	AO	-8.789	13.275
sambrial	PK	32.478	74.353
samch on	KP	38.359	125.326
samfya	ZM	-11.365	29.557
saminaka	NG	10.412	8.687
sammamish	US	47.642	-122.08
sampang	ID	-7.187	113.239
sampit	ID	-2.531	112.95
samsun	TR	41.28	36.336
samut prakan	TH	13.598	100.597
samut sakhon	TH	13.548	100.274
san	ML	13.297	-4.896
san andres	CO	12.579	-81.7
san andres tuxtla	MX	18.449	-95.213
san angelo	US	31.464	-100.437
san antonio	CL	-33.595	-71.607
san antonio	PY	-25.421	-57.547
san antonio	US	29.424	-98.494
san antonio de los altos	VE	10.389	-66.952
san antonio de los banos	CU	22.889	-82.506
san antonio del tachira	VE	7.811	-72.444
san bartolome de tirajana	ES	27.925	-15.573
san benedetto del tronto	IT	42.957	13.877
san bernardino	US	34.108	-117.29
san bernardino tlaxcalancingo	MX	19.029	-98.277
san bernardo	CL	-33.592	-70.7
san blas canillejas	ES	40.439	-3.615
san bruno	US	37.63	-122.411
san buenaventura	MX	19.302	-98.863
san carlo all arena	IT	40.865	14.263
san carlos	VE	9.664	-68.587
san carlos de bariloche	AR	-41.146	-71.308
san carlos del zulia	VE	9.001	-71.927
san chaung	MM	17.095	96.099
san clemente	US	33.427	-117.612
san cristobal	CU	22.717	-83.056
san cristobal	DO	18.417	-70.107
san cristobal	VE	7.766	-72.236
san cristobal de las casas	MX	16.73	-92.638
san diego	ES	40.39	-3.668
san diego	US	32.716	-117.165
san dona di piave	IT	45.63	12.568
san felipe	CL	-32.75	-70.726
san felipe	VE	10.34	-68.743
san fernando	ES	36.476	-6.198
san fernando	PE	-8.398	-74.538
san fernando	PH	15.034	120.684
san fernando	TT	10.28	-61.468
san fernando de apure	VE	7.89	-67.472
san francisco	AR	-31.425	-62.084
san francisco	CR	9.994	-84.127
san francisco	PH	8.536	125.95
san francisco	US	37.775	-122.419
san francisco de borja	PE	-12.089	-76.999
san francisco de macoris	DO	19.294	-70.253
san francisco del rincon	MX	21.019	-101.858
san francisco el alto	GT	14.945	-91.443
san francisco tesistan	MX	20.797	-103.477
san gabriel	US	34.096	-118.106
san german	CU	20.6	-76.135
san gil	CO	6.56	-73.136
san giorgio a cremano	IT	40.833	14.342
san ildefonso	PH	15.081	120.941
san isidro	AR	-34.47	-58.521
san isidro	ES	40.397	-3.728
san isidro	PE	-12.097	-77.043
san jacinto	US	33.784	-116.959
san javier	CL	-35.595	-71.729
san joaquin	VE	10.261	-67.793
san jose	CR	9.934	-84.085
san jose	PH	12.353	121.068
san jose	US	37.339	-121.895
san jose de guanipa	VE	8.887	-64.165
san jose de las lajas	CU	22.961	-82.152
san jose del cabo	MX	23.054	-109.704
san jose del guaviare	CO	2.568	-72.64
san jose del monte	PH	14.814	121.045
san jose pinula	GT	14.546	-90.413
san josecito	VE	7.661	-72.22
san juan	AR	-31.537	-68.526
san juan	PE	-3.776	-73.281
san juan	PH	14.6	121.033
san juan	PR	18.466	-66.106
san juan bautista	VE	11.012	-63.944
san juan de la maguana	DO	18.806	-71.226
san juan de los lagos	MX	21.249	-102.33
san juan de los morros	VE	9.912	-67.354
san juan del cesar	CO	10.771	-73.003
san juan del rio	MX	20.389	-99.996
san juan sacatepequez	GT	14.719	-90.644
san justo	AR	-34.681	-58.564
san leandro	US	37.725	-122.156
san leonardo	PH	15.363	120.964
san lorenzo	AR	-28.134	-58.767
san lorenzo	IT	40.857	14.265
san lorenzo	PY	-25.34	-57.509
san luis	AR	-33.291	-66.325
san luis	CU	20.188	-75.85
san luis de la paz	MX	21.298	-100.515
san luis obispo	US	35.283	-120.66
san luis potosi	MX	22.152	-100.971
san luis rio colorado	MX	32.456	-114.77
san marcos	CO	8.66	-75.128
san marcos	GT	14.964	-91.795
san marcos	SV	13.661	-89.183
san marcos	US	33.143	-117.166
san martin	AR	-33.083	-68.473
san martin	PE	-5.186	-80.669
san martin texmelucan de labastida	MX	19.284	-98.439
san mateo	PH	14.698	121.124
san mateo	US	37.563	-122.326
san mateo	VE	10.213	-67.424
san mateo atenco	MX	19.268	-99.532
san miguel	AR	-34.543	-58.712
san miguel	PE	-15.478	-70.125
san miguel	PH	15.142	120.976
san miguel	SV	13.483	-88.182
san miguel de allende	MX	20.915	-100.744
san miguel de tucuman	AR	-26.816	-65.211
san miguel del padron	CU	23.095	-82.327
san miguelito	PA	9.05	-79.471
san nicolas de los arroyos	AR	-33.334	-60.211
san nicolas de los garza	MX	25.742	-100.302
san pablo	PH	14.068	121.326
san pablo de las salinas	MX	19.667	-99.095
san pedro	AR	-33.679	-59.666
san pedro	CI	4.749	-6.636
san pedro	MX	25.756	-102.984
san pedro	PH	14.36	121.047
san pedro	US	33.736	-118.292
san pedro ayampuc	GT	14.779	-90.453
san pedro de copan	HN	14.617	-88.867
san pedro de jujuy	AR	-24.231	-64.866
san pedro de la paz	CL	-36.839	-73.1
san pedro de macoris	DO	18.454	-69.309
san pedro garza garcia	MX	25.662	-100.403
san pedro sacatepequez	GT	14.968	-91.762
san pedro sula	HN	15.506	-88.026
san rafael	AR	-34.615	-68.332
san rafael	US	37.974	-122.531
san rafael	VE	10.962	-71.73
san ramon	US	37.78	-121.978
san ramon de la nueva oran	AR	-23.137	-64.324
san salvador	SV	13.689	-89.187
san salvador de jujuy	AR	-24.193	-65.293
san salvador tizatlalli	MX	19.26	-99.591
san sebastian	ES	43.313	-1.975
san sebastian de los reyes	ES	40.556	-3.627
san severo	IT	41.686	15.381
san tan valley	US	33.191	-111.528
san timoteo	VE	9.79	-71.071
san tung chung hang	HK	22.279	113.943
san vicent del raspeig	ES	38.396	-0.525
san vicente	AR	-35.025	-58.424
san vicente	SV	13.641	-88.785
san vicente de tagua tagua	CL	-34.439	-71.078
sanaa	YE	15.355	44.206
sanand	IN	22.992	72.382
sanandaj	IR	35.315	46.999
sancaktepe	TR	41.002	29.232
sanchazi	CN	42.082	126.6
sanchuan	CN	26.75	100.659
sancti spiritus	CU	21.934	-79.44
sandacho	JP	34.884	135.227
sandakan	MY	5.84	118.118
sandaohezi	CN	44.326	85.62
sandefjord	NO	59.131	10.217
sandikli	TR	38.465	30.269
sandila	IN	27.07	80.515
sandnes	NO	58.852	5.735
sandu	CN	19.789	109.215
sandwip	BD	22.514	91.455
sandy	US	40.592	-111.884
sandy hills	US	40.581	-111.851
sandy springs	US	33.924	-84.379
sandıklı	TR	38.465	30.269
sanford	US	28.801	-81.273
sangamner	IN	19.568	74.212
sangarebougou	ML	12.706	-7.903
sangareddi	IN	17.625	78.087
sangaredi	GN	11.1	-13.767
sanghar	PK	26.047	68.949
sangju	KR	36.415	128.161
sangkapura	ID	-5.845	112.652
sangla hill	PK	31.717	73.383
sangli	IN	16.854	74.564
sangmelima	CM	2.933	11.983
sangrur	IN	30.245	75.845
sangyoung	MM	16.806	96.134
sanhe	CN	39.98	117.069
sanhui	CN	30.082	106.591
sanjiao	CN	29.488	105.868
sanjo	JP	37.617	138.95
sankarankovil	IN	9.17	77.541
sankeshu	CN	26.564	108.066
sankt augustin	DE	50.775	7.197
sankt gallen	CH	47.424	9.375
sanliurfa	TR	37.167	38.794
sanlucar de barrameda	ES	36.778	-6.351
sanlıurfa	TR	37.167	38.794
sanmenxia	CN	34.781	111.193
sanming	CN	26.249	117.619
sanmu	JP	35.628	140.418
sano	JP	36.317	139.583
sanremo	IT	43.817	7.777
sanshui	CN	23.155	112.892
sant ana do livramento	BR	-30.891	-55.533
sant andreu	ES	41.435	2.19
sant boi de llobregat	ES	41.344	2.037
sant cugat del valles	ES	41.471	2.086
sant feliu de llobregat	ES	41.383	2.05
sant gervasi   galvany	ES	41.398	2.143
sant marti	ES	41.418	2.199
santa ana	PH	15.095	120.767
santa ana	SV	13.988	-89.557
santa ana	US	33.746	-117.868
santa ana chiautempan	MX	19.307	-98.188
santa anita   los ficus	PE	-12.05	-76.973
santa barbara	US	34.421	-119.698
santa barbara	VE	7.813	-71.178
santa barbara d oeste	BR	-22.754	-47.414
santa catarina	MX	25.673	-100.458
santa catarina pinula	GT	14.57	-90.499
santa cecilia	BR	-23.532	-46.653
santa clara	CU	22.407	-79.966
santa clara	US	37.354	-121.955
santa clarita	US	34.392	-118.543
santa coloma de gramenet	ES	41.452	2.208
santa cruz	PH	14.6	120.983
santa cruz	US	36.974	-122.031
santa cruz de barahona	DO	18.209	-71.101
santa cruz de la sierra	BO	-17.786	-63.181
santa cruz de mara	VE	10.793	-71.685
santa cruz de tenerife	ES	28.468	-16.255
santa cruz de yojoa	HN	14.981	-87.891
santa cruz del quiche	GT	15.03	-91.149
santa cruz do capibaribe	BR	-7.957	-36.205
santa cruz do rio pardo	BR	-22.899	-49.633
santa cruz do sul	BR	-29.718	-52.426
santa cruz xoxocotlan	MX	17.03	-96.735
santa elena	EC	-2.227	-80.858
santa fe	AR	-31.649	-60.709
santa fe	US	35.687	-105.938
santa helena	BR	-2.231	-45.3
santa ines	BR	-3.667	-45.38
santa isabel	BR	-23.316	-46.221
santa isabel do para	BR	-1.299	-48.161
santa lucia	AR	-31.541	-68.498
santa lucia	ES	27.912	-15.541
santa lucia cotzumalguapa	GT	14.335	-91.023
santa luzia	BR	-19.77	-43.851
santa maria	BR	-29.684	-53.807
santa maria	US	34.953	-120.436
santa maria chimalhuacan	MX	19.422	-98.95
santa maria da boa vista	BR	-8.808	-39.826
santa maria de jetiba	BR	-20.027	-40.743
santa marta	CO	11.239	-74.194
santa monica	US	34.019	-118.491
santa quiteria	BR	-4.332	-40.157
santa rita	BR	-7.114	-34.978
santa rita do sapucai	BR	-22.252	-45.703
santa rosa	AR	-36.616	-64.29
santa rosa	BR	-27.871	-54.481
santa rosa	EC	-3.456	-79.964
santa rosa	PH	14.312	121.111
santa rosa	US	38.44	-122.714
santa rosa de cabal	CO	4.869	-75.622
santa rosalia de camargo	MX	27.679	-105.172
santa tecla	SV	13.677	-89.283
santa teresa del tuy	VE	10.233	-66.665
santana	BR	-0.038	-51.175
santana de parnaiba	BR	-23.444	-46.918
santana do ipanema	BR	-9.378	-37.245
santana do paraiso	BR	-19.364	-42.569
santander	ES	43.466	-3.805
santander de quilichao	CO	3.01	-76.485
santangpu	CN	27.406	111.987
santarem	BR	-2.443	-54.708
santee	US	32.838	-116.974
santiago	BR	-29.192	-54.867
santiago	CL	-33.457	-70.648
santiago	PE	-13.527	-71.984
santiago	PH	16.688	121.549
santiago de compostela	ES	42.881	-8.546
santiago de cuba	CU	20.023	-75.822
santiago de los caballeros	DO	19.45	-70.691
santiago de queretaro	MX	20.588	-100.388
santiago de surco	PE	-12.136	-77.007
santiago de veraguas	PA	8.1	-80.983
santiago del estero	AR	-27.8	-64.263
santiago teyahualco	MX	19.66	-99.125
santo amaro	BR	-23.645	-46.704
santo andre	BR	-23.664	-46.538
santo angelo	BR	-28.299	-54.263
santo antonio	CN	22.202	113.544
santo antonio da patrulha	BR	-29.817	-50.52
santo antonio da platina	BR	-23.295	-50.077
santo antonio de jesus	BR	-12.969	-39.261
santo antonio de padua	BR	-21.539	-42.18
santo antonio do descoberto	BR	-15.94	-48.255
santo antonio dos olivais	PT	40.218	-8.405
santo domingo	CU	22.587	-80.243
santo domingo	DO	18.472	-69.892
santo domingo de los colorados	EC	-0.254	-79.176
santo domingo este	DO	18.485	-69.848
santo domingo oeste	DO	18.5	-70.0
santo domingo tehuantepec	MX	16.325	-95.241
santo estevao	BR	-12.43	-39.251
santo tomas	PH	14.108	121.141
santo tome	AR	-31.663	-60.765
santol	PH	15.162	120.567
santos	BR	-23.961	-46.334
santos dumont	BR	-21.457	-43.553
sants	ES	41.374	2.138
sants montjuic	ES	41.373	2.155
santurtzi	ES	43.328	-3.032
santutxu	ES	43.253	-2.916
santyoku	KR	37.441	129.171
sanxia	TW	24.934	121.371
sanya	CN	18.254	109.509
sanyoonoda	JP	34.032	131.16
sanzhuang	CN	35.503	119.172
sao benedito	BR	-4.049	-40.865
sao bento	BR	-2.696	-44.821
sao bento do sul	BR	-26.25	-49.379
sao bento do una	BR	-8.523	-36.444
sao bernardo do campo	BR	-23.694	-46.565
sao borja	BR	-28.661	-56.004
sao caetano do sul	BR	-23.623	-46.551
sao carlos	BR	-22.017	-47.891
sao cristovao	BR	-11.015	-37.206
sao domingos	BR	-23.493	-46.748
sao domingos de rana	PT	38.702	-9.341
sao felix do xingu	BR	-6.645	-51.995
sao fidelis	BR	-21.646	-41.747
sao francisco	BR	-15.949	-44.864
sao francisco de itabapoana	BR	-21.302	-40.961
sao francisco do sul	BR	-26.243	-48.638
sao gabriel	BR	-30.336	-54.32
sao gabriel da cachoeira	BR	-0.118	-67.085
sao goncalo	BR	-22.827	-43.054
sao goncalo do amarante	BR	-5.793	-35.329
sao gotardo	BR	-19.311	-46.049
sao joao da boa vista	BR	-21.969	-46.798
sao joao de meriti	BR	-22.804	-43.372
sao joao del rei	BR	-21.136	-44.262
sao joaquim da barra	BR	-20.581	-47.855
sao jose	BR	-27.615	-48.627
sao jose de mipibu	BR	-6.075	-35.238
sao jose de ribamar	BR	-2.556	-44.06
sao jose do rio pardo	BR	-21.596	-46.889
sao jose do rio preto	BR	-20.82	-49.379
sao jose dos campos	BR	-23.179	-45.887
sao jose dos pinhais	BR	-25.53	-49.208
sao leopoldo	BR	-29.76	-51.147
sao lourenco	BR	-22.116	-45.054
sao lourenco	CN	22.189	113.535
sao lourenco da mata	BR	-8.002	-35.018
sao lourenco do sul	BR	-31.365	-51.978
sao lucas	BR	-23.595	-46.544
sao luis	BR	-2.53	-44.303
sao mateus	BR	-23.606	-46.479
sao mateus do sul	BR	-25.874	-50.383
sao miguel	BR	-23.494	-46.432
sao miguel d oeste	BR	-26.725	-53.518
sao miguel do guama	BR	-1.627	-47.483
sao miguel dos campos	BR	-9.781	-36.094
sao paulo	BR	-23.547	-46.636
sao paulo de olivenca	BR	-3.378	-68.873
sao pedro da aldeia	BR	-22.839	-42.103
sao rafael	BR	-23.628	-46.454
sao roque	BR	-23.529	-47.135
sao sebastiao	BR	-15.903	-47.776
sao sebastiao do paraiso	BR	-20.917	-46.991
sao sebastiao do passe	BR	-12.512	-38.495
sao tome	ST	0.338	6.73
sao vicente	BR	-23.963	-46.392
saonre	BF	12.275	-1.577
sape	BR	-7.096	-35.233
sapele	NG	5.894	5.677
saphan sung	TH	13.77	100.685
sapiranga	BR	-29.638	-51.007
sapopemba	BR	-23.596	-46.525
sapporo	JP	43.067	141.35
sapucaia do sul	BR	-29.818	-51.146
saqqez	IR	36.25	46.273
saquarema	BR	-22.899	-42.47
sar e pul	AF	36.215	65.932
sarab	IR	37.941	47.537
saraburi	TH	14.533	100.917
sarai alamgir	PK	32.905	73.755
sarajevo	BA	43.849	18.356
sarakhs	IR	36.545	61.158
saran	KZ	49.802	72.832
sarandi	AR	-34.682	-58.346
sarandi	BR	-23.444	-51.874
saransk	RU	54.185	45.172
sarapul	RU	56.476	53.798
sarasota	US	27.336	-82.531
saratov	RU	51.54	45.99
saravan	IR	27.371	62.331
sarcelles	FR	48.997	2.378
sardarshahr	IN	28.441	74.491
sardasht	IR	36.155	45.479
sardhana	IN	29.146	77.614
sargodha	PK	32.086	72.674
sarh	TD	9.146	18.383
sari	IR	36.563	53.06
sariaya	PH	13.962	121.526
sarikei	MY	2.117	111.517
sarishabari	BD	24.751	89.831
sariwon si	KP	38.507	125.756
sarni	IN	22.103	78.172
sarnia	CA	42.979	-82.404
sarov	RU	54.948	43.315
sarpol e zahab	IR	34.461	45.863
sarpsborg	NO	59.284	11.11
sarqant	KZ	45.413	79.917
sarria sant gervasi	ES	41.401	2.139
sartrouville	FR	48.948	2.192
sasaram	IN	24.949	84.016
sasayama	JP	35.067	135.217
sasebo	JP	33.168	129.725
saskatoon	CA	52.132	-106.669
sasolburg	ZA	-26.814	27.817
sassari	IT	40.726	8.556
satara	IN	17.686	73.993
sathon	TH	13.709	100.526
sathorn	TH	13.75	100.517
sathupalli	IN	17.25	80.869
satka	RU	55.041	59.047
satkania	BD	22.076	92.05
satkhira	BD	22.708	89.072
satna	IN	24.577	80.827
satpayev	KZ	47.904	67.541
sattahip	TH	12.666	100.902
satte	JP	36.073	139.726
sattenapalle	IN	16.394	80.152
satu mare	RO	47.799	22.863
sau mau ping	HK	22.32	114.235
saugor	IN	23.839	78.739
sault ste  marie	CA	46.517	-84.333
saunda	IN	23.665	85.327
saundatti	IN	15.766	75.118
saurimo	AO	-9.661	20.392
savannah	US	32.084	-81.1
savannakhet	LA	16.57	104.762
savanur	IN	14.973	75.337
savar	BD	23.849	90.25
savarkundla	IN	21.337	71.303
saveh	IR	35.021	50.357
savelugu	GH	9.624	-0.827
savona	IT	44.309	8.477
sawai madhopur	IN	26.023	76.344
sawangan	ID	-6.403	106.774
sawara	JP	35.883	140.5
sayama	JP	35.853	139.412
sayanogorsk	RU	53.1	91.407
sayansk	RU	54.113	102.178
sayhat	SA	26.483	50.048
sayreville	US	40.459	-74.361
sayreville junction	US	40.465	-74.33
sayyan	YE	15.172	44.324
scafati	IT	40.76	14.537
scandicci	IT	43.754	11.188
scarborough	GB	54.28	-0.404
schaerbeek	BE	50.869	4.377
schaumburg	US	42.033	-88.083
schenectady	US	42.814	-73.94
schertz	US	29.552	-98.27
schiedam	NL	51.919	4.389
schoeneberg	DE	52.498	13.344
schoneberg	DE	52.498	13.344
schorndorf	DE	48.805	9.527
schwabisch gmund	DE	48.799	9.798
schwaebisch gmuend	DE	48.799	9.798
schweinfurt	DE	50.049	10.222
schweizer reneke	ZA	-27.189	25.329
schwerin	DE	53.629	11.413
schwerte	DE	51.444	7.567
sciacca	IT	37.507	13.084
scottsdale	US	33.509	-111.899
scranton	US	41.409	-75.665
scunthorpe	GB	53.579	-0.654
se	MO	22.191	113.547
seabra	BR	-12.417	-41.77
seattle	US	47.606	-122.332
sebeta	ET	8.917	38.617
sebikhotane	SN	14.745	-17.138
sebin karahisar	TR	40.288	38.424
secondigliano	IT	40.9	14.267
sector 1	RO	44.492	26.048
sector 2	RO	44.453	26.133
sector 3	RO	44.423	26.169
sector 4	RO	44.376	26.121
sector 5	RO	44.388	26.071
sector 6	RO	44.436	26.016
secunderabad	IN	17.504	78.543
sedrata	DZ	36.129	7.534
seeb	OM	23.67	58.189
seevetal	DE	53.4	9.967
sefrou	MA	33.832	-4.828
segamat	MY	2.515	102.816
segou	ML	13.44	-6.259
segovia	ES	40.948	-4.118
seguela	CI	7.961	-6.673
sehore	IN	23.2	77.083
sehwan	PK	26.425	67.861
seinaejoki	FI	62.794	22.828
seinajoki	FI	62.794	22.828
sejong	KR	36.592	127.292
sek ot a	ET	12.631	39.035
sekimachi	JP	35.483	136.917
sekondi	GH	4.934	-1.715
sekondi takoradi	GH	4.927	-1.758
selayang baru utara	MY	3.255	101.667
selebi phikwe	BW	-21.979	27.843
selong	ID	-8.65	116.532
selu	IN	19.455	76.441
selva alegre	PE	-16.371	-71.527
semarang	ID	-6.993	110.421
sembawang estate	SG	1.451	103.829
semenovskoye	RU	55.683	37.55
semenyih	MY	2.952	101.843
semey	KZ	50.421	80.25
semnan	IR	35.577	53.392
semporna	MY	4.482	118.611
sena madureira	BR	-9.063	-68.672
senador canedo	BR	-16.708	-49.093
sendai	JP	38.267	140.867
sendhwa	IN	21.686	75.096
sengerema	TZ	-2.667	32.65
sengkang	ID	-4.128	120.03
sengkang new town	SG	1.392	103.894
sengkurong	BN	4.883	114.833
senhor do bonfim	BR	-10.461	-40.189
sennan	JP	34.348	135.268
sennar	SD	13.569	33.567
sentani	ID	-2.569	140.513
sentul	MY	3.183	101.683
seodong	KR	33.484	126.493
seogwipo	KR	33.253	126.562
seohara	IN	29.209	78.588
seongnam si	KR	37.439	127.138
seoni	IN	22.085	79.55
seosan	KR	36.782	126.452
seoul	KR	37.566	126.978
sepang	MY	2.693	101.75
sepatan	ID	-6.119	106.575
seraing	BE	50.584	5.501
serang	ID	-6.115	106.154
serangoon	SG	1.363	103.897
serangoon new town	SG	1.351	103.871
sereflikochisar	TR	38.939	33.539
seregno	IT	45.65	9.205
serekunda	GM	13.438	-16.678
seremban	MY	2.73	101.938
seremban 2	MY	2.69	101.908
serendah	MY	3.365	101.604
sergeli	UZ	41.198	69.222
sergiyev posad	RU	56.312	38.139
seri kembangan	MY	3.033	101.717
seri manjung	MY	4.199	100.67
serian	MY	1.167	110.567
serilingampalle	IN	17.493	78.302
seropedica	BR	-22.744	-43.708
serov	RU	59.597	60.586
serowe	BW	-22.388	26.711
serpong	ID	-6.317	106.664
serpukhov	RU	54.92	37.416
serra	BR	-20.129	-40.308
serra talhada	BR	-7.992	-38.298
serrana	BR	-21.211	-47.596
serres	GR	41.085	23.548
serrinha	BR	-11.664	-39.008
sertaozinho	BR	-21.138	-47.99
sertolovo	RU	60.144	30.202
sesimbra	PT	38.445	-9.101
sesto fiorentino	IT	43.832	11.199
sesto san giovanni	IT	45.533	9.226
sesvete	HR	45.831	16.116
set ka lay	MM	16.814	96.114
setagaya	JP	35.642	139.647
setapak	MY	3.207	101.727
sete	FR	43.403	3.693
sete lagoas	BR	-19.466	-44.247
setia alam	MY	3.102	101.456
setia tropika	MY	1.546	103.718
setif	DZ	36.191	5.414
seto	JP	35.233	137.1
settat	MA	33.001	-7.617
settimo torinese	IT	45.139	7.77
settsu	JP	34.778	135.595
setubal	PT	38.524	-8.888
sevastopol	UA	44.608	33.521
severn	US	39.137	-76.698
severnyy	RU	55.936	37.549
severodvinsk	RU	64.558	39.83
severomorsk	RU	69.069	33.408
seversk	RU	56.601	84.886
sevilla	CO	4.265	-75.932
sevilla	ES	37.383	-5.973
sevran	FR	48.945	2.527
sewon	ID	-7.876	110.359
seydisehir	TR	37.419	31.845
sfantu gheorghe	RO	45.867	25.783
sfax	TN	34.741	10.76
sh iariah	SD	12.439	25.581
sha tin	HK	22.383	114.183
sha tin wai	HK	22.378	114.198
shabqadar	PK	34.216	71.555
shache	CN	38.417	77.241
shadegan	IR	30.649	48.665
shadrinsk	RU	56.086	63.638
shagamu	NG	6.848	3.646
shah alam	MY	3.085	101.533
shahabad	IN	27.643	79.94
shahada	IN	21.545	74.471
shahdad kot	PK	27.847	67.907
shahdadpur	PK	25.925	68.623
shahdol	IN	23.294	81.362
shahecheng	CN	36.938	114.506
shahin dezh	IR	36.679	46.567
shahin shahr	IR	32.858	51.553
shahjanpur	IN	27.882	79.909
shahkot	PK	31.571	73.485
shahpur	IN	16.696	76.842
shahr e babak	IR	30.116	55.119
shahr e kord	IR	32.326	50.857
shahr e sadra	IR	29.8	52.502
shahrak e pardisan	IR	34.557	50.802
shahre jadide andisheh	IR	35.68	51.019
shahreza	IR	32.009	51.864
shahriar	IR	35.659	51.058
shahrisabz	UZ	39.058	66.834
shahrixon	UZ	40.713	72.057
shahrud	IR	36.418	54.976
shahuwadi	IN	16.91	73.947
shahzadpur	BD	24.177	89.599
shajapur	IN	23.426	76.278
shaji	CN	33.9	118.133
shajing	CN	22.746	113.819
shajing town	CN	22.738	113.808
shakargarh	PK	32.264	75.16
shakhtarsk	UA	48.057	38.438
shakhtinsk	KZ	49.707	72.593
shakhty	RU	47.719	40.216
shakiso	ET	5.765	38.91
sham shui po	HK	22.33	114.159
shamakhi	AZ	40.631	48.641
shamkhir	AZ	40.83	46.018
shamli	IN	29.45	77.31
shancheng	CN	34.795	116.082
shanghai	CN	31.222	121.458
shangkou	CN	36.966	118.883
shangluo	CN	33.867	109.931
shangmei	CN	27.743	111.296
shangqiu	CN	34.414	115.656
shangrao	CN	28.452	117.943
shangri la	CN	27.825	99.708
shangsi	CN	22.156	107.98
shangyu	CN	30.016	120.871
shangyun	CN	23.052	99.828
shangzhi	CN	45.206	128.002
shanhaiguan	CN	40.001	119.754
shanhecun	CN	45.711	128.58
shanji	CN	34.205	117.596
shankou	CN	21.6	109.717
shanting	CN	35.075	117.458
shantipur	IN	23.247	88.433
shantou	CN	23.355	116.679
shanwang	CN	36.545	118.711
shanwei	CN	22.782	115.347
shaoguan	CN	24.8	113.583
shaoshan	CN	27.917	112.517
shaowu	CN	27.341	117.483
shaoxing	CN	30.002	120.579
shaoyang	CN	27.238	111.462
shaozhuang	CN	36.747	118.317
shap pat heung	HK	22.425	114.036
shaping	CN	22.77	112.958
sharifabad	PK	33.434	73.363
sharjah	AE	25.334	55.412
sharypovo	RU	55.54	89.201
shashamane	ET	7.2	38.6
shawnee	US	39.042	-94.72
shchekino	RU	54.007	37.506
shchuchinsk	KZ	52.936	70.189
shchukino	RU	55.8	37.45
shchyolkovo	RU	55.925	37.972
shebekino	RU	50.413	36.925
sheboygan	US	43.751	-87.715
sheepshead bay	US	40.591	-73.945
shefar am	IL	32.806	35.169
sheffield	GB	53.383	-1.466
shegaon	IN	20.793	76.699
sheikhpura	IN	25.14	85.841
shekhupura	PK	31.713	73.986
sheki	AZ	41.192	47.171
sheladiz	IQ	37.033	43.776
shelby	US	42.671	-83.033
shelekhov	RU	52.216	104.099
shella	IN	25.179	91.64
shelton	US	41.316	-73.093
shendi	SD	16.692	33.434
shengavit	AM	40.156	44.478
shenglilu	CN	29.35	105.877
shenjiamen	CN	29.958	122.298
shenliu	CN	29.414	112.164
shenyang	CN	41.792	123.433
shenzhen	CN	22.546	114.068
shenzhen city centre	CN	22.536	114.077
sheopur	IN	25.665	76.696
shepetivka	UA	50.181	27.065
sheptytskyi	UA	50.394	24.239
sherbrooke	CA	45.4	-71.899
sherghati	IN	24.559	84.792
sherkot	IN	29.327	78.574
sherman	US	33.636	-96.609
sherman oaks	US	34.151	-118.449
sherpur	BD	25.019	90.018
shertallai	IN	9.686	76.34
sherwood park	CA	53.517	-113.319
shevchenkivskyi	UA	50.02	36.225
shevchenko	UA	49.565	34.539
shibata	JP	37.95	139.333
shibganj	BD	25.001	89.323
shibin al kawm	EG	30.553	31.009
shibin al qanatir	EG	30.313	31.32
shibirghan	AF	36.668	65.753
shibukawa	JP	36.483	139.0
shibuya	JP	35.659	139.707
shibuzi	CN	36.124	119.103
shido	JP	34.323	134.173
shiguai	CN	40.706	110.286
shihao	CN	28.541	106.681
shihezi	CN	44.302	86.037
shiji	CN	34.2	118.483
shijiao	CN	28.924	106.756
shijiazhuang	CN	38.041	114.479
shijie	CN	23.095	113.792
shijonawate	JP	34.733	135.683
shikang	CN	21.767	109.317
shikarpur	PK	27.956	68.638
shiki	JP	35.833	139.583
shikohabad	IN	27.108	78.587
shikokuchuo	JP	33.975	133.549
shilin	CN	24.819	103.332
shillong	IN	25.569	91.883
shilong	CN	23.114	113.847
shima	CN	28.988	105.924
shima	JP	34.333	136.833
shimabara	JP	32.783	130.367
shimada	JP	34.817	138.183
shime	JP	33.587	130.487
shimla	IN	31.104	77.167
shimo tsuma	JP	36.183	139.967
shimodate	JP	36.3	139.983
shimonoseki	JP	33.955	130.937
shimotoda	JP	35.815	139.685
shimotsuke	JP	36.413	139.866
shinagawa	JP	33.636	133.006
shinas	OM	24.743	56.467
shinden	JP	36.0	139.625
shinjo	JP	38.759	140.301
shinjuku	JP	35.691	139.709
shinshiro	JP	34.9	137.5
shinyanga	TZ	-3.664	33.421
shiogama	JP	38.317	141.033
shiojiri	JP	36.1	137.967
shiqi	CN	22.517	113.385
shiqiao	CN	22.946	113.358
shiqiaozi	CN	36.162	119.263
shiquan	CN	33.041	108.236
shirakawa	JP	37.12	140.262
shiraoka	JP	36.018	139.66
shiraz	IR	29.61	52.531
shirbin	EG	31.197	31.524
shiroi	JP	35.8	140.067
shirone	JP	37.764	139.022
shirpur	IN	21.348	74.88
shirvan	IR	37.397	57.93
shitanjing	CN	39.234	106.344
shivaji nagar	IN	18.53	73.853
shivamogga	IN	13.932	75.568
shivpuri	IN	25.424	77.662
shiwan	CN	23.001	113.077
shixing	CN	24.948	114.066
shiyan	CN	32.648	110.778
shizhai	CN	34.806	116.639
shizilu	CN	35.171	118.829
shizuishan	CN	38.981	106.389
shizuoka	JP	34.983	138.383
shkoder	AL	42.068	19.513
sholapur	IN	17.672	75.91
shomolu	NG	6.539	3.374
shone	ET	7.133	37.95
shoranur	IN	10.762	76.271
shorapur	IN	16.521	76.757
shoreline	US	47.756	-122.342
shorkot	PK	31.91	70.878
shostka	UA	51.864	33.473
shouguang	CN	36.88	118.737
shouxian	CN	34.846	116.459
shreveport	US	32.525	-93.75
shrewsbury	GB	52.71	-2.752
shrirampur	IN	22.753	88.342
shtip	MK	41.746	22.196
shuangcheng	CN	45.38	126.307
shuangfengqiao	CN	29.719	106.627
shuangfu	CN	29.414	106.27
shuanggou	CN	34.035	117.578
shuanghe	CN	29.321	105.569
shuangliao	CN	43.511	123.501
shuanglong	CN	28.452	104.345
shuanglonghu	CN	29.716	106.607
shuangyang	CN	43.523	125.659
shuangyashan	CN	46.677	131.133
shubra al khaymah	EG	30.125	31.251
shubrakhit	EG	31.028	30.715
shuifu	CN	28.632	104.408
shuijiang	CN	29.248	107.284
shuikou	CN	23.984	115.896
shuitu	CN	29.782	106.497
shuizhai	CN	23.93	115.765
shujaabad	PK	29.881	71.293
shujalpur	IN	23.407	76.71
shulan	CN	44.411	126.948
shulin	TW	24.991	121.422
shulyavka	UA	50.454	30.453
shumen	BG	43.271	26.923
shunan	JP	34.081	131.826
shunhe	CN	34.842	116.557
shunyi	CN	40.122	116.648
shuozhou	CN	39.316	112.422
shush	IR	32.194	48.244
shushtar	IR	32.05	48.848
shuya	RU	56.849	41.387
shwebo	MM	22.569	95.698
shwegu	MM	24.227	96.791
shyamnagar	IN	22.833	88.367
shymkent	KZ	42.31	69.6
shyorongi	RW	-1.854	29.962
si maha phot	TH	13.966	101.514
si racha	TH	13.173	100.932
si sa ket	TH	15.115	104.329
sialkot	PK	32.493	74.531
siauliai	LT	55.933	23.317
sibay	RU	52.718	58.667
sibi	PK	29.543	67.877
sibiu	RO	45.8	24.15
sibolga	ID	1.74	98.781
sibonga	PH	10.017	123.617
sibsagar	IN	26.984	94.638
sibu	MY	2.3	111.817
sicklerville	US	39.717	-74.969
siddhapur	IN	23.918	72.372
siddharthanagar	NP	27.5	83.45
siddipet	IN	18.105	78.849
sidhi	IN	24.404	81.88
sidi aissa	DZ	35.885	3.772
sidi amar	DZ	36.82	7.716
sidi bel abbes	DZ	35.19	-0.631
sidi bennour	MA	32.652	-8.428
sidi bouzid	TN	35.038	9.485
sidi husayn	TN	36.756	10.118
sidi kacem	MA	34.221	-5.708
sidi salim	EG	31.271	30.786
sidi slimane	MA	34.265	-5.926
sidi taibi	MA	34.187	-6.682
sidi yahia el gharb	MA	34.305	-6.304
sidikalang	ID	2.749	98.313
sidlaghatta	IN	13.389	77.864
sidoarjo	ID	-7.448	112.718
sidon	LB	33.558	35.371
sidrolandia	BR	-20.932	-54.961
siedlce	PL	52.168	22.29
siegen	DE	50.875	8.024
siem reap	KH	13.362	103.861
siemianowice slaskie	PL	50.327	19.029
siena	IT	43.318	11.331
sieradz	PL	51.596	18.73
sierra vista	US	31.555	-110.304
sig	DZ	35.528	-0.194
sighetu marmatiei	RO	47.932	23.886
siguatepeque	HN	14.597	-87.831
siguiri	GN	11.423	-9.169
sihanoukville	KH	10.609	103.53
siheungdong	KR	37.452	126.911
sihor	IN	21.711	71.962
sihora	IN	23.487	80.104
sihu	CN	34.626	117.971
siirt	TR	37.929	41.941
sijung	KP	41.079	126.375
sikandarabad	IN	28.452	77.7
sikandra rao	IN	27.689	78.38
sikar	IN	27.612	75.14
sikasso	ML	11.318	-5.667
silainiai	LT	54.929	23.886
silang	PH	14.216	120.971
silao de la victoria	MX	20.944	-101.427
silchar	IN	24.827	92.798
silifke	TR	36.378	33.934
siliguri	IN	26.71	88.429
silivri	TR	41.074	28.246
silkeborg	DK	56.17	9.545
sillanwali	PK	31.825	72.541
sillod	IN	20.303	75.653
silopi	TR	37.244	42.463
silvan	TR	38.137	41.008
silvassa	IN	20.274	72.997
silver spring	US	38.991	-77.026
simao dias	BR	-10.738	-37.811
simdega	IN	22.615	84.502
simele	IQ	36.858	42.85
simferopol	UA	44.957	34.111
simi valley	US	34.269	-118.781
simmering	AT	48.183	16.433
simoes filho	BR	-12.784	-38.404
simpang empat	MY	4.95	100.633
simpang renggam	MY	1.825	103.311
sinah	IQ	36.809	43.039
sinan	KR	34.826	126.109
sincelejo	CO	9.305	-75.391
sinch on up	KP	38.353	125.484
sindelfingen	DE	48.7	9.017
sindhnur	IN	15.77	76.756
sinfra	CI	6.621	-5.911
singa	SD	13.148	33.931
singaparna	ID	-7.351	108.111
singapore	SG	1.29	103.85
singaraja	ID	-8.112	115.088
singen	DE	47.759	8.84
singida	TZ	-4.816	34.744
singkawang	ID	0.909	108.985
singkil	ID	2.287	97.788
singosari	ID	-7.892	112.666
singrauli	IN	24.2	82.675
sinhyeon	KR	34.883	128.627
sinjai	ID	-5.124	120.253
sinjhoro	PK	26.03	68.809
sinnar	IN	19.845	73.999
sinnuris	EG	29.413	30.866
sino singapore tianjin eco city	CN	39.153	117.784
sinop	BR	-11.864	-55.502
sinp o	KP	40.04	128.194
sint niklaas	BE	51.165	4.144
sintang	ID	0.067	111.5
sinuiju	KP	40.101	124.398
sinwon up	KP	38.235	125.762
siocon	PH	7.706	122.135
sioux city	US	42.5	-96.4
sioux falls	US	43.544	-96.728
sipalay	PH	9.752	122.404
sipe sipe	BO	-17.454	-66.357
siping	CN	43.161	124.378
sira	IN	13.742	76.904
siracusa	IT	37.075	15.287
sirajganj	BD	24.458	89.708
sirhind	IN	30.643	76.384
sirinhaem	BR	-8.591	-35.116
sirjan	IR	29.451	55.681
sirnak	TR	37.514	42.454
sironj	IN	24.103	77.691
sirs al layyanah	EG	30.443	30.97
sirsa	IN	29.535	75.029
sirsi	IN	14.621	74.836
sirsilla	IN	18.389	78.81
sirte	LY	31.209	16.589
siruguppa	IN	15.63	76.892
sirvan	AZ	39.938	48.929
sishui	CN	35.649	117.276
sisli	TR	41.06	28.987
sitamarhi	IN	26.594	85.491
sitapur	IN	27.562	80.683
sitiawan	MY	4.217	100.7
sitou	CN	36.313	118.412
sitrah	BH	26.155	50.621
sittard	NL	50.998	5.869
sittingbourne	GB	51.341	0.733
sittwe	MM	20.146	92.898
situbondo	ID	-7.706	114.01
siu lek yuen	HK	22.382	114.213
siuri	IN	23.908	87.528
sivaganga	IN	9.847	78.484
sivakasi	IN	9.45	77.798
sivas	TR	39.748	37.016
siverek	TR	37.755	39.317
siverskodonetsk	UA	48.944	38.488
siwan	IN	26.221	84.356
siyabuswa	ZA	-25.113	29.045
skanes	TN	35.775	10.795
skardu	PK	35.298	75.634
skarzysko kamienna	PL	51.113	20.872
skhidni kvartaly	UA	48.566	39.383
skhirate	MA	33.853	-7.032
skien	NO	59.21	9.609
skierniewice	PL	51.955	20.158
skikda	DZ	36.876	6.909
skokie	US	42.033	-87.733
skopje	MK	41.996	21.431
skudai	MY	1.537	103.658
slatina	RO	44.433	24.367
slavonski brod	HR	45.162	18.016
slavyansk na kubani	RU	45.251	38.121
slawi	ID	-6.982	109.141
sleman	ID	-7.716	110.356
sliven	BG	42.686	26.326
slobidskyi	UA	49.945	36.281
slobozia	RO	44.565	27.363
slonim	BY	53.088	25.317
slough	GB	51.509	-0.595
slovyansk	UA	48.85	37.597
slupsk	PL	54.464	17.029
slutsk	BY	53.015	27.542
smara	MA	26.738	-11.672
smederevo	RS	44.664	20.928
smethwick	GB	52.493	-1.967
smila	UA	49.233	31.884
smolensk	RU	54.778	32.051
smolyanskyi	UA	48.014	37.736
smyrna	US	33.884	-84.514
snezhinsk	RU	56.078	60.748
snizhne	UA	48.023	38.762
soacha	CO	4.579	-74.217
soavinandriana	MG	-19.167	46.733
sobradinho	BR	-15.647	-47.793
sobradinho ii	BR	-15.634	-47.835
sobral	BR	-3.686	-40.35
soc son	VN	21.258	105.849
soc trang	VN	9.6	105.972
soccavo	IT	40.846	14.193
sochi	RU	43.597	39.725
socopo	VE	8.231	-70.822
socorro	BR	-22.591	-46.529
sodegaura	JP	35.414	140.021
sodermalm	SE	59.313	18.076
sodertalje	SE	59.196	17.625
sodo	ET	6.86	37.762
soe	ID	-9.861	124.284
soedermalm	SE	59.313	18.076
soedertaelje	SE	59.196	17.625
soeke	TR	37.748	27.406
soest	DE	51.576	8.106
soest	NL	52.173	5.292
sofia	BG	42.698	23.324
sogamoso	CO	5.714	-72.934
sohag	EG	26.557	31.695
sohar	OM	24.347	56.709
soja	JP	34.675	133.751
sojat	IN	25.925	73.666
soka	JP	35.836	139.8
sokaraja	ID	-7.458	109.288
sokcho	KR	38.207	128.592
soke	TR	37.748	27.406
sokhumi	GE	43.007	40.989
sokode	TG	8.983	1.133
sokol	RU	55.8	37.517
sokol niki	RU	55.802	37.672
sokoto	NG	13.063	5.243
solan	IN	30.909	77.109
solana	PH	17.653	121.691
soledad	CO	10.918	-74.765
soledad de graciano sanchez	MX	22.189	-100.938
soligorsk	BY	52.79	27.536
solihull	GB	52.414	-1.781
solikamsk	RU	59.667	56.743
soliman	TN	36.696	10.492
solingen	DE	51.173	7.085
sollentuna	SE	59.428	17.951
solna	SE	59.36	18.001
solnechnogorsk	RU	56.175	36.971
solntsevo	RU	55.637	37.381
solok	ID	-0.801	100.657
solola	GT	14.771	-91.183
soloma	GT	15.658	-91.43
solwezi	ZM	-12.169	26.389
soma	TR	39.186	27.609
somaroboro	ZA	-25.346	28.834
sombor	RS	45.774	19.112
somerset west	ZA	-34.084	18.821
somerville	US	42.388	-71.1
son la	VN	21.326	103.919
son tay	VN	21.141	105.507
son tra	VN	16.061	108.233
sonaguera	HN	15.633	-86.333
sonargaon	BD	23.65	90.617
song cau	VN	13.456	109.223
songcheng	CN	26.882	120.001
songea	TZ	-10.683	35.65
songhwa	KP	38.36	125.137
songjiang	CN	31.034	121.223
songjianghe	CN	42.186	127.479
songkhla	TH	7.199	100.595
songling	CN	31.193	120.718
songlingcun	CN	40.294	118.271
songlou	CN	34.572	116.602
songnan	CN	31.35	121.482
songnim ni	KP	38.763	125.641
songyang	CN	34.455	113.032
songyuan	CN	45.129	124.828
sonipat	IN	28.995	77.019
sonqor	IR	34.782	47.599
sonsonate	SV	13.717	-89.723
sonyachnyi	UA	48.723	37.598
sopron	HU	47.685	16.59
sopur	IN	34.287	74.472
soran	IQ	36.656	44.542
soreang	ID	-7.033	107.518
sorel tracy	CA	46.042	-73.114
sorgun	TR	39.81	35.186
sorocaba	BR	-23.502	-47.458
sorokyne	UA	48.293	39.733
sorong	ID	-0.88	131.261
soroti	UG	1.715	33.611
sorriso	BR	-12.545	-55.711
sorsogon	PH	12.974	123.993
soshanguve	ZA	-25.473	28.099
sosnovaya polyana	RU	59.835	30.147
sosnovka	RU	60.017	30.35
sosnovyy bor	RU	59.9	29.086
sosnowiec	PL	50.287	19.104
sotsmisto	UA	48.737	37.591
soubre	CI	5.784	-6.594
sougueur	DZ	35.186	1.496
souk ahras	DZ	36.286	7.951
souk el arbaa	MA	34.685	-6.003
souma	DZ	36.518	2.905
souq larb a al gharb	MA	34.687	-6.003
souq sebt oulad nemma	MA	32.297	-6.703
sour el ghozlane	DZ	36.148	3.691
sousa	BR	-6.759	-38.228
sousse	TN	35.825	10.637
south bel air	US	39.533	-76.337
south bend	US	41.683	-86.25
south benfleet	GB	51.553	0.56
south boston	US	42.333	-71.049
south croydon	GB	51.362	-0.094
south dublin	IE	53.29	-6.342
south fulton	US	33.593	-84.673
south gate	US	33.955	-118.212
south hill	US	47.141	-122.27
south jordan	US	40.562	-111.93
south lawndale	US	41.844	-87.713
south ozone park	US	40.67	-73.819
south peabody	US	42.51	-70.949
south san francisco	US	37.655	-122.408
south shields	GB	54.999	-1.432
south shore	US	41.762	-87.578
south suffolk	US	36.717	-76.59
south surrey	CA	49.05	-122.792
south tangerang	ID	-6.289	106.718
south valley	US	35.01	-106.678
south vineland	US	39.446	-75.029
south whittier	US	33.95	-118.039
southall	GB	51.509	-0.371
southampton	GB	50.904	-1.404
southaven	US	34.989	-90.013
southend on sea	GB	51.538	0.714
southfield	US	42.473	-83.222
southglenn	US	39.587	-104.953
southington	US	41.596	-72.878
southport	GB	53.646	-3.01
sovetsk	RU	55.084	21.879
soweto	ZA	-26.268	27.858
sowme eh sara	IR	37.301	49.315
soyapango	SV	13.71	-89.14
soyibug	IN	34.077	74.706
soyo	AO	-6.135	12.369
spanish town	JM	17.991	-76.957
sparks	US	39.535	-119.753
spassk dal niy	RU	44.601	132.82
speyer	DE	49.321	8.431
spijkenisse	NL	51.845	4.329
split	HR	43.509	16.439
spokane	US	47.66	-117.429
spokane valley	US	47.673	-117.239
spring	US	30.08	-95.417
spring hill	US	28.477	-82.525
spring valley	US	36.108	-115.245
springdale	US	36.187	-94.129
springfield	US	37.215	-93.298
springs	ZA	-26.25	28.4
sragen	ID	-7.426	111.022
sri aman	MY	1.247	111.453
sri dungargarh	IN	28.096	74.009
sri ganganagar	IN	29.92	73.875
sri jayewardenepura kotte	LK	6.883	79.907
sri petaling	MY	3.069	101.69
srikakulam	IN	18.299	83.898
srikalahasti	IN	13.755	79.701
srinagar	IN	34.086	74.806
srivilliputhur	IN	9.513	77.634
srodmiescie	PL	52.229	21.016
st  albert	CA	53.633	-113.635
st  catharines	CA	43.171	-79.243
st  john s	CA	47.565	-52.709
st  johns	US	30.081	-81.548
st  louis	US	38.627	-90.198
st  petersburg	US	27.771	-82.679
st albans	GB	51.75	-0.333
st helens	GB	53.45	-2.733
staaken	DE	52.537	13.151
stafford	GB	52.805	-2.116
staines	GB	51.431	-0.506
stalowa wola	PL	50.583	22.053
stamford	US	41.053	-73.539
stamford hill	GB	51.569	-0.073
standerton	ZA	-26.934	29.242
stara zagora	BG	42.432	25.643
starachowice	PL	51.037	21.071
stare mesto	SK	48.15	17.09
stare misto	UA	50.448	30.526
stargard	PL	53.337	15.05
starogard gdanski	PL	53.964	18.526
staryy malgobek	RU	43.544	44.596
staryy oskol	RU	51.303	37.846
state college	US	40.793	-77.86
staten island	US	40.562	-74.14
stavanger	NO	58.97	5.733
stavropol	RU	45.034	41.964
stavroupoli	GR	40.669	22.938
steglitz	DE	52.456	13.332
steglitz bezirk	DE	52.456	13.332
stellenbosch	ZA	-33.935	18.867
stepnogorsk	KZ	52.351	71.882
sterling heights	US	42.58	-83.03
sterlitamak	RU	53.638	55.953
stevenage	GB	51.902	-0.203
stilfontein	ZA	-26.845	26.768
stillwater	US	36.116	-97.058
stittsville	CA	45.25	-75.916
stockholm	SE	59.329	18.069
stockport	GB	53.41	-2.158
stockton	US	37.958	-121.291
stockton on tees	GB	54.568	-1.319
stodulky	CZ	50.05	14.317
stoke on trent	GB	53.004	-2.185
stolberg	DE	50.774	6.226
stonecrest	US	33.708	-84.135
stoney creek	CA	43.217	-79.766
stourbridge	GB	52.456	-2.143
stralsund	DE	54.309	13.082
strasbourg	FR	48.584	7.746
stratford	US	41.185	-73.133
straubing	DE	48.881	12.574
strawberry hill	CA	49.133	-122.883
streamwood	US	42.026	-88.178
streatham	GB	51.429	-0.132
stretford	GB	53.45	-2.317
strezhevoy	RU	60.733	77.589
strogino	RU	55.818	37.412
strongsville	US	41.315	-81.836
stroud	GB	51.75	-2.2
strovolos	CY	35.149	33.334
stryi	UA	49.261	23.848
stupino	RU	54.897	38.068
stuttgart	DE	48.782	9.177
stuttgart ost	DE	48.784	9.21
su ngai kolok	TH	6.03	101.966
suakin	SD	19.106	37.332
suan luang	TH	13.73	100.651
subang	ID	-6.57	107.757
subang jaya	MY	3.044	101.581
subic	PH	14.879	120.232
subotica	RS	46.1	19.667
subulussalam	ID	2.662	97.883
suceava	RO	47.633	26.25
sucre	BO	-19.033	-65.263
sudoeste octagonal	BR	-15.802	-47.927
sudstadt	DE	52.36	9.751
suedstadt	DE	52.36	9.751
suez	EG	29.974	32.526
sufalat sama il	OM	23.317	58.017
suffolk	US	36.728	-76.585
sugar land	US	29.62	-95.635
suginami	JP	36.201	140.284
sugito	JP	36.031	139.726
suhl	DE	50.609	10.694
suhum	GH	6.041	-0.45
suicheng	CN	33.896	117.933
suifenhe	CN	44.4	131.148
suihua	CN	46.648	126.967
suiling	CN	47.235	127.108
suining	CN	30.508	105.573
suita	JP	34.761	135.516
suixi	CN	33.891	116.775
suizhou	CN	31.711	113.363
sujangarh	IN	27.7	74.467
sujiatun	CN	41.659	123.339
sukabumi	ID	-6.918	106.927
sukagawa	JP	37.283	140.383
sukawati	ID	-8.491	115.046
sukheke mandi	PK	31.865	73.509
sukkur	PK	27.703	68.859
sukrah	TN	36.877	10.247
sukuta	GM	13.41	-16.708
sulaymaniyah	IQ	35.565	45.433
suleja	NG	9.181	7.179
sullana	PE	-4.904	-80.685
sultan kudarat	PH	7.229	124.258
sultan pur majra	IN	28.69	77.076
sultanah	SA	24.493	39.586
sultanbeyli	TR	40.961	29.271
sultanganj	IN	25.238	86.736
sultangazi	TR	41.107	28.868
sultanpur	IN	26.258	82.073
suluova	TR	40.831	35.648
sumare	BR	-22.822	-47.267
sumayl	IQ	36.858	42.848
sumbawa besar	ID	-8.493	117.42
sumbawanga	TZ	-7.967	31.617
sumbe	AO	-11.206	13.844
sumber	ID	-6.76	108.483
sumedang	ID	-6.859	107.916
sumedang utara	ID	-6.85	107.917
sumenep	ID	-7.012	113.86
sumgayit	AZ	40.59	49.669
sumida	JP	35.733	139.821
summerville	US	33.019	-80.176
sumoto	JP	34.343	134.889
sumter	US	33.92	-80.341
sumusta al waqf	EG	28.921	30.854
sumy	UA	50.917	34.799
sunabeda	IN	18.728	82.829
sunam	IN	30.129	75.799
sunamganj	BD	25.069	91.402
sunch on	KP	39.432	125.933
suncheon	KR	34.95	127.488
sundergarh	IN	22.117	84.033
sunderland	GB	54.905	-1.382
sundsvall	SE	62.391	17.306
sungai buloh	MY	3.21	101.561
sungai penuh	ID	-2.056	101.391
sungai petani	MY	5.647	100.488
sungai raya	ID	0.7	108.9
sungai siput	MY	4.394	101.195
sungailiat	ID	-1.854	106.122
sunggal	ID	3.576	98.615
sunlou	CN	34.667	116.583
sunnyside	US	40.74	-73.935
sunnyvale	US	37.369	-122.036
sunrise	US	26.134	-80.113
sunrise manor	US	36.211	-115.073
sunset park	US	40.645	-74.012
sunshine coast	AU	-26.657	153.08
sunyani	GH	7.34	-2.327
sunzha	RU	43.321	45.049
suozhen	CN	36.954	118.105
supaul	IN	26.115	86.595
suphan buri	TH	14.474	100.122
suqian	CN	33.949	118.296
sur	OM	22.567	59.529
surabaya	ID	-7.249	112.751
surakarta	ID	-7.556	110.832
surallah	PH	6.375	124.745
surampatti	IN	11.327	77.711
surat	IN	21.196	72.83
surat thani	TH	9.14	99.333
suratgarh	IN	29.322	73.9
surendranagar	IN	22.727	71.649
suresnes	FR	48.871	2.229
surgut	RU	61.258	73.418
suriapet	IN	17.141	79.62
surigao	PH	9.789	125.495
surin	TH	14.882	103.494
surman	LY	32.757	12.572
surprise	US	33.631	-112.333
surrey	CA	49.106	-122.825
surubim	BR	-7.833	-35.755
suruc	TR	36.976	38.425
surulere	NG	6.502	3.358
susangerd	IR	31.564	48.19
susono	JP	35.174	138.907
sutton	GB	51.35	-0.2
sutton coldfield	GB	52.567	-1.817
suva	FJ	-18.137	178.425
suva reka	XK	42.359	20.825
suwa	JP	36.038	138.113
suwalki	PL	54.112	22.931
suwaylih	JO	32.022	35.844
suwałki	PL	54.112	22.931
suwon	KR	37.291	127.009
suyangshan	CN	34.393	117.756
suzaka	JP	36.65	138.317
suzano	BR	-23.543	-46.311
suzhou	CN	31.304	120.595
suzuka	JP	34.883	136.583
svetlanovskiy	RU	60.003	30.331
svetlogorsk	BY	52.633	29.739
sviblovo	RU	55.85	37.633
svitlovodsk	UA	49.063	33.246
svobodnyy	RU	51.375	128.14
svyatoshyn	UA	50.463	30.346
swabi	PK	34.12	72.47
swakopmund	NA	-22.678	14.527
swansea	GB	51.621	-3.943
swedru	GH	5.537	-0.7
swidnica	PL	50.844	16.489
swidnik	PL	51.219	22.696
swietochlowice	PL	50.296	18.917
swietochłowice	PL	50.296	18.917
swindon	GB	51.558	-1.781
swinoujscie	PL	53.911	14.247
swords	IE	53.46	-6.218
sydney	AU	-33.868	151.207
sydney	CA	46.135	-60.183
sykhiv	UA	49.794	24.063
sykies	GR	40.649	22.951
syktyvkar	RU	61.664	50.816
sylhet	BD	24.899	91.872
sylmar	US	34.308	-118.449
syracuse	US	43.048	-76.147
syrets	UA	50.48	30.445
syzran	RU	53.158	48.468
szczecin	PL	53.429	14.553
szeged	HU	46.253	20.148
szekesfehervar	HU	47.19	18.41
szolnok	HU	47.181	20.198
szombathely	HU	47.231	16.622
sırnak	TR	37.514	42.454
słupsk	PL	54.464	17.029
t aebaek	KR	37.176	128.989
t aet an up	KP	38.088	125.298
ta if	SA	21.27	40.416
ta khmau	KH	11.483	104.95
tabaco	PH	13.359	123.734
tabas	IR	33.596	56.924
tabatinga	BR	-4.231	-69.939
taboao da serra	BR	-23.626	-46.792
tabora	TZ	-5.016	32.827
tabriz	IR	38.08	46.292
tabuk	PH	17.474	121.468
tabuk	SA	28.4	36.572
taby	SE	59.444	18.069
tacarigua	VE	10.086	-67.92
tacheng	CN	46.745	82.958
tachikawa	JP	35.709	139.419
tachilek	MM	20.448	99.881
tacloban	PH	11.243	125.005
tacna	PE	-18.015	-70.254
tacoma	US	47.253	-122.444
tacuarembo	UY	-31.719	-55.979
tacurong	PH	6.692	124.676
tadepalle	IN	16.483	80.6
tadepalligudem	IN	16.815	81.527
tadjenanet	DZ	36.121	5.987
tadmur	SY	34.562	38.284
tadpatri	IN	14.908	78.01
tafi viejo	AR	-26.733	-65.261
tafo	GH	6.732	-1.614
tagajo shi	JP	38.3	141.0
taganrog	RU	47.236	38.905
taganskiy	RU	55.733	37.667
tagawa	JP	33.633	130.8
tagaytay	PH	14.095	120.934
tagbilaran city	PH	9.656	123.852
tagbina	PH	8.452	126.171
taguatinga	BR	-15.833	-48.055
taguig	PH	14.524	121.079
tahara	JP	34.668	137.267
tahe	CN	52.321	124.698
tahoua	NE	14.889	5.269
tahta	EG	26.769	31.502
tai an	CN	36.185	117.12
tai po	HK	22.45	114.169
taibai	CN	30.825	108.358
taicang	CN	31.448	121.094
taichung	TW	24.147	120.684
taifa	GH	5.658	-0.252
taifu	CN	28.982	105.637
taihe	CN	30.099	106.049
taikkyi	MM	17.314	95.963
tailai	CN	46.39	123.408
tailandia	BR	-2.947	-48.953
tainan	TW	22.991	120.213
taipa	MO	22.156	113.557
taipei	TW	25.053	121.526
taiping	MY	4.85	100.733
taishan	CN	22.251	112.78
taito	JP	35.707	139.779
taitou	CN	37.027	118.634
taitung	TW	22.76	121.145
taixing	CN	32.167	120.014
taiyuan	CN	37.869	112.56
taiz	YE	13.58	44.021
taizhou	CN	32.491	119.908
taj pul	IN	28.495	77.306
tajimi	JP	35.317	137.133
tajrish	IR	35.804	51.426
tajura	LY	32.882	13.351
takab	IR	36.401	47.113
takahama	JP	34.917	136.983
takaishi	JP	34.517	135.433
takamatsu	JP	34.333	134.05
takaoka	JP	36.75	137.017
takarazuka	JP	34.799	135.357
takasago	JP	34.763	134.792
takasaki	JP	36.333	139.017
takashima	JP	35.413	136.016
takashimadaira	JP	35.786	139.661
takatsuki	JP	34.848	135.617
takayama	JP	36.133	137.25
takefu	JP	35.904	136.167
takeo	JP	33.19	130.021
takeo	KH	10.991	104.785
takestan	IR	36.071	49.696
taketoyo	JP	34.85	136.917
taki	IN	22.589	88.933
takikawa	JP	43.553	141.906
takizawa	JP	39.803	141.135
takoradi	GH	4.898	-1.76
takua pa	TH	8.87	98.344
tala	EG	30.68	30.944
talagang	PK	32.928	72.416
talagante	CL	-33.664	-70.927
talara	PE	-4.577	-81.272
talas	KG	42.523	72.242
talatona	AO	-8.918	13.186
talavera	PH	15.588	120.919
talavera de la reina	ES	39.963	-4.831
talca	CL	-35.423	-71.65
talcahuano	CL	-36.725	-73.117
talcher	IN	20.949	85.234
taldykorgan	KZ	45.016	78.374
talegaon dabhade	IN	18.735	73.676
talence	FR	44.808	-0.589
talghar	KZ	43.302	77.238
talhar	PK	24.885	68.814
talinding	GM	13.426	-16.673
taling chan	TH	13.777	100.457
taliparamba	IN	12.042	75.359
talisay	PH	10.245	123.849
taliwang	ID	-8.745	116.853
talkha	EG	31.054	31.378
tallaght	IE	53.286	-6.373
tallahassee	US	30.438	-84.281
tallang dong	KR	33.49	126.475
tallinn	EE	59.437	24.754
talnakh	RU	69.487	88.397
taloqan	AF	36.736	69.535
tam ky	VN	15.574	108.474
tama	JP	35.644	139.468
tamale	GH	9.401	-0.839
taman greenwood	MY	3.232	101.705
taman melati	MY	3.221	101.723
taman melawati	MY	3.211	101.748
taman permas jaya	MY	1.511	103.82
taman petaling	MY	3.199	101.65
taman senai	MY	1.601	103.642
taman senawang indah	MY	2.691	101.989
taman sri sinar	MY	3.187	101.651
tamana	JP	32.947	130.574
tamanghasset	DZ	22.785	5.523
tamano	JP	34.517	133.946
tamarac	US	26.213	-80.25
tamba	JP	35.175	135.031
tambacounda	SN	13.771	-13.667
tambaram	IN	12.925	80.127
tambov	RU	52.736	41.441
tamiami	US	25.759	-80.398
tamiyah	EG	29.476	30.961
tamluk	IN	22.301	87.926
tampa	US	27.948	-82.458
tampere	FI	61.499	23.787
tampico	MX	22.285	-97.878
tampines estate	SG	1.358	103.94
tampines new town	SG	1.349	103.95
tamu	MM	24.217	94.312
tamworth	AU	-31.09	150.929
tamworth	GB	52.634	-1.696
tan an	VN	10.536	106.414
tan binh	VN	10.803	106.66
tan chau	VN	10.798	105.239
tan tan	MA	28.438	-11.103
tan uyen	VN	11.084	106.788
tanabe	JP	33.733	135.367
tanalur	IN	10.952	75.91
tanashicho	JP	35.729	139.538
tanauan	PH	14.086	121.15
tanay	PH	14.497	121.285
tanba	JP	35.16	135.039
tanda	IN	26.55	82.658
tandil	AR	-37.329	-59.137
tando adam	PK	25.768	68.662
tando allahyar	PK	25.46	68.717
tando bago	PK	24.789	68.965
tando jam	PK	25.428	68.529
tando muhammad khan	PK	25.124	68.537
tandoni	IN	10.926	78.094
tandur	IN	17.248	77.577
tanfang	CN	36.7	118.671
tanga	TZ	-5.069	39.099
tangail	BD	24.25	89.917
tangara da serra	BR	-14.619	-57.486
tangba	CN	30.017	105.797
tangerang	ID	-6.178	106.63
tanggu	CN	39.021	117.647
tanghe	CN	32.685	112.832
tangier	MA	35.767	-5.8
tangjiazhuang	CN	39.743	118.451
tangping	CN	22.032	111.935
tangshan	CN	39.644	118.183
tangwu	CN	36.447	118.86
tangxiang	CN	29.702	105.724
tangzhai	CN	34.433	116.591
tangzhang	CN	34.148	117.254
tanjay	PH	9.516	123.158
tanjong malim	MY	3.681	101.52
tanjung balai	ID	1.0	103.422
tanjung pandan	ID	-2.734	107.635
tanjung pinang	ID	0.917	104.458
tanjung selor	ID	2.837	117.365
tanjungagung	ID	-3.937	103.805
tanjungbalai	ID	2.967	99.8
tanta	EG	30.788	31.002
tantou	CN	22.751	113.835
tanuku	IN	16.754	81.681
tanza	PH	14.675	120.939
tanzhou	CN	22.255	113.467
taoluo	CN	35.274	119.37
taonan	CN	45.333	122.785
taounate	MA	34.537	-4.64
taourirt	MA	34.407	-2.897
taoyuan	CN	33.853	117.77
taoyuan	TW	24.994	121.297
taozhou	CN	30.906	119.409
taozhuang	CN	34.85	117.333
tapachula	MX	14.905	-92.259
taquara	BR	-29.651	-50.781
taquaritinga	BR	-21.406	-48.505
tarakan	ID	3.313	117.592
taranto	IT	40.464	17.247
tarauaca	BR	-8.161	-70.766
tarawa	KI	1.328	172.977
taraz	KZ	42.898	71.373
tarbes	FR	43.234	0.071
targoviste	RO	44.925	25.457
targowek	PL	52.292	21.048
targu jiu	RO	45.05	23.283
targu mures	RO	46.542	24.557
tarhuna	LY	32.435	13.633
tariba	VE	7.821	-72.223
tarif kalba	AE	25.07	56.331
tarija	BO	-21.535	-64.73
tarime	TZ	-1.35	34.367
tarkwa	GH	5.304	-1.99
tarlac city	PH	15.48	120.598
tarma	PE	-11.419	-75.69
tarn taran	IN	31.452	74.928
tarneit	AU	-37.836	144.66
tarnobrzeg	PL	50.573	21.679
tarnow	PL	50.014	20.987
tarnowskie gory	PL	50.445	18.861
taroudant	MA	30.47	-8.877
tarragona	ES	41.119	1.245
tarsus	TR	36.918	34.893
tartagal	AR	-22.517	-63.806
tartu	EE	58.381	26.725
tartus	SY	34.889	35.887
tarub	ID	-6.933	109.167
tarut	SA	26.573	50.04
tasek glugor	MY	5.48	100.498
tashan	CN	34.336	117.567
tashkent	UZ	41.265	69.216
tasikmalaya	ID	-7.327	108.221
tatabanya	HU	47.592	18.381
tataouine	TN	32.93	10.452
tatebayashi	JP	36.25	139.533
tateyama	JP	34.983	139.867
tatkon	MM	24.679	95.074
tatsuno	JP	34.832	134.543
tatsunocho tominaga	JP	34.864	134.552
tatuape	BR	-23.537	-46.567
tatui	BR	-23.356	-47.857
tatvan	TR	38.492	42.283
taua	BR	-6.003	-40.293
taubate	BR	-23.026	-45.555
taungdwingyi	MM	20.006	95.545
taunggyi	MM	20.789	97.038
taungoo	MM	18.943	96.434
taunsa	PK	30.704	70.651
taunton	GB	51.015	-3.103
taunton	US	41.9	-71.09
tauranga	NZ	-37.686	176.167
tavsanli	TR	39.542	29.499
tavsanlı	TR	39.542	29.499
tawau	MY	4.245	117.891
taxco de alarcon	MX	18.557	-99.605
tay ho	VN	21.069	105.811
tay mo	VN	21.002	105.746
tay ninh	VN	11.31	106.098
tayabas	PH	14.026	121.593
taylor	US	42.241	-83.27
taylorsville	US	40.668	-111.939
taytay	PH	14.559	121.133
taza	MA	34.21	-4.01
tazoult lambese	DZ	35.482	6.261
tbilisi	GE	41.691	44.834
tchaourou	BJ	8.886	2.598
tczew	PL	54.092	18.778
teaneck	US	40.898	-74.016
tebesbest	DZ	33.117	6.083
tebessa	DZ	35.404	8.124
tebingtinggi	ID	3.329	99.162
teboulba	TN	35.64	10.967
tecate	MX	32.566	-116.632
techiman	GH	7.591	-1.939
tecoman	MX	18.916	-103.877
tecuci	RO	45.85	27.434
tefe	BR	-3.368	-64.721
tegal	ID	-6.869	109.14
teghra	IN	25.49	85.94
tegucigalpa	HN	14.082	-87.207
tehran	IR	35.694	51.422
tehuacan	MX	18.464	-97.397
teixeira de freitas	BR	-17.535	-39.742
tejen	TM	37.383	60.505
tekirdag	TR	40.978	27.511
teknaf	BD	20.858	92.298
tekstil shchiki	RU	55.7	37.743
tekstylnyk	UA	47.946	37.698
tel aviv	IL	32.081	34.781
telde	ES	27.992	-15.419
telemaco borba	BR	-24.324	-50.616
telford	GB	52.677	-2.449
tellicherry	IN	11.748	75.493
teluk intan	MY	4.022	101.021
teluk panglima garang	MY	2.908	101.469
teluknaga	ID	-6.099	106.638
telychka	UA	50.4	30.567
tema	GH	5.67	-0.017
tema new town	GH	5.654	0.026
temara	MA	33.929	-6.907
temecula	US	33.494	-117.148
temerluh	MY	3.451	102.418
temirtau	KZ	50.052	72.955
temixco	MX	18.846	-99.224
tempe	US	33.415	-111.909
tempe junction	US	33.414	-111.943
tempelhof	DE	52.467	13.4
temple	US	31.098	-97.343
temuco	CL	-38.736	-72.597
tendo	JP	38.354	140.37
tengrela	CI	10.481	-6.407
tengyue	CN	24.995	98.513
teni	IN	10.011	77.478
tenkodogo	BF	11.784	-0.372
tennala	IN	10.993	75.935
tenri	JP	34.583	135.833
teofilo otoni	BR	-17.858	-41.505
teoloyucan	MX	19.744	-99.181
tepatitlan de morelos	MX	20.817	-102.763
tepeji del rio de ocampo	MX	19.905	-99.342
tepexpan	MX	19.614	-98.936
tepi	ET	7.2	35.45
tepic	MX	21.507	-104.893
teplice	CZ	50.64	13.825
teramo	IT	42.661	13.699
terbanggi besar	ID	-4.879	105.218
teresina	BR	-5.089	-42.802
teresopolis	BR	-22.417	-42.978
ternate	ID	0.791	127.384
terni	IT	42.563	12.643
ternopil	UA	49.554	25.591
terrassa	ES	41.567	2.017
terre haute	US	39.467	-87.414
terrebonne	CA	45.7	-73.647
teshi old town	GH	5.584	-0.107
tessaoua	NE	13.757	7.987
tete	MZ	-16.156	33.587
tetouan	MA	35.578	-5.368
tetovo	MK	42.01	20.971
tetuan de las victorias	ES	40.46	-3.697
teupasenti	HN	14.217	-86.7
tevragh zeina	MR	18.099	-15.988
texas city	US	29.384	-94.903
texcoco de mora	MX	19.512	-98.883
teziutlan	MX	19.817	-97.36
tezpur	IN	26.633	92.8
tha maka	TH	13.9	99.767
tha raeng	TH	13.868	100.645
tha yang	TH	12.958	99.906
thaba nchu	ZA	-29.209	26.839
thai binh	VN	20.45	106.34
thai hoa	VN	18.92	104.974
thai nguyen	VN	21.594	105.848
thakhek	LA	17.41	104.831
thakurgaon	BD	26.031	88.47
than	IN	22.574	71.199
thanbyuzayat	MM	15.969	97.727
thandwe	MM	18.465	94.366
thane	IN	19.197	72.964
thanesar	IN	29.973	76.832
thanh hoa	VN	19.8	105.767
thanh khe	VN	16.071	108.191
thanh liet	VN	20.967	105.817
thanh pho ba ria	VN	10.496	107.168
thanh pho song cong	VN	21.477	105.841
thanh pho uong bi	VN	21.034	106.77
thanh xuan	VN	20.995	105.8
thanhlyin	MM	16.782	96.247
thanjavur	IN	10.785	79.139
thanlyin	MM	16.769	96.245
tharyarwady	MM	17.654	95.788
thaton	MM	16.919	97.37
thatta	PK	24.747	67.924
thawi watthana	TH	13.783	100.378
thayetmyo	MM	19.321	95.183
the bronx	US	40.85	-73.866
the colony	US	33.089	-96.886
the hague	NL	52.077	4.299
the hammocks	US	25.671	-80.445
the trails of frisco	US	33.161	-96.872
the villages	US	28.934	-81.96
the woodlands	US	30.158	-95.489
thembisa	ZA	-25.996	28.227
thenali	IN	16.243	80.64
thenkasi	IN	8.96	77.315
thessaloniki	GR	40.641	22.935
thi tran gjai tu	VN	21.634	105.638
thi tran gjam ha	VN	21.353	107.597
thi tran gjong trieu	VN	21.082	106.514
thi tran mao khe	VN	21.059	106.593
thi tran ngai giao	VN	10.647	107.246
thi tran phuoc buu	VN	10.535	107.402
thi tran sao vang	VN	19.889	105.462
thi tran thuan chau	VN	21.438	103.69
thi tran đai tu	VN	21.634	105.638
thi tran đam ha	VN	21.353	107.597
thi tran đong trieu	VN	21.082	106.514
thies	SN	14.789	-16.926
thies nones	SN	14.783	-16.967
thika	KE	-1.033	37.069
thimphu	BT	27.466	89.642
thin gan kyun gyi	MM	16.957	96.155
thionville	FR	49.36	6.16
thiruthani	IN	13.176	79.616
thiruvananthapuram	IN	8.486	76.949
thiruvarur	IN	10.773	79.637
thodupuzha	IN	9.894	76.722
thohoyandou	ZA	-22.946	30.485
thoi lai	VN	10.065	105.559
thomazeau	HT	18.653	-72.094
thon buri	TH	13.725	100.485
thongwa	MM	16.76	96.525
thoothukudi	IN	8.767	78.134
thornhill	CA	43.815	-79.424
thornton	US	39.868	-104.972
thot not	VN	10.272	105.534
thottada	IN	11.839	75.421
thoubal	IN	24.639	93.996
thousand oaks	US	34.171	-118.838
thrissur	IN	10.517	76.217
thu dau mot	VN	10.98	106.652
thu gjuc	VN	10.849	106.772
thu đuc	VN	10.849	106.772
thuan an	VN	10.924	106.714
thuan thanh	VN	21.046	106.079
thul	PK	28.24	68.775
thun	CH	46.751	7.622
thunder bay	CA	48.382	-89.25
thung khru	TH	13.628	100.51
thuong cat	VN	21.093	105.732
thuqbah	SA	26.26	50.205
tianchang	CN	37.998	114.016
tiancheng	CN	30.868	108.37
tianfu	CN	37.264	122.052
tiangua	BR	-3.732	-40.992
tianjin	CN	39.142	117.177
tianliu	CN	37.0	118.783
tianpeng	CN	30.987	103.939
tianshui	CN	34.58	105.742
tianzhuang	CN	36.796	119.737
tiaret	DZ	35.371	1.317
tiberias	IL	32.794	35.532
tiebo	SN	14.633	-16.233
tiefu	CN	34.533	118.033
tiel	NL	51.887	5.429
tieli	CN	46.975	128.048
tieling	CN	42.293	123.841
tieqiao	CN	31.04	108.134
tierra blanca	MX	18.448	-96.359
tiflet	MA	33.895	-6.306
tigard	US	45.431	-122.771
tighri	IN	28.512	77.241
tigwav	HT	18.431	-72.865
tijuana	MX	32.503	-117.004
tijucas	BR	-27.241	-48.634
tikamgarh	IN	24.743	78.831
tikapur	NP	28.528	81.118
tikhoretsk	RU	45.853	40.119
tikhvin	RU	59.639	33.526
tiko	CM	4.075	9.36
tikrit	IQ	34.616	43.679
tilburg	NL	51.556	5.091
tilhar	IN	27.963	79.738
tima	EG	26.908	31.435
timashyovsk	RU	45.617	38.945
timbauba	BR	-7.505	-35.318
timbo	BR	-26.823	-49.272
timbuktu	ML	16.773	-3.007
timika	ID	-4.614	136.677
timisoara	RO	45.754	21.226
timizart	DZ	36.8	4.267
timmins	CA	48.467	-81.333
timon	BR	-5.094	-42.837
timoteo	BR	-19.581	-42.65
tin shui wai	HK	22.457	114.002
tinaquillo	VE	9.919	-68.305
tindivanam	IN	12.234	79.656
tindouf	DZ	27.671	-8.147
tine biougra	MA	30.209	-9.379
tinghir	MA	31.515	-5.533
tingo maria	PE	-9.295	-75.996
tinh bien	VN	10.596	104.937
tinley park	US	41.573	-87.784
tinongan	PH	10.215	123.035
tinsukia	IN	27.489	95.36
tipitapa	NI	12.197	-86.097
tipton	GB	52.53	-2.068
tiptur	IN	13.256	76.478
tiquipaya	BO	-17.338	-66.216
tirana	AL	41.327	19.819
tiraspol	MD	46.843	29.628
tire	TR	38.089	27.735
tirhanimine	MA	35.236	-3.955
tirmiz	UZ	37.224	67.278
tiruchengode	IN	11.38	77.894
tiruchirappalli	IN	10.816	78.697
tirumangalam	IN	9.823	77.984
tirunelveli	IN	8.727	77.684
tirupati	IN	13.636	79.42
tirupattur	IN	12.492	78.568
tirupparangunram	IN	9.882	78.073
tiruppur	IN	11.115	77.355
tirur	IN	10.914	75.921
tirurangadi	IN	11.043	75.923
tiruttangal	IN	9.483	77.833
tiruvalla	IN	9.382	76.575
tiruvallur	IN	13.144	79.909
tiruvannamalai	IN	12.227	79.075
tiruvottiyur	IN	13.158	80.302
tissemsilt	DZ	35.607	1.811
titagarh	IN	22.743	88.373
titao	BF	13.767	-2.067
titiwangsa	MY	3.178	101.703
titusville	US	28.612	-80.808
tiu keng leng	HK	22.299	114.251
tivaouane	SN	14.952	-16.815
tizayuca	MX	19.842	-98.981
tizi ouzou	DZ	36.712	4.046
tizimin	MX	21.143	-88.152
tiznit	MA	29.697	-9.732
tlahuac	MX	19.287	-99.005
tlalnepantla	MX	19.54	-99.195
tlalpan	MX	19.295	-99.162
tlapa de comonfort	MX	17.546	-98.582
tlaquepaque	MX	20.641	-103.293
tlaxcala	MX	19.318	-98.238
tlemcen	DZ	34.878	-1.315
tlokweng	BW	-24.669	25.971
toa payoh new town	SG	1.336	103.85
toamasina	MG	-18.149	49.402
toba tek singh	PK	30.971	72.483
tobias barreto	BR	-11.184	-37.998
tobolsk	RU	58.198	68.255
tobruk	LY	32.09	23.954
tochigi	JP	36.383	139.733
tocoa	HN	15.683	-86.0
tocumen	PA	9.089	-79.383
togane	JP	35.55	140.367
tohana	IN	29.713	75.904
tokai	JP	35.023	136.909
tokamachi	JP	37.133	138.767
tokat	TR	40.314	36.554
tokch on	KP	39.753	126.258
toki	JP	35.35	137.183
tokmok	KG	42.842	75.301
tokoname	JP	34.883	136.85
tokorozawa	JP	35.799	139.469
tokoza	ZA	-26.36	28.129
tokushima	JP	34.067	134.567
tokuyama	JP	34.05	131.817
tokyo	JP	35.69	139.692
tolanaro	MG	-25.032	46.983
toledo	BR	-24.714	-53.743
toledo	ES	39.858	-4.023
toledo	PH	10.377	123.639
toledo	US	41.664	-83.555
tolga	DZ	34.722	5.378
toli toli	ID	1.04	120.818
toliara	MG	-23.35	43.667
toluca	MX	19.288	-99.653
tolyatti	RU	53.53	49.346
tomakomai	JP	42.637	141.603
tomaszow mazowiecki	PL	51.531	20.009
tombua	AO	-15.804	11.845
tome	CL	-36.618	-72.956
tome	JP	38.709	141.156
tome acu	BR	-2.419	-48.152
tomigusuku	JP	26.186	127.682
tomioka	JP	36.254	138.898
tomiya	JP	38.393	140.886
toms river	US	39.954	-74.198
tomsk	RU	56.5	84.982
tonala	MX	20.623	-103.242
tonami	JP	36.62	136.943
tondabayashicho	JP	34.501	135.602
tondalam	IN	11.501	76.35
tongaat	ZA	-29.574	31.116
tongchuan	CN	34.899	108.951
tongchuanshi	CN	35.075	109.085
tonghua	CN	41.72	125.926
tongliao	CN	43.612	122.265
tongling	CN	30.95	117.783
tongren	CN	35.515	102.016
tongshan	CN	34.18	117.157
tongyeong	KR	34.85	128.428
tongzhou	CN	39.904	116.662
tonk	IN	26.166	75.788
tonsberg	NO	59.268	10.408
tonypandy	GB	51.622	-3.455
toowoomba	AU	-27.561	151.954
topeka	US	39.048	-95.678
topi	PK	34.07	72.621
torbali	TR	38.182	27.335
torbalı	TR	38.182	27.335
torbat e heydariyeh	IR	35.274	59.219
torbat e jam	IR	35.244	60.623
tordher	PK	33.99	72.286
toride	JP	35.9	140.083
toritama	BR	-8.007	-36.057
toronto	CA	43.706	-79.399
tororo	UG	0.693	34.181
torquay	GB	50.462	-3.525
torrance	US	33.836	-118.341
torre annunziata	IT	40.753	14.453
torre del greco	IT	40.789	14.368
torrejon de ardoz	ES	40.455	-3.47
torrelavega	ES	43.349	-4.048
torremolinos	ES	36.62	-4.5
torrent	ES	39.437	-0.465
torreon	MX	25.544	-103.419
torres	BR	-29.335	-49.727
torrevieja	ES	37.979	-0.682
tortuguitas	AR	-34.475	-58.754
torun	PL	53.014	18.598
torzhok	RU	57.044	34.962
toshima	JP	35.761	139.745
tosno	RU	59.54	30.878
tosu	JP	33.367	130.517
totonicapan	GT	14.912	-91.361
tottenham	GB	51.604	-0.068
tottori shi	JP	35.5	134.233
touba	SN	14.862	-15.875
toufen	TW	24.688	120.909
touggourt	DZ	33.111	6.07
toulon	FR	43.124	5.928
toulouse	FR	43.604	1.444
toumodi	CI	6.558	-5.018
tourcoing	FR	50.724	3.161
tournai	BE	50.607	3.389
tours	FR	47.395	0.704
tovar	VE	8.33	-71.753
towada	JP	40.62	141.211
town  n  country	US	28.011	-82.577
townsville	AU	-19.266	146.806
towson	US	39.401	-76.602
toyama	JP	36.7	137.217
toyoake	JP	35.038	136.999
toyohashi	JP	34.767	137.383
toyokawa	JP	34.817	137.4
toyonaka	JP	34.782	135.469
toyooka	JP	35.54	134.82
toyosu	JP	35.651	139.792
toyota	JP	35.083	137.15
tra vinh	VN	9.947	106.342
trabzon	TR	41.005	39.727
tracy	US	37.74	-121.426
trairi	BR	-3.278	-39.269
tramandai	BR	-29.985	-50.134
tran van thoi	VN	9.077	104.979
trang	TH	7.556	99.611
trang bang	VN	11.03	106.358
trang bom	VN	10.954	107.006
trani	IT	41.277	16.41
trapani	IT	38.018	12.536
trelew	AR	-43.249	-65.305
tremembe	BR	-22.958	-45.549
trencin	SK	48.895	18.044
trento	IT	46.068	11.121
trenton	US	40.217	-74.743
treptow	DE	52.494	13.445
tres arroyos	AR	-38.377	-60.276
tres cantos	ES	40.601	-3.708
tres coracoes	BR	-21.697	-45.253
tres lagoas	BR	-20.788	-51.703
tres pontas	BR	-21.367	-45.513
tres rios	BR	-22.117	-43.209
treviso	IT	45.667	12.242
tri cities	US	46.245	-119.196
trichardt	ZA	-26.492	29.229
trier	DE	49.756	6.639
trieste	IT	45.65	13.777
trikala	GR	39.555	21.768
trikonavattam	IN	8.89	76.666
trincomalee	LK	8.578	81.229
trindade	BR	-16.649	-49.489
trinidad	BO	-14.832	-64.903
trinidad	CU	21.8	-79.983
tripoli	LB	34.434	35.844
tripoli	LY	32.887	13.187
triprangod	IN	10.842	75.949
tripunittura	IN	9.943	76.333
triyuga	NP	26.792	86.699
trnava	SK	48.378	17.586
trois rivieres	CA	46.345	-72.548
troisdorf	DE	50.809	7.15
troitsk	RU	54.092	61.568
trollhaettan	SE	58.284	12.289
trollhattan	SE	58.284	12.289
tromso	NO	69.649	18.955
tromsø	NO	69.649	18.955
trondheim	NO	63.43	10.395
troparevo	RU	55.656	37.485
trowbridge	GB	51.319	-2.209
troy	US	42.606	-83.15
troyes	FR	48.301	4.085
trstenik	RS	43.617	21.003
trujillo	PE	-8.116	-79.03
trujillo	VE	9.366	-70.437
trujillo alto	PR	18.355	-66.007
tsaritsyno	RU	55.625	37.65
tsentralno miskyi	UA	48.302	38.032
tsentralnyi	UA	47.098	37.548
tseung kwan o	HK	22.328	114.25
tsevie	TG	6.426	1.213
tshela	CD	-4.997	12.948
tshikapa	CD	-6.416	20.8
tshilenge	CD	-10.967	22.9
tsing yi town	HK	22.35	114.1
tsiroanomandidy	MG	-18.77	46.047
tsu	JP	34.733	136.517
tsubame	JP	37.664	138.925
tsuchiura	JP	36.09	140.21
tsuen wan	HK	22.371	114.113
tsukuba	JP	36.083	140.117
tsukubamirai	JP	35.984	140.009
tsuruga	JP	35.653	136.063
tsurugashima	JP	35.96	139.403
tsuruoka	JP	38.722	139.822
tsurusaki	JP	33.245	131.692
tsushima	JP	35.167	136.717
tsuyama	JP	35.052	133.999
tu son	VN	21.1	105.967
tual	ID	-5.629	132.752
tuanbao	CN	30.337	109.135
tuapse	RU	44.101	39.083
tuban	ID	-6.898	112.065
tubarao	BR	-28.467	-49.007
tubarjal	SA	30.5	38.216
tubingen	DE	48.523	9.052
tubod	PH	8.056	123.79
tucano	BR	-10.958	-38.791
tuckahoe	US	37.59	-77.556
tucson	US	32.222	-110.926
tucuma	BR	-6.747	-51.161
tucupido	VE	9.273	-65.772
tucupita	VE	9.063	-62.052
tucurui	BR	-3.766	-49.679
tucuruvi	BR	-23.475	-46.606
tuebingen	DE	48.523	9.052
tuen mun	HK	22.392	113.972
tuerkmenabat	TM	39.073	63.579
tuerkmenbasy	TM	40.022	52.955
tuggeranong	AU	-35.416	149.07
tuguegarao	PH	17.616	121.723
tukh	EG	30.355	31.201
tukuyu	TZ	-9.25	33.65
tula	RU	54.196	37.618
tulancingo	MX	20.081	-98.368
tulangan utara	ID	-7.474	112.65
tulare	US	36.208	-119.347
tulcan	EC	0.812	-77.717
tulcea	RO	45.179	28.805
tulkarm	PS	32.312	35.027
tullus	SD	11.09	24.53
tulsa	US	36.154	-95.993
tultepec	MX	19.685	-99.128
tulua	CO	4.085	-76.195
tulun	RU	54.568	100.577
tulungagung	ID	-8.066	111.903
tumaco	CO	1.791	-78.793
tumba	SE	59.199	17.833
tumbes	PE	-3.556	-80.443
tumen	CN	42.966	129.842
tumkur	IN	13.341	77.102
tumsar	IN	21.383	79.733
tumxuk	CN	39.87	79.061
tunasan	PH	14.379	121.052
tundla	IN	27.215	78.237
tunduma	TZ	-9.3	32.767
tunduru	TZ	-11.067	37.35
tung chung	HK	22.288	113.942
tungi	BD	23.892	90.402
tungipara	BD	22.9	89.903
tuni	IN	17.359	82.546
tunis	TN	36.819	10.166
tunja	CO	5.545	-73.358
tuntum	BR	-5.258	-44.649
tuong mai	VN	20.989	105.855
tupa	BR	-21.935	-50.514
tupi	PH	6.334	124.953
tuquerres	CO	1.086	-77.619
tura	IN	25.514	90.202
turaif	SA	31.673	38.664
turayf	SA	31.672	38.663
turbaco	CO	10.329	-75.411
turbat	PK	26.001	63.048
turbo	CO	8.093	-76.728
turda	RO	46.567	23.783
turgutlu	TR	38.495	27.7
turhal	TR	40.388	36.081
turin	IT	45.07	7.687
turkistan	KZ	43.295	68.257
turkmenabat	TM	39.073	63.579
turkmenbasy	TM	40.022	52.955
turku	FI	60.451	22.269
turlock	US	37.495	-120.847
turmero	VE	10.229	-67.474
turnhout	BE	51.323	4.945
turpan	CN	42.948	89.179
tuscaloosa	US	33.21	-87.569
tushan	CN	34.221	117.837
tustin	US	33.746	-117.826
tutayev	RU	57.873	39.53
tutoia	BR	-2.762	-42.274
tuusula	FI	60.404	25.026
tuxiang	CN	30.713	109.156
tuxpam de rodriguez cano	MX	20.958	-97.408
tuxtepec	MX	18.088	-96.125
tuxtla	MX	16.754	-93.116
tuy hoa	VN	13.095	109.321
tuyen quang	VN	21.824	105.214
tuymazy	RU	54.606	53.712
tuyserkan	IR	34.551	48.444
tuytepa	UZ	41.032	69.363
tuz khurmatu	IQ	34.888	44.633
tuzla	BA	44.538	18.667
tver	RU	56.858	35.901
twante	MM	16.708	95.934
twifu praso	GH	5.614	-1.55
twin falls	US	42.563	-114.461
tychy	PL	50.137	18.966
tyler	US	32.351	-95.301
tynemouth	GB	55.018	-1.426
tyoply stan	RU	55.62	37.493
tyre	LB	33.273	35.194
tyumen	RU	57.152	65.527
tønsberg	NO	59.268	10.408
ualog	PH	10.574	123.393
uba	BR	-21.12	-42.943
ubatuba	BR	-23.434	-45.071
ubauro	PK	28.164	69.731
ube	JP	33.943	131.251
uberaba	BR	-19.748	-47.932
uberlandia	BR	-18.919	-48.277
ubon ratchathani	TH	15.238	104.849
ubud	ID	-8.51	115.265
uccle	BE	50.802	4.339
uchqurghon shahri	UZ	41.114	72.079
ucu seles	AO	-11.412	14.307
ucua	AO	-8.652	14.157
udaipur	IN	24.586	73.713
udgir	IN	18.393	77.118
udhampur	IN	32.924	75.136
udine	IT	46.069	13.237
udon thani	TH	17.416	102.786
udumalaippettai	IN	10.588	77.248
udupi	IN	13.335	74.746
ueda	JP	36.403	138.282
ueno ebisumachi	JP	34.759	136.131
uenye	TR	41.14	37.289
ueruemqi	CN	43.801	87.6
ueskuedar	TR	41.023	29.014
ufa	RU	54.743	55.968
uga	NG	5.936	7.079
ugep	NG	5.809	8.081
ughelli	NG	5.49	6.004
uige	AO	-7.609	15.061
uijeongbu si	KR	37.742	127.047
uiju	KP	40.199	124.532
uiwang	KR	37.365	126.948
ujhani	IN	28.003	79.008
uji	JP	34.89	135.803
ujjain	IN	23.182	75.776
ujpest	HU	47.569	19.085
ukhta	RU	63.569	53.691
uki	JP	32.622	130.662
ukunda	KE	-4.293	39.564
ulan bator	MN	47.908	106.883
ulan ude	RU	51.826	107.6
ulanhot	CN	46.083	122.083
ulanqab	CN	40.993	113.133
ulhasnagar	IN	19.217	73.15
ullagaram	IN	12.979	80.197
ullal	IN	12.806	74.861
ullyul	KP	38.514	125.19
ulm	DE	48.398	9.992
ulsan	KR	35.537	129.317
ulu bedok	SG	1.333	103.933
ulu tiram	MY	1.6	103.817
uluberiya	IN	22.476	88.099
ulyanovsk	RU	54.328	48.387
uman	UA	48.75	30.219
umarkhed	IN	19.601	77.689
umarkot	PK	25.363	69.742
umea	SE	63.828	20.26
umeki	JP	31.667	130.383
umm al quwain city	AE	25.565	55.555
umm el fahm	IL	32.518	35.154
umm qasr	IQ	30.036	47.92
umm ruwaba	SD	12.906	31.216
umraniye	TR	41.016	29.125
umred	IN	20.854	79.325
umuahia	NG	5.525	7.495
umuarama	BR	-23.766	-53.325
una	IN	20.823	71.038
unai	BR	-16.358	-46.906
unaizah	SA	26.1	44.0
unch on up	KP	38.566	125.427
undok	KP	42.519	130.335
ungaran	ID	-7.14	110.405
ungsang	KR	35.406	129.169
uniao	BR	-4.586	-42.864
uniao da vitoria	BR	-26.23	-51.086
uniao dos palmares	BR	-9.163	-36.032
union	US	40.698	-74.263
union city	US	37.596	-122.019
universal city	US	34.139	-118.353
universitats  und hansestadt greifswald	DE	54.089	13.402
university	US	28.074	-82.439
university heights	CA	52.144	-106.579
university of texas	US	30.286	-97.739
unjha	IN	23.804	72.391
unna	DE	51.538	7.69
unnan	JP	35.243	132.9
unnao	IN	26.547	80.488
untolovo	RU	60.012	30.209
unye	TR	41.14	37.289
unzen	JP	32.771	130.248
uozu	JP	36.8	137.4
upata	VE	8.016	-62.406
upington	ZA	-28.448	21.256
upland	US	34.098	-117.648
upleta	IN	21.74	70.283
uppal kalan	IN	17.406	78.559
upper bicutan	PH	14.5	121.051
upper gilgil	KE	-0.212	36.272
upper hutt	NZ	-41.138	175.05
upper west side	US	40.787	-73.975
uppsala	SE	59.859	17.639
uptown	US	41.966	-87.653
urasoe	JP	26.259	127.73
urayasu	JP	35.659	139.901
urbana	US	40.111	-88.207
urbandale	US	41.627	-93.712
urdaneta	PH	15.976	120.571
urena	VE	7.922	-72.444
urganch	UZ	41.552	60.631
urgut shahri	UZ	39.419	67.261
uriangato	MX	20.142	-101.179
uritsk	RU	59.839	30.175
urla	TR	38.323	26.764
urmston	GB	53.449	-2.354
uromi	NG	6.7	6.333
ursus	PL	52.195	20.884
ursynow	PL	52.151	21.05
uruacu	BR	-14.525	-49.141
uruapan	MX	19.417	-102.058
uruara	BR	-3.717	-53.737
uruguaiana	BR	-29.755	-57.088
uruma	JP	26.376	127.859
urumqi	CN	43.801	87.6
urun islampur	IN	17.05	74.267
urus martan	RU	43.131	45.538
uryupinsk	RU	50.806	42.009
usak	TR	38.674	29.406
usera	ES	40.389	-3.7
ushiku	JP	35.967	140.133
ushirombo	TZ	-3.492	31.964
ushuaia	AR	-54.811	-68.316
usinsk	RU	66.009	57.531
uskudar	TR	41.023	29.014
usol ye sibirskoye	RU	52.752	103.645
ussuriysk	RU	43.805	131.957
ust  ilimsk	RU	58.001	102.662
ust  kut	RU	56.798	105.787
ust  labinsk	RU	45.214	39.688
ust kamenogorsk	KZ	49.971	82.606
usta muhammad	PK	28.177	68.044
usti nad labem	CZ	50.661	14.032
usulutan	SV	13.345	-88.44
utengule	TZ	-8.9	33.333
utica	US	43.101	-75.233
utrecht	NL	52.091	5.122
utrera	ES	37.185	-5.781
utsunomiya	JP	36.567	139.883
uttar char fasson	BD	22.226	90.713
uttaradit	TH	17.626	100.094
uvira	CD	-3.395	29.138
uwajima	JP	33.224	132.56
uxbridge	GB	51.549	-0.482
uyo	NG	5.051	7.934
uyovu	TZ	-3.283	31.526
uzgen	KG	40.77	73.301
uzhhorod	UA	48.624	22.295
uzice	RS	43.859	19.849
uzlovaya	RU	53.984	38.16
vaasa	FI	63.096	21.616
vacaria	BR	-28.512	-50.934
vacaville	US	38.357	-121.988
vacoas	MU	-20.298	57.478
vadgaon	IN	20.376	78.113
vadodara	IN	22.299	73.208
vaesteras	SE	59.616	16.553
vaexjoe	SE	56.878	14.809
vagharshapat	AM	40.166	44.295
vagonoremont	RU	55.9	37.55
vahdat	TJ	38.556	69.014
vaijapur	IN	19.927	74.728
val des arbres	CA	45.598	-73.675
val dor	MY	5.252	100.49
valasaravakkam	IN	13.044	80.173
valby	DK	55.666	12.514
valdefuentes	ES	40.494	-3.636
valdemoro	ES	40.191	-3.679
valdivia	CL	-39.814	-73.246
valdosta	US	30.833	-83.28
valenca	BR	-13.37	-39.073
valence	FR	44.926	4.91
valencia	ES	39.474	-0.38
valencia	US	34.444	-118.61
valencia	VE	10.162	-68.0
valenciennes	FR	50.359	3.525
valentin alsina	AR	-34.671	-58.409
valenzuela	PH	14.7	120.967
valera	VE	9.318	-70.604
valinhos	BR	-22.971	-46.996
valjevo	RS	44.275	19.898
valladolid	ES	41.655	-4.724
valladolid	MX	20.688	-88.199
valle de la pascua	VE	9.216	-66.007
valle de santiago	MX	20.391	-101.191
valle hermoso	MX	25.673	-97.813
vallecas	ES	40.383	-3.617
valledupar	CO	10.465	-73.253
vallejo	US	38.104	-122.257
vallenar	CL	-28.576	-70.759
valley glen	US	34.186	-118.42
valparai	IN	10.327	76.951
valparaiso	CL	-33.036	-71.63
valparaiso de goias	BR	-16.066	-47.979
valsad	IN	20.61	72.934
valvedditturai	LK	9.817	80.167
valverde	ES	40.5	-3.679
van	TR	38.495	43.383
van nuys	US	34.187	-118.449
vanadzor	AM	40.807	44.497
vancouver	CA	49.25	-123.119
vancouver	US	45.639	-122.661
vanderbijlpark	ZA	-26.712	27.838
vangaindrano	MG	-23.35	47.6
vaniyambadi	IN	12.682	78.62
vannes	FR	47.657	-2.762
vantaa	FI	60.294	25.041
vapi	IN	20.372	72.905
varamin	IR	35.324	51.646
varanasi	IN	25.317	83.01
varangaon	IN	21.018	75.91
varash	UA	51.34	25.855
varese	IT	45.821	8.825
vargem grande	BR	-3.543	-43.916
vargem grande do sul	BR	-21.832	-46.894
vargem grande paulista	BR	-23.603	-47.026
varginha	BR	-21.551	-45.43
varkala	IN	8.733	76.717
varna	BG	43.219	27.91
varzea alegre	BR	-6.789	-39.296
varzea grande	BR	-15.647	-56.133
varzea paulista	BR	-23.211	-46.828
vasastaden	SE	59.35	18.033
vasco da gama	IN	15.396	73.816
vaslui	RO	46.633	27.733
vasteras	SE	59.616	16.553
vasto	IT	42.111	14.706
vasyl evsky ostrov	RU	59.941	30.254
vattiyurkavu	IN	8.525	76.989
vatutino	RU	55.884	37.691
vaughan	CA	43.836	-79.498
vaukavysk	BY	53.156	24.451
vavoua	CI	7.382	-6.478
vavuniya	LK	8.751	80.497
vaxjo	SE	56.878	14.809
vazhakkala	IN	10.012	76.326
vedado	CU	23.138	-82.393
vedado del cotorro	CU	23.05	-82.25
veenendaal	NL	52.029	5.559
vejalpur	IN	22.69	73.563
vejle	DK	55.709	9.536
velampalaiyam	IN	11.138	77.311
velbert	DE	51.335	7.043
veles	MK	41.717	21.772
velez malaga	ES	36.781	-4.103
velikiy novgorod	RU	58.521	31.271
velikiye luki	RU	56.341	30.544
veliko turnovo	BG	43.081	25.629
velingara	SN	13.15	-14.117
vellakkovil	IN	10.946	77.712
velletri	IT	41.686	12.778
vellore	IN	12.918	79.133
velsen zuid	NL	52.46	4.65
venado tuerto	AR	-33.746	-61.967
venancio aires	BR	-29.606	-52.192
vengara	IN	11.051	75.978
venice	IT	45.437	12.333
venice	US	33.991	-118.46
venissieux	FR	45.697	4.886
venkatagiri	IN	13.96	79.58
venlo	NL	51.37	6.168
ventas	ES	40.422	-3.647
ventura	US	34.278	-119.293
venustiano carranza	MX	19.444	-99.105
vera cruz	BR	-12.96	-38.609
veracruz	MX	19.181	-96.143
veraval	IN	20.908	70.368
vercelli	IT	45.322	8.42
verdun	CA	45.46	-73.571
vereeniging	ZA	-26.673	27.926
verhunskyi	UA	48.586	39.372
verkhnyaya pyshma	RU	56.97	60.582
verkhnyaya salda	RU	58.045	60.551
vermont square	US	34.002	-118.299
vernon	CA	50.267	-119.273
veroia	GR	40.524	22.202
verona	IT	45.439	10.994
verrettes	HT	19.05	-72.466
versailles	FR	48.804	2.134
verviers	BE	50.589	5.862
veshnyaki	RU	55.724	37.82
vespasiano	BR	-19.692	-43.923
veszprem	HU	47.093	17.911
viacha	BO	-16.65	-68.3
viamao	BR	-30.081	-51.023
viana	AO	-8.906	13.375
viana	BR	-20.39	-40.496
viareggio	IT	43.867	10.25
viborg	DK	56.453	9.402
vicalvaro	ES	40.4	-3.6
vicente pires	BR	-15.81	-48.031
vicenza	IT	45.547	11.547
vicosa	BR	-20.754	-42.882
vicosa do ceara	BR	-3.562	-41.092
victoria	CA	48.436	-123.352
victoria	HK	22.288	114.144
victoria	PH	13.177	121.278
victoria	US	28.805	-97.004
victoria de durango	MX	24.02	-104.658
victoria downtown	CA	48.428	-123.361
victorias	PH	10.902	123.07
victorville	US	34.536	-117.291
videira	BR	-27.008	-51.152
vidisha	IN	23.526	77.811
vidnoye	RU	55.552	37.709
vidradnyi	UA	50.432	30.422
viedma	AR	-40.815	-63.0
vienna	AT	48.208	16.372
vientiane	LA	17.967	102.6
viersen	DE	51.254	6.394
viet tri	VN	21.323	105.402
viet yen	VN	21.267	106.133
vigan	PH	17.575	120.387
vigevano	IT	45.314	8.854
vigia	BR	-0.858	-48.142
vigo	ES	42.233	-8.723
vihari	PK	30.044	72.356
vijalpor	IN	20.922	72.909
vijayapura	IN	16.824	75.715
vijayawada	IN	16.507	80.647
vikarabad	IN	17.338	77.904
vikindu	TZ	-7.007	39.298
vikramasingapuram	IN	8.715	77.39
vila andrade	BR	-23.626	-46.728
vila curuca	BR	-23.51	-46.416
vila flor	AO	-8.98	13.308
vila formosa	BR	-23.568	-46.546
vila guilherme	BR	-23.509	-46.606
vila jacui	BR	-23.503	-46.462
vila leopoldina	BR	-23.529	-46.734
vila maria	BR	-23.514	-46.586
vila mariana	BR	-23.588	-46.635
vila matilde	BR	-23.539	-46.518
vila medeiros	BR	-23.489	-46.578
vila nova de gaia	PT	41.124	-8.612
vila prudente	BR	-23.593	-46.573
vila real	ES	39.938	-0.101
vila velha	BR	-20.33	-40.292
viladecans	ES	41.314	2.014
vilankulo	MZ	-22.0	35.317
vilanova i la geltru	ES	41.224	1.725
vilhena	BR	-12.741	-60.146
viljoenskroon	ZA	-27.208	26.949
vilkhivskyi	UA	48.543	39.282
villa alemana	CL	-33.048	-71.373
villa altagracia	DO	18.673	-70.171
villa angela	AR	-27.577	-60.711
villa bruzual	VE	9.332	-69.12
villa canales	GT	14.483	-90.534
villa carlos paz	AR	-31.418	-64.49
villa constitucion	AR	-33.228	-60.33
villa de cura	VE	10.039	-67.489
villa de mayo	AR	-34.511	-58.681
villa de vallecas	ES	40.367	-3.601
villa del rosario	CO	7.834	-72.474
villa elisa	PY	-25.368	-57.593
villa francisca	DO	18.483	-69.889
villa hayes	PY	-25.093	-57.527
villa lugano	AR	-34.679	-58.473
villa maria	AR	-32.408	-63.24
villa mercedes	AR	-33.676	-65.458
villa mercedes	CL	-37.404	-71.979
villa nueva	GT	14.525	-90.585
villa poeta jose galvez barrenechea	PE	-12.213	-76.905
villa vicente guerrero	MX	19.121	-98.166
villach	AT	46.61	13.856
villahermosa	MX	17.986	-92.939
villarrica	CL	-39.286	-72.228
villarrica	PY	-25.749	-56.435
villasis	PH	15.902	120.588
villaverde	ES	40.35	-3.7
villavicencio	CO	4.132	-73.626
ville marie	CA	45.499	-73.57
villejuif	FR	48.794	2.36
villeneuve d ascq	FR	50.617	3.167
villeray saint michel parc extension	CA	45.559	-73.605
villeurbanne	FR	45.766	4.88
villingen schwenningen	DE	48.062	8.494
villupuram	IN	11.94	79.492
vilnius	LT	54.689	25.28
vina del mar	CL	-33.025	-71.552
vincennes	FR	48.849	2.438
vineland	US	39.486	-75.026
vinh	VN	18.673	105.692
vinh chau	VN	9.324	105.98
vinh long	VN	10.254	105.972
vinh thanh	VN	10.223	105.398
vinh tuy	VN	21.0	105.883
vinh yen	VN	21.309	105.605
vinhedo	BR	-23.03	-46.975
vinhomes ocean park	VN	20.995	105.947
vinhomes smart city	VN	21.005	105.74
vinhomes times city	VN	20.994	105.868
vinnytsya	UA	49.232	28.469
vinto	BO	-17.391	-66.317
vinukonda	IN	16.053	79.74
vinzons	PH	14.174	122.907
virac	PH	13.585	124.237
viramgam	IN	23.126	72.05
viransehir	TR	37.223	39.755
virapandi	IN	11.062	77.351
virappanchathiram	IN	11.353	77.713
virar	IN	19.456	72.811
viraraghavapuram	IN	13.073	80.108
virei	AO	-15.727	12.95
virginia	ZA	-28.104	26.866
virginia beach	US	36.853	-75.978
virudhachalam	IN	11.515	79.328
virudunagar	IN	9.585	77.958
visakhapatnam	IN	17.68	83.202
visalia	US	36.33	-119.292
viseu	BR	-1.197	-46.14
viseu	PT	40.662	-7.909
visharam	IN	12.918	79.278
visnagar	IN	23.699	72.552
vista	US	33.2	-117.243
vista alegre	ES	40.384	-3.746
vite	IN	17.273	74.538
vitebsk	BY	55.19	30.205
viterbo	IT	42.419	12.106
vitina	XK	42.321	21.358
vitoria	BR	-20.319	-40.338
vitoria da conquista	BR	-14.866	-40.839
vitoria de santo antao	BR	-8.118	-35.291
vitry sur seine	FR	48.787	2.403
vittoria	IT	36.952	14.528
vizianagaram	IN	18.117	83.411
vlaardingen	NL	51.913	4.342
vladikavkaz	RU	43.041	44.67
vladimir	RU	56.139	40.4
vladivostok	RU	43.106	131.874
vlissingen	NL	51.443	3.574
vlore	AL	40.47	19.484
voelklingen	DE	49.252	6.859
voi	KE	-3.396	38.556
vol sk	RU	52.042	47.383
volgodonsk	RU	47.511	42.153
volgograd	RU	48.714	44.498
volkhov	RU	59.923	32.34
volklingen	DE	49.252	6.859
volksrust	ZA	-27.365	29.882
vologda	RU	59.224	39.884
volos	GR	39.369	22.948
volta redonda	BR	-22.523	-44.104
volzhsk	RU	55.867	48.359
volzhsky	RU	48.786	44.78
vomero	IT	40.843	14.231
vorkuta	RU	67.509	64.067
voronezh	RU	51.668	39.192
voskresenka	UA	50.485	30.603
voskresensk	RU	55.313	38.691
vostochnoe degunino	RU	55.88	37.558
votkinsk	RU	57.049	53.987
votorantim	BR	-23.547	-47.438
votuporanga	BR	-20.423	-49.973
voznesenskyi	UA	47.932	37.63
vranje	RS	42.551	21.9
vratsa	BG	43.211	23.563
vredenburg	ZA	-32.907	17.99
vriddhachalam	IN	11.518	79.324
vrindavan	IN	27.581	77.697
vryburg	ZA	-26.957	24.728
vryheid	ZA	-27.77	30.792
vsevolozhsk	RU	60.015	30.673
vung tau	VN	10.346	107.084
vwawa	TZ	-9.108	32.935
vyaz ma	RU	55.21	34.297
vyborg	RU	60.708	28.753
vyhurivshchyna troyeshchyna	UA	50.511	30.603
vykhino zhulebino	RU	55.702	37.812
vyksa	RU	55.321	42.174
vynohradar	UA	50.514	30.425
vyronas	GR	37.961	23.753
vyshneve	UA	50.388	30.368
vyshniy volochek	RU	57.589	34.569
wa	GH	10.061	-2.502
waalwijk	NL	51.682	5.071
wabu	KR	37.59	127.22
wacheng neighborhood	CN	33.783	114.517
waco	US	31.549	-97.147
wad medani	SD	14.401	33.52
wadgaon kolhati	IN	19.843	75.236
wadi as sir	JO	31.954	35.818
waehring	AT	48.226	16.345
wafangdian	CN	39.618	122.008
wah cantt	PK	33.771	72.751
wahring	AT	48.226	16.345
waiau pacific palisades	US	21.4	-157.954
waiblingen	DE	48.832	9.316
wajir	KE	1.747	40.057
wakasugi	JP	33.609	130.526
wakayama	JP	34.233	135.167
wakefield	GB	53.683	-1.498
wakefield	US	40.898	-73.852
wakema	MM	16.603	95.183
wakiso	UG	0.404	32.459
wako	JP	35.789	139.623
walajapet	IN	12.925	79.366
walbrzych	PL	50.771	16.284
waldorf	US	38.625	-76.939
waliso	ET	8.534	37.965
wallasey	GB	53.423	-3.065
wallsend	GB	54.991	-1.534
walnut creek	US	37.906	-122.065
walsall	GB	52.585	-1.984
waltham	US	42.376	-71.236
walthamstow	GB	51.591	-0.021
walvis bay	NA	-22.957	14.505
wamena	ID	-4.096	138.948
wan chai	HK	22.281	114.173
wanchaq	PE	-13.525	-71.965
wandsbek	DE	53.583	10.083
wang thonglang	TH	13.785	100.612
wangfen	CN	36.55	118.383
wanggou	CN	34.671	116.492
wangji	CN	33.983	117.75
wangkui	CN	46.832	126.477
wangqing	CN	43.311	129.763
wangsa maju	MY	3.201	101.74
wanguru	KE	-0.684	37.357
wangyuan	CN	38.384	106.272
wani	IN	20.055	78.953
wanju	KR	35.845	127.148
wankaner	IN	22.612	70.944
wankyi	GH	7.739	-2.104
wanning	CN	18.799	110.384
wanparti	IN	16.367	78.069
wansheng	CN	28.963	106.928
wanxian	CN	30.816	108.374
wanzhou	CN	30.765	108.396
warabi	JP	35.822	139.685
warangal	IN	18.0	79.583
warder	ET	6.974	45.341
wardha	IN	20.739	78.598
wari	IN	21.153	79.008
warin chamrap	TH	15.193	104.863
warisan	AE	25.167	55.407
warner robins	US	32.616	-83.627
warora	IN	20.229	79.003
warren	US	42.49	-83.013
warri	NG	5.517	5.75
warrington	GB	53.393	-2.58
warsaw	PL	52.23	21.012
warud	IN	21.471	78.27
warwick	US	41.7	-71.416
washim	IN	20.111	77.133
washington	GB	54.9	-1.517
washington	US	38.895	-77.036
washington heights	US	40.85	-73.935
washuk	PK	27.727	64.81
wat tha phra	TH	13.735	100.476
watampone	ID	-4.539	120.328
waterbury	US	41.558	-73.052
waterford	IE	52.258	-7.112
waterford	US	42.693	-83.412
waterfront communities the island	CA	43.634	-79.377
waterloo	CA	43.467	-80.516
waterloo	SL	8.339	-13.071
waterloo	US	42.493	-92.343
waterlooville	GB	50.881	-1.03
watford	GB	51.655	-0.396
watsa	CD	3.037	29.536
watsonville	US	36.91	-121.757
wattenscheid	DE	51.481	7.143
watthana	TH	13.73	100.585
wattrelos	FR	50.701	3.218
wau	SS	7.701	27.99
waukegan	US	42.364	-87.845
waukesha	US	43.012	-88.231
wauwatosa	US	43.049	-88.008
wawer	PL	52.197	21.178
wayaobu	CN	37.136	109.66
wayne	US	40.925	-74.277
wazirabad	PK	32.443	74.12
wałbrzych	PL	50.771	16.284
webuye	KE	0.6	34.771
wedding	DE	52.547	13.356
wedi	ID	-7.743	110.579
weert	NL	51.252	5.707
weiden	DE	49.677	12.156
weifang	CN	36.71	119.102
weihai	CN	37.509	122.114
weiji	CN	34.033	117.95
weimar	DE	50.98	11.329
weimiao	CN	34.583	117.067
weinan	CN	34.504	109.509
weinheim	DE	49.549	8.667
weining	CN	26.85	104.233
weissensee	DE	52.556	13.466
weißensee	DE	52.556	13.466
wejherowo	PL	54.606	18.236
weldiya	ET	11.828	39.592
weleri	ID	-6.971	110.067
welisara	LK	7.028	79.901
welk it e	ET	8.283	37.783
welkom	ZA	-27.977	26.735
welland	CA	42.983	-79.25
welling	GB	51.462	0.108
wellingborough	GB	52.303	-0.694
wellington	NZ	-41.287	174.776
wellington	US	26.659	-80.241
wellington	ZA	-33.64	19.011
welwyn garden city	GB	51.802	-0.207
wembley	GB	51.552	-0.297
wenchang	CN	19.552	110.803
wendo	ET	6.6	38.417
wenjiang	CN	28.388	104.563
wenling	CN	28.375	121.384
wenshan city	CN	23.363	104.25
wenshang	CN	35.727	116.496
wensu	CN	41.275	80.236
wenxing	CN	28.682	112.879
wenzhou	CN	27.999	120.667
werota	ET	11.917	37.7
werribee	AU	-37.9	144.667
weru	ID	-6.711	108.504
wesel	DE	51.667	6.62
wesley chapel	US	28.24	-82.328
wesselsbron	ZA	-27.855	26.366
west albany	US	42.683	-73.778
west allis	US	43.017	-88.007
west babylon	US	40.718	-73.354
west bloomfield township	US	42.569	-83.384
west bromwich	GB	52.519	-1.994
west coon rapids	US	45.16	-93.35
west covina	US	34.069	-117.939
west des moines	US	41.577	-93.711
west end	CA	49.283	-123.133
west gulfport	US	30.404	-89.094
west hartford	US	41.762	-72.742
west haven	US	41.271	-72.947
west hills	US	34.197	-118.644
west hollywood	US	26.021	-80.184
west jerusalem	IL	31.782	35.22
west jordan	US	40.61	-111.939
west lafayette	US	40.426	-86.908
west lynchburg	US	37.403	-79.178
west new york	US	40.788	-74.014
west orange	US	40.799	-74.239
west palm beach	US	26.715	-80.053
west raleigh	US	35.787	-78.664
west ridge	US	42.0	-87.693
west sacramento	US	38.58	-121.53
west seneca	US	42.85	-78.8
west town	US	41.894	-87.675
west valley city	US	40.692	-112.001
west vancouver	CA	49.329	-123.16
westend	DE	52.517	13.276
westfield	US	42.125	-72.75
westland	US	42.324	-83.4
westminster	US	39.837	-105.037
weston	US	26.1	-80.4
weston super mare	GB	51.346	-2.977
westonaria	ZA	-26.319	27.649
wetzlar	DE	50.561	8.505
weymouth	GB	50.614	-2.46
weymouth	US	42.221	-70.94
whalley	CA	49.179	-122.867
whanganui	NZ	-39.933	175.05
whangarei	NZ	-35.732	174.324
wharton	US	39.927	-75.157
wheaton	US	41.866	-88.107
whitby	CA	43.883	-78.933
whitchurch stouffville	CA	44.0	-79.316
white plains	US	41.034	-73.763
whitman	US	39.917	-75.155
whittier	US	33.979	-118.033
wichita	US	37.692	-97.338
wichita falls	US	33.914	-98.493
widnes	GB	53.362	-2.734
wiener neustadt	AT	47.805	16.232
wiesbaden	DE	50.086	8.244
wigan	GB	53.543	-2.637
wik ro	ET	13.795	39.603
wilhelmsburg	DE	53.493	10.014
wilhelmshaven	DE	53.548	8.104
wilhelmstadt	DE	52.524	13.189
wilkes barre	US	41.246	-75.881
willemstad	CW	12.122	-68.886
willenhall	GB	52.585	-2.059
willesden	GB	51.533	-0.233
willich	DE	51.264	6.547
willowdale	CA	43.767	-79.399
willowdale east	CA	43.771	-79.401
wilmersdorf	DE	52.483	13.317
wilmington	US	34.236	-77.946
wilrijk	BE	51.167	4.395
wilson	US	35.721	-77.916
wimbledon	GB	51.422	-0.208
winchester	GB	51.065	-1.319
windhoek	NA	-22.559	17.083
windsor	CA	42.3	-83.017
winejok	SS	9.012	27.571
winneba	GH	5.351	-0.623
winnetka	US	34.213	-118.572
winnipeg	CA	49.884	-97.147
winston salem	US	36.1	-80.244
winter garden	US	28.565	-81.586
winterhude	DE	53.594	10.011
winterthur	CH	47.506	8.724
wismar	DE	53.892	11.456
witten	DE	51.444	7.353
wloclawek	PL	52.648	19.068
woburn	CA	43.767	-79.228
wodzislaw slaski	PL	50.004	18.472
wodzisław slaski	PL	50.004	18.472
woerden	NL	52.085	4.883
wokha	IN	26.097	94.258
woking	GB	51.319	-0.559
wokingham	GB	51.411	-0.836
wola	PL	52.235	20.96
wolfenbuettel	DE	52.164	10.541
wolfenbuttel	DE	52.164	10.541
wolfsburg	DE	52.424	10.776
wollongong	AU	-34.424	150.893
wolmaransstad	ZA	-27.197	25.983
woluwe saint lambert	BE	50.844	4.429
wolverhampton	GB	52.585	-2.123
wong sawang	TH	13.817	100.516
wong tai sin	HK	22.35	114.183
wonju	KR	37.351	127.945
wonosari	ID	-7.966	110.604
wonosobo	ID	-7.359	109.903
wonsan	KP	39.153	127.444
woodbury	US	44.924	-92.959
woodland	US	38.679	-121.773
woodland hills	US	34.168	-118.606
woodlands	SG	1.438	103.789
woodside	US	40.745	-73.905
woodstock	CA	43.133	-80.75
woonsocket	US	42.003	-71.515
worcester	GB	52.189	-2.22
worcester	US	42.263	-71.802
worcester	ZA	-33.647	19.449
worksop	GB	53.302	-1.124
worms	DE	49.633	8.359
worthing	GB	50.818	-0.375
wrexham	GB	53.047	-2.991
wroclaw	PL	51.103	17.03
wrocław	PL	51.103	17.03
wrzeszcz	PL	54.376	18.608
wuchang	CN	30.543	114.301
wucheng	CN	29.601	118.175
wuchuan	CN	21.457	110.766
wuda	CN	39.499	106.712
wudan	CN	42.934	119.024
wuduan	CN	34.574	117.095
wuerzburg	DE	49.794	9.951
wufeng	TW	24.064	120.698
wugang	CN	26.728	110.632
wuhai	CN	39.684	106.816
wuhan	CN	30.583	114.267
wuhu	CN	31.353	118.429
wujiaqu	CN	44.163	87.522
wujing	CN	36.45	118.4
wukari	NG	7.871	9.778
wulingyuan	CN	29.349	110.544
wulong	CN	29.324	107.761
wum	CM	6.383	10.067
wunstorf	DE	52.424	9.438
wuppertal	DE	51.256	7.148
wurzburg	DE	49.794	9.951
wushan	CN	31.077	109.876
wusu	CN	44.431	84.676
wuwei	CN	37.927	102.632
wuxi	CN	31.569	120.289
wuxue	CN	29.851	115.552
wuyang	CN	31.992	116.247
wuyishan	CN	27.76	118.031
wuzhen	CN	30.745	120.485
wuzhishan	CN	18.782	109.501
wuzhong	CN	37.987	106.201
wuzhou	CN	23.481	111.288
wylie	US	33.015	-96.539
wyoming	US	42.913	-85.705
włocławek	PL	52.648	19.068
xacmaz	AZ	41.464	48.806
xai xai	MZ	-25.052	33.644
xalapa de enriquez	MX	19.531	-96.916
xam nua	LA	20.416	104.045
xanthi	GR	41.135	24.888
xanxere	BR	-26.877	-52.404
xebat	IQ	36.278	43.671
xi an	CN	34.258	108.929
xiamen	CN	24.48	118.082
xianfeng	CN	29.21	106.3
xiangcheng	CN	25.467	100.562
xiangtan	CN	27.85	112.9
xiangxiang	CN	27.733	112.533
xiangyang	CN	32.042	112.145
xiangzhou	CN	36.164	119.419
xianju	CN	28.855	120.732
xianning	CN	29.843	114.322
xiannu	CN	32.428	119.56
xiannue	CN	32.428	119.56
xianshuigu	CN	38.985	117.383
xiantao	CN	30.371	113.443
xianyang	CN	34.338	108.703
xiaogan	CN	30.927	113.922
xiaolingwei	CN	32.032	118.854
xiaoshan	CN	30.167	120.259
xiaoshi	CN	41.297	124.121
xiaoweizhai	CN	26.19	107.513
xiayang	CN	31.15	121.116
xiazhen	CN	34.802	117.112
xiazhuang	CN	36.449	119.836
xichang	CN	27.896	102.263
xico	MX	19.27	-98.951
xiema	CN	29.774	106.369
xifeng	CN	42.737	124.722
xigang	CN	38.553	106.348
xihe	CN	31.686	113.466
xihu	TW	23.957	120.479
xili	CN	22.588	113.948
xilin hot	CN	43.967	116.033
xilinhot	CN	43.939	116.07
ximeicun	CN	24.988	118.386
xincheng	CN	41.715	82.932
xindi	CN	29.817	113.467
xindian	CN	36.797	118.294
xingcheng	CN	40.617	120.717
xingguo	CN	34.859	105.669
xinghua	CN	32.939	119.834
xinglong	CN	30.657	109.446
xinglongshan	CN	43.956	125.466
xinglou	CN	34.567	117.828
xingning	CN	24.148	115.723
xingqiao	CN	30.399	120.252
xingren	CN	25.433	105.233
xingtai	CN	37.062	114.493
xinguara	BR	-7.098	-49.944
xingyi	CN	25.096	104.906
xinhe	CN	36.925	119.593
xining	CN	36.626	101.757
xininglu	CN	44.34	84.904
xinji	CN	37.926	115.219
xinle	CN	38.349	114.685
xinmin	CN	41.991	122.825
xinqiao	CN	31.065	121.308
xinqing	CN	48.287	129.523
xinshi	CN	31.047	113.141
xintai	CN	35.901	117.752
xinxiang	CN	35.19	113.802
xinxing	CN	34.776	105.322
xinyang	CN	32.123	114.066
xinye	CN	32.529	112.365
xinyi	CN	22.373	110.947
xinying	TW	23.307	120.311
xinyu	CN	27.804	114.933
xinyuan	CN	43.426	83.25
xinzhai	CN	36.4	118.617
xinzhi	CN	36.499	111.705
xinzhou	CN	38.409	112.733
xiongzhou	CN	25.117	114.3
xique xique	BR	-10.823	-42.728
xishan	CN	27.667	113.5
xiugu	CN	27.911	116.776
xiulin	CN	29.717	112.4
xiuyan	CN	40.293	123.274
xiuying	CN	20.001	110.294
xiva	UZ	41.386	60.364
xixiang	CN	32.987	107.764
xizhi	TW	25.066	121.66
xo jayli shahri	UZ	42.409	59.445
xochimilco	MX	19.255	-99.104
xom cai nuoc	VN	9.8	105.1
xonobod	UZ	40.803	72.975
xuan loc	VN	10.933	107.233
xuancheng	CN	30.953	118.755
xuanhua	CN	40.612	115.065
xuantan	CN	29.209	105.57
xuchang	CN	34.032	113.863
xucheng	CN	20.33	110.166
xuhui	CN	31.196	121.447
xujiang	CN	26.839	116.32
xunchang	CN	28.454	104.715
xunsi	CN	28.101	104.561
xunyang	CN	32.824	109.365
xuyong	CN	28.17	105.435
xuzhou	CN	34.204	117.284
xuzhuang	CN	34.296	117.458
ya an	CN	29.985	102.999
yabrud	SY	33.969	36.657
yachimata	JP	35.65	140.317
yachiyo	JP	35.735	140.124
yacuiba	BO	-22.016	-63.678
yadgir	IN	16.77	77.138
yagoua	CM	10.341	15.233
yagry	RU	64.594	39.81
yaguajay	CU	22.327	-79.237
yaizu	JP	34.869	138.32
yakeshi	CN	49.283	120.733
yakima	US	46.602	-120.506
yakutsk	RU	62.031	129.723
yala	TH	6.54	101.281
yalova	TR	40.655	29.277
yalta	UA	44.502	34.166
yamaga	JP	33.017	130.689
yamagata	JP	38.233	140.367
yamaguchi	JP	34.183	131.467
yamato	JP	35.473	139.451
yamato takada	JP	34.517	135.75
yamatokoriyama	JP	34.607	135.77
yambio	SS	4.571	28.394
yambol	BG	42.482	26.5
yame	JP	33.228	130.649
yamethin	MM	20.432	96.139
yamoussoukro	CI	6.821	-5.277
yamuna nagar	IN	30.128	77.284
yan an	CN	36.599	109.492
yan besar	MY	5.799	100.373
yan nawa	TH	13.696	100.542
yanagawa	JP	33.167	130.4
yanam	IN	16.733	82.214
yanbu	SA	24.09	38.062
yancheng	CN	33.358	120.157
yangambi	CD	0.768	24.44
yangcheng	CN	30.0	106.256
yangchun	CN	22.167	111.783
yangcun	CN	39.364	117.06
yanggu	CN	36.111	115.775
yanghang	CN	31.37	121.437
yanghe	CN	38.279	106.248
yangiyer	UZ	40.275	68.823
yangiyul	UZ	41.112	69.047
yangjiang	CN	21.856	111.963
yangju	KR	37.833	127.062
yangliuqing	CN	39.138	117.0
yangon	MM	16.805	96.156
yangp yong	KR	37.49	127.491
yangpu	CN	31.262	121.519
yangquan	CN	37.858	113.563
yangsan	KR	35.342	129.034
yangshuo	CN	24.781	110.49
yangtun	CN	34.883	116.883
yanguan	CN	34.264	105.464
yangzhou	CN	32.397	119.436
yanji	CN	42.888	129.502
yanjia	CN	29.828	106.997
yanliang	CN	34.659	109.229
yanta	CN	36.241	115.667
yantai	CN	37.476	121.441
yantongshan	CN	43.292	126.009
yanzhou	CN	35.553	116.829
yao	JP	34.617	135.6
yaoji	CN	34.067	117.817
yaounde	CM	3.867	11.517
yaowan	CN	34.183	118.067
yaritagua	VE	10.081	-69.124
yaroslavl	RU	57.63	39.874
yaroslavskiy	RU	55.883	37.717
yartsevo	RU	55.065	32.697
yasenevo	RU	55.607	37.52
yashan	CN	22.198	109.942
yashio	JP	35.823	139.839
yasu	JP	35.101	136.018
yasuj	IR	30.668	51.588
yatomi	JP	35.105	136.734
yatou	CN	37.157	122.438
yatta	PS	31.446	35.094
yautepec	MX	18.882	-99.067
yavatmal	IN	20.393	78.132
yavne	IL	31.878	34.74
yawata	JP	34.87	135.703
yawnghwe	MM	20.66	96.934
yaxing	CN	19.448	109.263
yazd	IR	31.897	54.367
yazman	PK	29.121	71.745
yebaishou	CN	41.398	119.641
yecheon	KR	36.657	128.455
yefremov	RU	53.138	38.119
yegor yevsk	RU	55.38	39.041
yei	SS	4.094	30.676
yekaterinburg	RU	56.857	60.615
yelabuga	RU	55.762	52.044
yelahanka	IN	13.101	77.596
yelets	RU	52.614	38.509
yelizovo	RU	53.189	158.383
yellandu	IN	17.591	80.321
yen bai	VN	21.723	104.911
yen hoa	VN	21.022	105.791
yen nghia	VN	20.954	105.735
yen vinh	VN	18.667	105.667
yenagoa	NG	4.927	6.268
yenakiyeve	UA	48.239	38.204
yenangyaung	MM	20.465	94.871
yendi	GH	9.443	-0.01
yeoju	KR	37.296	127.634
yeola	IN	20.042	74.489
yeongam	KR	34.801	126.697
yeongdong	KR	36.175	127.776
yeonggwang	KR	35.278	126.512
yeongju	KR	36.822	128.631
yeosu	KR	34.761	127.662
yeovil	GB	50.942	-2.632
yerba buena	AR	-26.813	-65.295
yerevan	AM	40.178	44.513
yessentuki	RU	44.048	42.856
yevlakh	AZ	40.618	47.15
yevpatoriya	UA	45.201	33.367
yeysk	RU	46.693	38.279
yeyuan	CN	36.417	118.5
yezhou	CN	30.604	109.723
yibin	CN	28.759	104.64
yichang	CN	30.714	111.285
yicheng	CN	31.705	112.256
yichun	CN	27.833	114.4
yidu	CN	36.771	118.425
yigou	CN	35.811	114.317
yilan	CN	46.322	129.561
yilan	TW	24.757	121.753
yima	CN	34.738	111.884
yinchuan	CN	38.468	106.273
yingge	TW	24.956	121.351
yinggen	CN	19.038	109.84
yingjiang	CN	24.71	97.937
yingkou	CN	40.665	122.232
yingli	CN	37.065	118.81
yingqiu	CN	36.527	118.993
yingshang chengguanzhen	CN	32.629	116.27
yingtan	CN	28.233	117.0
yinma	CN	36.661	119.463
yintai	CN	35.115	109.097
yinzhu	CN	35.879	119.975
yirga  alem	ET	6.75	38.417
yirga ch efe	ET	6.167	38.2
yishan	CN	36.221	118.697
yishui	CN	35.785	118.628
yishun new town	SG	1.433	103.831
yiwu	CN	29.315	120.077
yixing	CN	31.361	119.82
yizhou	CN	24.5	108.667
yoch im dong	KP	40.362	126.659
yoff	SN	14.747	-17.49
yogyakarta	ID	-7.801	110.365
yokkaichi	JP	34.967	136.617
yokohama	JP	35.433	139.65
yokosuka	JP	35.284	139.667
yokota	JP	35.75	139.383
yokote	JP	39.317	140.55
yola	NG	9.208	12.481
yomitan	JP	26.402	127.745
yonago	JP	35.433	133.333
yonezawa	JP	37.91	140.117
yong an	CN	31.019	109.459
yongbei	CN	26.646	100.781
yongchuan	CN	29.354	105.894
yongfeng	CN	27.455	112.169
yongji	CN	34.866	110.44
yongjian	CN	25.425	100.212
yongkang	TW	23.024	120.256
yongning	CN	22.761	108.484
yongqing	CN	34.748	106.127
yongxin	CN	28.967	106.533
yongzhou	CN	26.424	111.613
yonkers	US	40.93	-73.898
yono	JP	35.883	139.633
yopal	CO	5.336	-72.394
yorba linda	US	33.889	-117.813
york	GB	53.958	-1.083
york	US	39.963	-76.728
yoshikawa	JP	35.892	139.842
yoshkar ola	RU	56.639	47.891
yotsukaido	JP	35.65	140.167
yotsuya	JP	35.69	139.716
youhao	CN	47.853	128.836
youkaichi	JP	35.116	136.198
youngstown	US	41.1	-80.65
youssoufia	MA	32.246	-8.529
yousuo	CN	26.025	100.068
youting	CN	29.431	105.738
youxi	CN	29.209	106.144
yozgat	TR	39.82	34.804
yuanlin	TW	23.957	120.576
yuanping	CN	38.715	112.757
yuanshang	CN	36.768	120.346
yuba city	US	39.14	-121.617
yucaipa	US	34.034	-117.043
yucheng	CN	34.929	116.465
yuci	CN	37.68	112.732
yudong	CN	29.385	106.519
yueksekova	TR	37.574	44.287
yuen long	HK	22.445	114.026
yuen long kau hui	HK	22.448	114.032
yuen long san hui	HK	22.433	114.033
yuepu	CN	31.427	121.421
yuexi	CN	30.911	108.159
yueyang	CN	29.375	113.095
yuki	JP	36.3	139.883
yuksekova	TR	37.574	44.287
yuktae dong	KP	40.025	128.16
yukuhashi	JP	33.729	130.983
yulin	CN	22.631	110.147
yulinshi	CN	38.292	109.738
yuma	US	32.725	-114.624
yumbe	UG	3.465	31.247
yumbo	CO	3.582	-76.491
yuncheng	CN	35.023	110.993
yunfu	CN	22.928	112.038
yunjin	CN	29.082	105.643
yunjinghong	CN	22.015	100.798
yunlong	CN	34.253	117.252
yunmen	CN	30.083	106.324
yunmeng chengguanzhen	CN	31.063	113.765
yunnanyi	CN	25.424	100.689
yunshan	CN	36.824	120.226
yuntai	CN	30.139	107.205
yunusobod	UZ	41.371	69.279
yunyang	CN	33.447	112.714
yuqunweng	CN	43.874	81.621
yurga	RU	55.723	84.886
yurihonjo	JP	39.389	140.058
yurimaguas	PE	-5.902	-76.122
yushu	CN	33.001	97.009
yutan	CN	28.258	112.56
yuxi	CN	24.355	102.542
yuxia	CN	34.062	108.629
yuyao	CN	30.05	121.149
yuzawa	JP	39.167	140.5
yuzhno sakhalinsk	RU	46.954	142.736
yuzhou	CN	34.155	113.468
yuzivskyi	UA	48.0	37.8
zaafarana	EG	29.11	32.66
zaandam	NL	52.439	4.826
zaanstad	NL	52.453	4.814
zabid	YE	14.195	43.315
zabol	IR	31.031	61.495
zabrze	PL	50.325	18.786
zacapa	GT	14.969	-89.527
zacapu	MX	19.815	-101.792
zacatecas	MX	22.768	-102.581
zacatelco	MX	19.216	-98.24
zadar	HR	44.116	15.225
zagazig	EG	30.588	31.502
zagne	CI	6.21	-7.483
zagora	MA	30.332	-5.838
zagreb	HR	45.814	15.978
zahedan	IR	29.496	60.863
zahir pir	PK	28.813	70.523
zahirabad	IN	17.681	77.607
zahle	LB	33.847	35.902
zainsk	RU	55.319	52.069
zajecar	RS	43.904	22.264
zalaegerszeg	HU	46.837	16.844
zalau	RO	47.2	23.05
zama	JP	35.488	139.391
zamboanga	PH	6.91	122.074
zamora	ES	41.506	-5.745
zamora de hidalgo	MX	19.984	-102.286
zamosc	PL	50.723	23.252
zamoskvorech ye	RU	55.733	37.633
zango	AO	-9.012	13.384
zanjan	IR	36.676	48.496
zanzibar	TZ	-6.164	39.198
zaoyang	CN	32.127	112.754
zaozhuang	CN	34.865	117.554
zapopan	MX	20.721	-103.387
zaporizhzhya	UA	47.852	35.117
zaragoza	ES	41.656	-0.877
zaragoza	PH	15.449	120.796
zarand	IR	30.813	56.564
zaranj	AF	30.96	61.86
zarate	AR	-34.096	-59.024
zaraza	VE	9.35	-65.325
zarechnyy	RU	53.204	45.192
zaria	NG	11.111	7.723
zarichnyi	UA	50.904	34.809
zarinsk	RU	53.708	84.943
zarqa	JO	32.073	36.088
zarrin shahr	IR	32.391	51.377
zarzis	TN	33.504	11.112
zavolzh ye	RU	56.641	43.394
zawiercie	PL	50.488	19.417
zawiya	LY	32.752	12.728
zaxo	IQ	37.149	42.686
zayed city	AE	23.654	53.705
zdunska wola	PL	51.599	18.94
ze doca	BR	-3.275	-45.658
zefta	EG	30.714	31.244
zehlendorf	DE	52.433	13.25
zeist	NL	52.09	5.233
zelenodolsk	RU	55.844	48.518
zelenogorsk	RU	56.109	94.587
zelenograd	RU	55.983	37.181
zelenokumsk	RU	44.41	43.88
zemun	RS	44.846	20.401
zenica	BA	44.202	17.904
zepu	CN	38.189	77.271
zerakpur	IN	30.656	76.821
zeytinburnu	TR	40.994	28.904
zgierz	PL	51.856	19.406
zhabei	CN	31.259	121.46
zhalantun	CN	48.009	122.737
zhanaozen	KZ	43.341	52.862
zhangfeng	CN	24.191	97.802
zhangji	CN	34.138	117.376
zhangjiachuan	CN	34.988	106.209
zhangjiagang	CN	31.865	120.539
zhangjiajie	CN	29.129	110.478
zhangjiakou	CN	40.783	114.871
zhangye	CN	38.934	100.452
zhangzhai	CN	34.617	116.95
zhangzhou	CN	24.513	117.656
zhangzhuang	CN	34.519	117.006
zhanjiang	CN	21.234	110.387
zhaobaoshan	CN	29.97	121.688
zhaodong	CN	46.052	125.955
zhaodun	CN	34.303	117.857
zhaogezhuang	CN	39.765	118.412
zhaoqing	CN	23.049	112.461
zhaotong	CN	27.317	103.717
zhaoyuan	CN	37.365	120.41
zhaozhou	CN	45.706	125.266
zhaozhuang	CN	34.739	116.456
zhawa	CN	37.214	79.629
zhefang	CN	24.267	98.283
zheleznodorozhnyy	RU	55.744	38.017
zheleznogorsk	RU	52.342	35.359
zhengding	CN	38.145	114.566
zhengji	CN	34.437	117.039
zhengzhou	CN	34.758	113.649
zhenjiang	CN	32.211	119.455
zhenlai	CN	45.85	123.198
zhenping	CN	33.035	112.228
zhenxi	CN	29.899	107.465
zhenzhou	CN	32.28	119.17
zhezqazghan	KZ	47.794	67.706
zhicheng	CN	30.296	111.505
zhigou	CN	35.917	119.217
zhigulevsk	RU	53.403	49.511
zhijiang	CN	30.421	111.753
zhitikara	KZ	52.19	61.199
zhlobin	BY	52.893	30.024
zhob	PK	31.341	69.449
zhongduo	CN	28.847	108.764
zhonggulou	CN	30.825	108.384
zhonghe	CN	28.45	108.989
zhongshan	CN	22.523	113.379
zhongshu	CN	24.517	103.767
zhongwei	CN	37.511	105.191
zhongxiang	CN	31.166	112.583
zhongxin	CN	26.617	101.272
zhongxing	CN	33.704	118.679
zhoucheng	CN	35.912	116.312
zhoucun	CN	36.817	117.817
zhoujiaba	CN	30.843	108.366
zhoukou	CN	33.633	114.633
zhoushan	CN	29.989	122.205
zhovti vody	UA	48.345	33.497
zhu cheng city	CN	35.995	119.403
zhuanghe	CN	39.701	122.991
zhuangyuan	CN	37.306	120.827
zhubei	TW	24.838	121.008
zhucheng	CN	35.995	119.397
zhudong	TW	24.732	121.091
zhuhai	CN	22.277	113.568
zhuji	CN	29.719	120.242
zhujiajiao	CN	31.108	121.057
zhujing	CN	30.901	121.16
zhukovsky	RU	55.595	38.12
zhulebino	RU	55.7	37.85
zhumadian	CN	32.984	114.026
zhushan	TW	23.756	120.682
zhutuo	CN	29.018	105.849
zhuyi	CN	31.025	109.386
zhuzhai	CN	34.761	116.814
zhuzhou	CN	27.833	113.15
zhytomyr	UA	50.262	28.679
ziauddin pur	IN	28.709	77.277
zibihu	CN	26.114	99.953
zibo	CN	36.791	118.063
zielona gora	PL	51.935	15.506
zigong	CN	29.342	104.777
ziguinchor	SN	12.568	-16.273
zile	TR	40.303	35.886
zilina	SK	49.223	18.739
zinacantepec	MX	19.284	-99.734
zinder	NE	13.807	8.988
zipaquira	CO	5.022	-74.005
zitong	CN	30.178	105.83
ziway	ET	7.933	38.717
ziyang	CN	30.121	104.648
zizhuang	CN	34.362	117.488
zizkov	CZ	50.083	14.45
zlatoust	RU	55.172	59.655
zlin	CZ	49.226	17.671
zliten	LY	32.467	14.569
zoetermeer	NL	52.057	4.493
zografos	GR	37.976	23.769
zoliborz	PL	52.269	20.986
zomba	MW	-15.386	35.319
zongo	CD	4.343	18.594
zonguldak	TR	41.451	31.793
zory	PL	50.045	18.701
zoucheng	CN	35.401	116.966
zouerat	MR	22.735	-12.471
zouila	TN	35.501	11.061
zouzhuang	CN	34.6	118.05
zrenjanin	RS	45.384	20.382
zuenoula	CI	7.43	-6.051
zuerich	CH	47.367	8.55
zuerich  kreis 11	CH	47.423	8.522
zuerich  kreis 3	CH	47.358	8.503
zuerich  kreis 9	CH	47.382	8.48
zugdidi	GE	42.508	41.868
zuglo	HU	47.518	19.105
zumpango	MX	19.797	-99.099
zunyi	CN	27.687	106.907
zurich	CH	47.367	8.55
zurich  kreis 11	CH	47.423	8.522
zurich  kreis 3	CH	47.358	8.503
zurich  kreis 9	CH	47.382	8.48
zushi	JP	35.295	139.578
zvishavane	ZW	-20.327	30.066
zvyahel	UA	50.591	27.609
zwickau	DE	50.727	12.488
zwijndrecht	NL	51.818	4.633
zwolle	NL	52.513	6.094
zyablikovo	RU	55.617	37.767
zyrardow	PL	52.049	20.446
zyuzino	RU	55.656	37.568
ða lat	VN	11.946	108.442
ðong ha	VN	16.816	107.1
đien ban	VN	15.889	108.254
đinh cong	VN	20.984	105.827
đo son	VN	20.714	106.789
đong hoi	VN	17.469	106.622
đong ngac	VN	21.081	105.774
đong xoai	VN	11.535	106.883
đong đa	VN	21.013	105.825
đuc pho	VN	14.814	108.959
đuc trong	VN	11.736	108.373
łodz	PL	51.771	19.474
łomza	PL	53.178	22.059